7.308781907032909,4.100808114922017,2.077148413097171,1
6.588672394716129,7.107396275716601,1.5273620134152177,1
9.398653887819098,9.471949176631938,9.370821488959697,1
9.139628760146802,1.5933955153907886,3.6900255838757188,1
1.1596708803265776,7.705358800791777,6.5989270869342,1
7.6167469290199925,6.23972537215988,8.7926296435219,1
8.052277714737137,0.050251759924525574,5.231351557883331,0
7.050099543038414,2.750299495716141,0.7538779891363978,1
5.771002613742765,2.0491354575856158,6.233638106316658,0
0.012985767526091374,6.835265034592647,4.862595823117322,0
5.403970647837965,9.738340099187003,2.454265535812956,1
8.456556680441219,4.065408324004243,9.498398487740127,0
8.89908751655377,0.3832689331927541,5.923792438629388,1
2.2880198240040297,9.918821104239925,5.8624839759353975,0
2.0673750736050733,3.7464950029397013,4.633497875694758,0
2.9073219661731207,0.5144836759769278,1.8354019521148224,0
6.304048639228538,9.095840355890243,5.076599160699481,1
1.1667030198550488,1.3683046859641235,5.460894065696358,0
9.624145927337464,2.0949273346356434,1.7264882091400524,1
8.011570655624329,1.0984105747663708,5.187868593512572,1
6.9900662243448055,2.0463555220568552,2.549094512998157,1
1.7437109686467622,6.9959157680128765,9.289718539061933,1
8.363149477563287,1.6310352738831468,6.374974298594064,1
6.544260178683681,3.7287330937352725,9.105662089639498,1
7.070442260539652,7.233716462158025,5.094929196703692,1
1.3961380948493218,5.965788023259455,9.472601685521136,0
1.2367122850292422,6.169513867462899,4.818623552605982,1
0.6344924296656074,5.908697996753509,2.8400916742442694,0
0.7302602021384397,0.7404792727334575,6.79935420191025,0
3.533391893503619,1.5497499480308297,3.6677131584023357,0
5.986324882746571,2.9209341135625424,8.764426533244832,1
5.3976186250497,6.418366935224562,9.706215451850492,1
7.298239289350995,8.867444223713157,0.43702698296824716,1
3.3865529093816504,2.9912625107055835,0.8425210509432035,1
7.638204881746642,4.2770008141825855,9.991834307905936,1
6.304712233889196,5.52807920683817,5.434191027585561,1
9.072811901181929,2.4648563130230903,2.484887670873126,1
8.540497770565885,7.777116836210353,2.164066629919823,1
0.24472129835244494,4.510085026154496,3.6913431550132705,0
1.3106811310712574,0.420465272087327,8.242939221199226,0
7.433696227652655,9.291026104275344,5.898935294704389,1
0.0835172996654876,5.463739748985185,8.355200336349425,0
8.805986697893163,6.3040144078499125,9.288937133245545,1
2.5596265129217874,2.4133557316110443,4.242532408562106,0
3.786228753606087,7.866092457818081,7.127521677660935,1
7.975630575736324,5.270359371612791,4.17635400841109,1
6.670733531962961,4.26443047409429,4.005571613130963,1
5.472240204409619,0.7540757602088,6.511446583668766,0
5.127188233824031,4.786758722065944,1.3116881312494189,1
4.496849096485467,2.678978546190441,9.478478389840674,0
7.77950272380208,2.88100716049866,7.813547336294311,1
9.657951145846166,7.803252822027568,3.1702489324184135,1
1.302219280116259,2.344740875050564,6.560824389883995,0
9.002531402702127,0.3589487448776152,3.76426323060411,1
7.237512084322349,7.76990965679351,2.4227614275862077,1
5.690815813063681,4.54069239343572,4.6973505022994635,1
6.379468960547,3.033671447590315,0.6539702112886914,1
3.3506904939437954,5.793621872241996,5.2139673089945955,1
3.7194051348653154,8.571270426792013,8.070763655241631,1
0.9932129480311946,6.798073356207139,4.161747197774837,0
0.7436137629811046,6.09141081433683,1.7866235941017028,0
1.5354801279535624,9.30341367092405,4.595105516282981,1
6.912259325002928,3.490107239093957,2.281355022594692,1
3.3793499461756826,8.337981821580206,3.882611172635725,1
3.4898138772155587,0.5309346425588812,6.061902042033665,0
6.615555820426838,8.852840568088368,1.8916682818520114,1
6.864305832800729,2.2457387021115425,4.445994347448496,1
1.0593599125441477,9.834627160265091,6.010313677179441,1
8.15770241451412,1.5557863513492431,4.534042358503293,1
8.912893764628846,1.5615289691476886,7.461969601409884,1
6.961128822508109,0.9487740515771204,9.588080550158974,0
6.775947514712604,4.540749502885464,2.7458499449969507,1
4.699535995042926,8.196823891995006,9.6909724727718,1
8.717937212122447,0.5175247805161054,7.261926054063936,0
1.0037536978542638,8.189424032001662,7.4785980727333765,1
2.264570758894735,4.613744283621424,9.307334603187682,0
9.451020901929118,0.2757389059275095,7.469231770524976,1
5.005414178749712,0.9658143064168878,1.4435450672629846,1
8.187796102262062,2.148099347753689,8.337721028642607,1
8.264130598391663,2.981653916313094,1.5886449518476242,1
4.613827089519154,1.1963981246009647,5.105833271180019,1
5.670332023034996,3.709958577132386,9.341456199883872,0
8.82235198222148,8.799772068792894,0.6045988412760983,1
8.070985709019489,6.609951737913598,2.855527646162972,1
2.929819962005631,8.855046786130782,5.443435774165437,1
9.857786921121356,9.458034984369984,9.471917158334609,1
2.4928496501916895,7.966813038398515,7.079271000862475,1
7.181457847851505,9.030188632321954,4.251469147146576,1
9.611818478109091,2.3811349128998858,4.53188192034624,1
5.499313036463914,4.547298864844947,7.261179669683916,0
8.64376433147161,7.989181522497233,3.4978060673208544,1
3.3072236019363945,5.052657191748146,1.6459819868017034,1
6.696159391389869,5.17706382941291,5.543976034553895,1
5.1923551232147345,2.020534004643201,3.4593908687341477,0
4.783721386416097,8.752899735987773,4.124412921387338,1
5.218259190477532,4.341976070558278,3.102072663046397,1
8.519218162609063,0.4913385234394907,8.898258680169368,1
7.171533347956699,8.270075364422345,3.84212480211672,1
7.714686576756621,3.593386447515857,6.031252520178065,1
3.057186399674724,4.715444875428879,3.4616879608455364,0
6.432766185523678,0.6780052697125838,6.027195010504439,0
0.01799710549873823,2.6258700956375627,3.207672378971113,0
9.344963074024069,1.733910707046602,1.655576541542202,1
9.40861746610139,0.951421370580845,4.085747423621271,1
5.819829326567416,4.477217800174952,4.1350888270193265,1
5.727322052251641,8.39831431393784,9.791671468082097,1
7.217686739169311,7.214348251941366,5.21093845119918,1
9.272796027098238,1.9848644347406785,0.3206290081655272,1
5.330504538112962,2.6773494080453997,7.4643553873209845,1
5.191866616300774,9.395372795926164,7.082503260862554,1
5.296246866520944,7.2135647982155815,5.289676136313823,1
7.803625719542454,3.6292994554808358,7.8210589186792525,0
2.6217089051868148,3.937107554939688,9.658499257329497,0
8.528790547152974,6.0607838585689855,9.26592151477449,1
7.688143887265757,0.9907626719226559,4.201451916403886,1
9.189948108139157,6.5023473650952015,2.309401828969305,1
0.0705024322089165,2.3741816496320878,3.620936740897073,0
4.072296814166157,2.7138687086296676,0.8841041086713675,0
4.720549021179022,0.8065270263659219,5.389938651852385,0
5.192339993959397,9.342861934596561,8.906263942293558,1
9.47067959880486,2.751385513187261,3.3851493876505154,1
9.414138177085075,9.343244957879149,6.08500565895806,1
0.43435042070922525,2.791236550157686,7.768110196253884,0
1.7461078751635106,7.182658935051479,4.883719773852361,1
4.868691581400654,9.167131353568266,4.716734811226279,1
4.379751357610284,2.791972684270252,4.478554300599463,0
4.437553346266209,0.18396287762270203,9.592076508355186,0
0.698730367058441,6.25956146413042,8.970780911568768,0
4.918359513022691,8.508216275886507,1.9637117894571332,1
4.122107561276946,7.589487177833049,9.11663950412753,1
0.9211602615295178,4.264645294272059,2.102845369480859,0
7.504614740649318,3.6095583062390793,6.425044042136294,1
9.623710093623833,0.44188841083690256,1.7786127395043716,1
4.048723537185194,3.0989791721585593,3.5774948199805245,1
8.227389827316095,1.9606644969043951,2.622378210397611,1
5.733335218509955,8.026511037243376,9.56271100099609,1
4.503830711608291,4.272329441204111,5.193948213002594,0
1.6103112734575808,2.8643142638632444,4.259271686359881,0
3.8764033804338127,0.05913170164269621,9.081138228865418,0
4.0849013468916615,0.694100345382469,0.7429788735380449,0
8.179828428638071,7.894103336576885,7.79971268183883,1
1.2069929545770608,3.20852827896113,6.563312927613545,0
0.5773993228675156,7.450253028204447,9.534118642625213,1
9.61620180006584,2.0363148713877646,8.707560860438548,1
6.49751467314173,1.6406191780526103,9.824722374481876,0
1.8384106568896474,0.25053958284097955,9.059668067985298,0
7.115609604188662,1.3356614489950402,5.514879594708586,1
2.7794730322620778,6.05328579472981,9.300959846636799,1
8.62475949901677,6.816817083468104,9.358384873199263,1
5.459671173755193,8.905862211050836,3.454229368966452,1
5.729698409313607,5.048158077666062,1.975024939824983,1
1.213098826643887,3.055911497104382,9.904944042652753,0
3.382782939863087,4.858429856148467,0.0805007149256931,1
1.2218968222754811,0.302439686512489,4.290805064199491,0
1.7544140930597707,2.4540068285954053,6.921118011320444,0
2.907639787050381,5.826525495660741,0.2181488090830075,1
9.38791489544405,3.5803781304628144,1.2270489981648192,1
4.383982029368994,8.899630903571493,5.988473090423083,1
6.949890761208142,1.9727850544391745,4.0223549373369485,1
8.139867823452253,5.948599605471028,4.449193583595067,1
1.6152792093097845,5.0379709862392,0.36159244574331395,1
2.2844913656061463,0.8160046255607334,4.7944497062812585,1
0.5893456450542967,6.398476794183242,2.7192306506143407,0
8.512623758455915,5.594652194373938,5.563347806814915,0
2.6878773097008124,8.769147706796529,6.315651897870012,1
5.556733347985416,6.162840472049068,4.379000193741026,1
0.517352547113149,9.00347956045428,4.483477570430564,1
0.4901761569354224,3.26042102678291,7.266446278198977,0
6.701884266609721,1.22538187840041,9.596579962395817,0
4.046944246938907,1.1017154868842893,9.558826086455092,0
3.9765264802131672,2.137670559694439,5.599131484955855,0
7.252815326531689,8.700982647755842,5.107127701378353,0
0.5985558055055706,9.113113991941288,4.046340063398434,1
0.5399609606413291,7.796685374469567,7.549970129644282,1
6.955100261139812,8.699603676053085,6.358671212329839,1
3.6298223530864226,5.170598190400466,2.9549080575862643,1
6.080708547033209,1.205545513039551,6.696103545357159,0
4.387277364843739,0.1584705527643615,8.35528295574455,0
3.5241403205993493,5.676982414644412,2.070710409005639,1
3.7695845440782705,4.596190625819893,3.5362613408404275,0
8.661701576376263,0.46386348431193936,1.9454196703065907,1
3.0412335562539115,0.3676404051136062,9.613468235745517,0
8.472319467898354,0.36824044998642225,1.3991851646773668,1
4.376138813684466,0.7217351566484587,2.3966471652673005,0
8.660449648669932,9.513828264171822,2.4653551585798095,1
4.992285273345878,0.5476689561197778,9.298889629722979,0
8.338353813875617,6.064538108627783,3.909773473984771,1
9.433201966945575,4.838525839652266,9.15994351476024,1
7.569155789446419,6.61319290213685,7.865628414768424,0
8.943625264800916,7.912333760796666,5.979719874677128,1
6.485221319908022,3.768747600206491,8.367435529927254,1
6.843920944924097,0.34900954857348343,1.178401109852315,0
7.191903634875389,3.141502235037683,5.17834846250365,0
3.5923703944800147,2.3543573970157414,8.42640608759238,0
6.42370479947377,8.050697219680318,1.358333559033087,1
7.175054688677056,4.078171581016122,5.350164665777035,1
4.971413211443487,4.738963382042333,3.8161971854100196,1
1.0663832241780091,7.2363593951071525,7.816313984242111,1
6.4119619666293834,8.200583703701623,7.717537102042829,1
8.389710196663737,0.518596417405961,9.11552940850721,1
7.896377671063152,6.8766823136074695,4.800232204607106,1
6.931556297853252,6.397728444206617,8.80108824373081,0
5.137798692256847,4.478210910203576,8.517180705974353,1
4.108494007593037,7.739306383101805,1.3590028641889285,1
6.93978261625237,7.686637329454689,6.880133262067475,1
6.370821297822433,9.752327627690509,3.581716586530843,1
8.7049467071756,4.216531340452198,2.9631999613429096,1
2.4241446030365177,1.7640809562498139,5.41737800436982,0
0.9651955257979183,0.11518957066299018,4.564615644666299,0
1.371787956795748,2.8161560369275507,2.7573023178597476,0
9.336481508278121,3.7945720451233256,9.386232598115296,1
5.822283938401362,7.185694436193792,6.743483098414879,1
2.0176287913039017,6.156255922690343,8.13760908135628,1
7.867002678998189,0.9090994407477915,1.055618148101355,0
5.28891152275464,1.7366508481342813,9.986347770750461,0
3.38747857056072,1.575633243699095,6.46396544314881,0
5.67145115365194,5.305832878691952,8.271080892517006,1
6.165393689864342,0.3023416315813543,6.688942865061756,0
4.019488208012847,1.3300543204600301,9.463255241790453,0
4.5997645365668784,6.915400404172598,3.40405042147923,1
0.14188741814419759,0.16345370283433636,6.89129284118051,0
7.705274333469351,7.258281063063935,2.6734306851154277,1
9.215758219231779,0.8089930397096479,9.9636416618406,1
9.896271775776555,3.4502345547324387,2.7830427631706076,1
4.899609031812223,4.962172238046825,7.263756956345835,0
7.25184767049305,2.602034181266487,3.26415991566688,1
9.897892719862565,7.174386474792267,2.704109193900266,0
9.373482105514558,6.777484932085768,1.2055836722747548,1
3.9992438132249317,8.87942506501886,4.803913206436768,1
1.852742017580895,7.385702903516258,1.044508515995931,1
2.4271955493017803,9.67131028092066,9.449425179437135,1
4.969632461055356,2.952258687166168,8.623216503057417,0
5.900510098847382,9.377915589679509,2.5850371814050446,0
6.944740247907777,2.4151799853522373,1.1149186558358293,1
5.353510038714654,8.611959348166765,6.977766098449948,1
7.969182917306635,5.338309118190473,7.300280785574832,1
1.6020685679149838,1.1285923113513652,2.810301185484242,0
0.3582876675361246,6.3047478523608635,0.29343918995173635,1
2.033814371168927,9.113701724540881,2.452429208069673,1
7.3312888007957335,0.8622261983872348,1.5129675438125667,0
7.018791624224882,0.8256680223173574,5.26922129743488,0
7.07212826944887,8.551248441063755,6.903429721686106,1
6.746736966112323,1.139923175293428,2.9169098916556315,0
2.1247030465487904,8.347333319847118,5.609624005595232,1
6.027414525516372,5.434052836683153,2.855606067097256,1
0.5007417187194274,3.465027674595429,2.3110113915034667,1
9.474308630012114,2.4253376711538257,4.0799084177236375,1
5.059160950331116,2.40757277368832,0.3770360544525264,0
4.016683618319018,2.0988389263649285,1.1490683029868365,0
0.018198383116141414,0.09086761435049606,9.208505741521606,0
0.9531382069579186,9.095475912478875,1.2700200381318671,1
2.888428898082412,8.762070057937212,1.448033990275861,1
1.3580674951172222,8.54970488972376,6.6383324350676425,1
3.093348666609498,2.2740563681978463,5.136232867364614,0
9.311125007247727,6.429106428408069,3.4967049566231845,0
2.3169862332136337,0.17277386185081345,9.15078786449142,0
4.432596620233432,7.774085279486408,5.89394855162075,1
3.686450810860059,1.3938002010246187,7.903412344521498,0
9.370417123853095,4.858107406566072,2.5034123905938,1
8.308647723253623,1.9891107396160035,6.983706200273925,1
2.8978645498675224,4.904288343342875,4.60130869970505,1
4.8836684153165555,3.961201082323915,3.5130448347810272,1
5.2489113789475965,1.2662324045091966,5.558065637431538,1
1.5529517963152262,6.57720209502145,8.389813006218196,1
4.164870792162189,5.526752605673795,1.2814889270855823,1
2.664369217544462,4.068673072494214,6.612799890933073,1
1.4362365496982932,4.469506648874039,9.481785828328835,1
6.819240413088858,1.882913785932927,6.1325167379295635,1
4.704181784505899,6.306395789670515,0.41563362202368226,0
2.341579505238988,0.7323398023659855,9.17512951133862,0
0.22969901570390028,4.68861785448392,5.52386811064249,0
7.38816945500772,9.787592418994075,0.11615351841148702,1
7.160506306615295,2.224345239765891,4.925303769298706,1
8.81681073067886,6.482771846690854,9.439817025722354,0
7.933687934064627,7.328301792010519,9.57341043803021,1
8.40881695164146,9.616304714162077,2.568774675149598,1
8.388703446017072,1.6208484928035338,9.142118542281116,1
4.169064706552515,2.47028772757338,0.6094905326920697,0
5.163848938902826,0.6498606133268092,9.748235024722382,1
4.443225850626381,4.598015477662624,1.0741919331241612,1
6.715653149659646,5.3531466883729,2.8396132275351693,1
0.17011548091703688,8.04059867388829,6.445522093020988,0
0.03502409934864281,8.368747938570145,6.481160934733163,0
1.5295320320718186,8.79640989760264,1.811986716475359,1
3.983287642919122,9.92564658106881,1.1316810634188135,1
1.5939696276015236,7.730202087129917,8.934237872641559,1
6.998353010630244,1.9566086664791538,7.162347837904882,0
9.563926604082543,7.163775070728971,6.6883777222734135,1
5.459083370714306,4.600678127787572,7.317245682834016,1
7.271202895384661,4.29778023908603,5.3412264528006,1
9.145614328122301,2.8219390187091884,4.49318483147941,1
6.758455508544442,6.147005438602569,7.811695086125394,1
6.450945598273475,7.895041919665932,8.540612472652084,0
6.9259499902439545,3.460810942060484,8.098282348612393,1
1.404173125580347,2.650109557636519,1.7295999133616635,0
9.307746883507612,9.516653416961683,2.3216081815763134,1
0.591832226863197,1.1217677587919728,1.6307342827546933,0
1.215682252342073,0.0023090728943020444,9.52041423418176,0
5.1588942160191875,6.285063681780873,8.677069049658435,1
8.46852343684886,7.713031705253638,6.102834414256155,1
0.14265342721800245,2.8281069281192703,7.08858033161505,0
1.9563286461257967,8.751453631525766,3.870406506272712,1
8.381869923901823,7.633520470355155,4.851051797770284,1
6.140389299137945,6.517455626522823,9.92721799128141,1
1.3956384501358787,3.1585811113714968,8.03691161932355,0
7.236276173949594,0.3679868990238788,4.910407201293213,0
6.719422286284696,6.388686053351541,3.8089482050581602,1
3.1977225968279455,5.865287101394474,9.441949436723773,1
8.158919330772616,6.853496904378996,2.3766933692872594,1
8.574608885817511,5.961563131508875,7.032448746324873,1
0.5398570301119554,4.843744120829632,8.935485352260933,0
1.5672432790658442,4.317808107672051,6.869176658837758,0
7.399774219579955,6.265038568700789,6.473614235876045,1
2.12761842247164,6.285332107971796,0.16494767002495414,1
6.514972940035318,6.853983481895655,2.534074660876123,1
8.024313317024285,2.3930846762623914,7.860002248678731,1
4.170736244961564,5.38993672536629,7.709902623871134,1
4.452896489643852,7.8333559529960475,1.8260946757661878,1
3.6921914209703885,8.98726379890342,9.022180388999095,1
1.3874253989990892,5.50669050109733,9.554230763987327,1
7.910301649814667,4.403624339601971,8.18281149308493,1
2.855753346050298,6.763101569292271,6.4474015008500585,1
7.479935166768864,0.1713215757978126,9.3979513138177,0
4.062529370099996,7.669915247030752,3.280389076427579,0
0.7877460628228006,3.9282890190054562,8.932462902583922,0
6.815507282841625,1.6201440281198964,1.0250475117585478,1
7.752889588657215,5.51764772727158,8.45586049747215,1
7.408479591508779,1.9081922804921059,7.576369418624299,1
6.857753771378694,4.637672640133435,1.2776758291165136,0
7.4604313580244686,1.6689726939493787,4.470283906979159,1
2.091102518155493,1.5085088982963735,1.9672019460809531,0
9.187337243695978,5.261930325077614,9.251179818977675,1
1.0321474182576806,1.6248868998590604,1.2871429398214762,1
7.164547203855508,0.881813427882745,4.014103384202398,1
2.6713367342804153,9.128100726681815,7.162092001311383,1
1.297696813836361,1.4754987289959631,4.318132598821879,0
1.1086832301625194,3.0347919642693624,3.9918137625878156,1
7.805556670179511,9.800814817096946,7.560340378917254,1
6.673278497230012,3.7715177572009018,3.276936927752435,1
0.27847680442811606,5.4213225530038125,8.928479572810783,1
7.885088128403197,8.057148176008686,3.7483109012093063,1
9.373269232778993,2.4056653180170695,3.9539291474179827,0
9.358437814074808,2.5656426923900866,7.05773823960701,1
9.771412563055437,0.8921341973317665,7.384921216544581,1
5.51348062883438,2.727166120484438,6.007081643004475,1
6.867916079527166,1.4703762633000106,0.3094218779973179,1
5.805940862536189,1.9924174232404135,1.2964460605097416,1
8.643146329064997,9.666446534618894,9.223208468148941,1
1.2179735325536378,0.791307366073194,7.655988045881977,0
2.787526569434414,9.70494848440176,4.495106427172912,1
9.195729965487592,9.044196203771888,8.554907869065987,0
6.036525555745682,0.3449956547472566,6.867609593101266,1
4.027314369698632,6.842050291395272,8.85211327734056,1
1.0765738101227473,1.1191010388432998,2.849911120281663,0
8.533544155330558,4.408713821568356,0.9976307627407188,1
2.8333346924087377,2.0977887253299645,5.986476845133302,0
1.7043417184044718,6.1484389497250245,8.792408844139924,0
0.8916580716645561,5.729055378210792,5.577266692706237,0
7.799763825868858,4.942069704830229,4.9781574054307836,1
0.2988751821464719,1.4747354502337073,1.2354009050035464,0
3.242999489992849,9.220859502255642,2.896887408319193,1
0.7250931478249423,4.01117859227114,0.9594734864328869,0
8.130861927290855,7.725250150202406,2.9406655185377217,1
0.8179457522859113,1.2336614456013295,4.259137466080363,0
7.528641915545324,3.7287690183379296,5.29458060375691,1
4.698658077916167,5.788497046009611,1.6089139496162264,1
9.231628226714793,8.815024681109145,8.013542778505203,0
2.2410035048088606,3.7375598679063318,9.655008665923425,0
2.614052833340683,4.487822282801332,0.939369040347402,0
8.676002729820185,1.76182521996039,2.0534224488078703,1
0.6611001339649081,5.114265886667094,9.05895593269404,0
8.40149869788522,8.971760850227827,8.948970855083404,1
1.8664712599977729,6.865597497614378,7.98579223507117,1
8.315493575761106,7.254405792498001,3.770789909609257,0
5.796583553842021,8.039319290542464,7.04443514480732,0
0.6472200298693254,8.32853048130579,5.713883594208515,1
4.5231489389421045,6.109251575284359,6.788459670160507,1
9.461695601641914,4.359179779042796,6.664000784760814,1
4.488345302998214,7.511173757679808,1.5305405330274013,1
2.900329288916521,0.7924954073604895,4.824365669497475,0
7.206518087532526,6.228989066952662,4.835968261659786,1
2.1129569091566482,5.336464944628129,1.3204104134264694,1
5.971333938625069,5.619822809716347,8.402852238600365,1
9.816779168832344,2.419969264219619,0.8943516851898881,1
7.165641246009197,6.602064801270133,1.5931966707488299,1
7.458214650921557,1.4260939922815874,4.234400593150674,1
3.267231378901095,1.7030641739372832,4.265658338513509,0
0.39386065872412224,3.5172540040637013,0.42623527376669634,0
6.617666534598192,2.2857136610412123,7.3252236566688165,1
6.595445632170957,4.174795392499959,4.5976606183695665,1
8.826557008372271,6.856500695342077,7.176378045494401,1
9.056362885521088,9.759583500018676,6.702164652646196,1
3.9697671847689353,8.005258447349068,0.9513418623294445,1
4.068141004387238,2.7434813704326433,0.9713551956160082,0
8.731543515779762,2.5838980819888215,8.620286832817884,1
1.3626461675901724,3.8195537166435436,8.400308363048769,0
2.0354215697077596,4.2457429519533205,3.4869257990559808,0
7.419588313146178,9.600478460853566,4.941103704583534,1
7.579882835982779,8.658270837784043,4.2595779711014785,1
0.380966971167801,6.6514442375732,2.0971076447893786,0
4.964608688682567,3.1206295328920364,2.0512067960099287,1
9.796070032269677,7.5197868003776405,6.103655246931904,1
6.839803929375886,1.764803349916726,5.463029850658977,1
3.2065339188231787,2.2592676395930402,4.839821134258666,0
5.550013409885017,8.486947309625778,0.34601984572503297,1
9.051642410437674,4.226027905317494,3.9219286872390025,1
7.61959363998394,3.3264354478707037,4.825136979262881,1
0.5776629801248045,5.008963428858689,7.804949952129282,0
8.133833701537046,8.859100522523843,2.258760040011026,1
7.734925887749125,3.541521349583092,1.1849546005148848,1
1.5097118295289347,0.4798454909912786,4.677812131809642,0
9.00544138315828,3.869902179249313,2.5040260428751457,1
1.524247666211872,8.24845430138068,7.345335323743916,1
1.2821087733689296,7.0212697851216355,6.187219463597012,1
5.481891520023096,3.6005960956315333,1.3137858315990492,1
6.999610035132911,6.522536640684514,1.2091612644759497,1
2.357697281584741,2.2965991372690295,8.657772891670646,0
0.3036258460565511,1.1777055586882157,5.057751490891,0
4.284635539724548,1.4170925439880244,0.577420053690969,0
9.941866120045805,7.276156582035535,7.240829387046932,0
5.1523650752803585,8.619464454179635,2.1670325750337547,1
9.232027780169258,8.21172424391907,6.7765018101538566,1
4.84466454377506,6.668164392259608,4.403398170646544,1
1.858078410130447,4.025529349940276,4.827462462205481,0
8.047730836780893,7.748507367451348,2.0839519564112576,1
1.0863808109412998,3.23644769478297,4.761436692075901,0
5.824191794626586,1.7317507245757835,7.5330017152946365,0
4.048403778269494,9.953766656361177,3.5922514942264385,1
6.791884512170322,6.5241498187956415,1.1083146237393016,1
3.588925534929328,6.205733015646526,5.035283402982715,1
3.6182537986209837,1.6842799258938512,9.216479581823215,0
7.368134921384216,7.870799315448239,7.872415379146145,1
7.018007377369396,9.314282762919019,9.164720617586674,1
8.321172611660572,9.88478017546958,0.020829593224628296,1
6.097261063774143,8.062595945850449,4.3922187157249954,1
6.375181756796206,7.565893717634888,4.399303273406609,1
1.0586004095175094,4.514581223689857,7.859970631855768,0
3.6014094624896265,6.313202914037794,3.1965725252299073,1
2.668806148958679,8.132154483849922,1.2615907979302998,1
3.879032876598888,6.5459701383061875,4.076899822545046,1
9.513816943842965,7.9239277507481525,1.7845096137524874,1
5.969724142707867,8.243264402295004,5.99262568170337,0
4.5796323731497885,3.874886147235017,8.963822179631935,1
5.2912598188835265,0.32009377135614914,0.24825587327748866,0
5.270610842874981,9.732465873027797,7.163279790366383,1
0.8399151843148767,1.2629911145763606,8.33612517402351,0
1.60237419843405,1.074560778415673,7.278077248913556,0
5.083240239113892,1.8591765445296005,9.834464670484142,0
3.6330445936045463,4.935561957011062,5.241119858994869,1
2.3735381953100374,8.854765568689688,5.6757037637357675,1
9.619782560109883,9.89238613168626,4.9890011667687,1
6.440687892505416,8.987160898560798,7.813175508540722,1
3.360458083334188,5.386803541045949,3.385250518119963,1
6.897130648693062,0.9575889031405083,1.729434490333599,0
0.36800364730729784,4.005392572647594,0.26480637439848853,0
8.548430995501406,9.818029487920988,4.761182923593843,1
0.627495180054578,5.788432476032192,4.1419227740752405,0
5.260349134166664,6.002190906859051,9.807250684044645,1
7.435138915333146,9.758093239230893,3.599930163447741,1
9.868052367575007,7.607907158905753,1.5499864939221397,1
8.84516176466859,1.5183921102803566,8.554129160282619,1
3.0551352993952086,3.522905042340575,9.648243193771984,0
7.205624090214286,0.6059174349009255,5.522441762029098,0
6.154650360359128,8.803051491714621,2.0297780331735247,1
8.760857911578867,7.108271628315604,8.809374576069972,1
5.31259482492474,5.812872541777346,8.17018229954815,1
5.937488600147307,5.3777039281498435,9.28352254867754,1
7.009984074143637,8.98620745648421,0.7852088798491141,1
3.8521325043813484,4.68345007143323,9.836561001562746,1
4.48730694643748,1.5175880270179354,4.331628562900429,0
3.6696424515425963,3.243556714699195,5.525110740991572,0
7.544263038298817,6.8028602396034525,8.258432284776395,1
8.52696766344275,8.991995431140976,4.623509015396538,1
8.644285891369902,5.237671400445496,2.028350709516613,0
6.76003612696955,9.651814750148821,6.823472349745162,1
2.6182397724221937,2.8264017220642312,4.01791963740086,0
0.5446528255741301,2.4874447475364523,2.8147384926368204,0
5.791569633009371,6.1604712285788,3.2514663042266823,1
6.101709183992102,8.521722028061017,5.861149398282279,0
0.40517697785982354,9.331887927872542,2.355827501173706,1
3.09645676459944,0.9663050808434381,2.324792489870405,0
1.3549089359840794,6.330763748514148,2.8845447428606907,0
0.4699326626140443,8.49230659062035,0.5862461916595052,1
2.23661096161627,4.820412923189167,4.216366965791324,0
6.573820728923372,8.636545756546052,4.2363338368178285,1
8.567563398507941,8.616362107670028,8.864356586215473,1
0.006213925802862619,8.597446797142485,2.3439407146433,1
4.308231058520558,9.192438546351218,9.53060846073985,1
9.861862184701232,5.319844124814902,8.833918638236652,1
6.838772890168014,3.7814685009236704,7.922308236996068,1
4.998932247771588,9.145308266826946,0.8467658867826233,0
8.598054202806924,8.124708416514553,3.04106011696486,1
7.404546909511399,7.347952855733139,6.161951523360798,1
5.353841966328248,0.7495370350047437,9.801852047168403,0
9.29963614500768,1.3292486829555605,0.6926845246167157,1
9.907522194444894,8.471405066754718,0.6676006537305912,1
1.8906922449828845,5.151129788714219,5.615822481276728,0
8.725468286116675,9.362356742446813,7.346113198585551,1
5.811155617914511,7.907595795166232,3.6170978170116164,0
0.24007744156032684,6.489489997791047,8.264054102247494,0
5.521407565007399,2.5716722419459472,2.6243034759784156,1
7.53221037974825,8.3109469499245,7.8980973943568,0
6.359964051759278,2.6008682208675546,4.91927061928919,1
2.5878389771413355,2.0779820088206566,8.4547558726265,0
1.9729163242309233,6.55456371780391,5.023404403906914,1
9.211875842459392,4.858284253224831,3.3754436902666916,1
8.250773188083723,7.325233160770041,0.6465473697514079,1
2.7555567105889365,0.8122719531619682,7.179528754764064,1
9.615852240486301,7.525145746793921,0.04025558927708284,1
7.784838424791879,7.2692767178101745,3.5887567560360765,0
1.194964628401436,0.38722692372789025,8.731250649617646,0
9.106262978656453,0.7322215408865529,0.013934948160150284,1
6.763794152705673,4.884402259176,4.402150298988236,1
4.118428263939922,5.128870033974438,4.876857381152183,1
7.8737431545567995,0.9027107224352726,4.904130150466469,1
7.402802008997325,8.085267860697414,9.513660482278928,0
5.889473148800235,3.5284651184212343,3.6813450329059663,1
0.35579572489522593,8.92764454165496,5.037365545719963,1
8.878171347019308,2.287152289187593,5.8722372420455375,1
7.4253814882021,9.605304775106923,1.3452862203599991,0
4.274911758923183,3.991643509991892,3.0200392686698674,1
2.262093101266107,5.232341201030964,5.534113460869479,0
3.3665734714373996,2.2277984470622547,3.9344749862570474,0
3.292824744231332,3.5907726716468433,6.242174495050794,0
8.578740565449305,4.051730807956425,4.510330412830493,1
4.722173020279524,1.5868629838863746,3.8550167267881097,0
3.669033005079254,6.343125598923436,0.3698809819626925,1
3.77345521944633,6.790905777154805,1.6391091854409712,1
4.6557470032588455,4.721369026845661,8.107837547454814,1
7.685809818187708,0.001549903657322993,7.059966589513293,0
8.891401437481619,5.231774976203635,8.995785697023827,1
8.053407515807079,3.7709919483870467,5.811849653547238,1
7.714818041880228,0.24744391214416628,3.63077890874297,0
0.3209686891638641,5.822833307681786,2.476549010957816,0
5.938742326859319,9.001500862473192,6.147909857160093,0
6.992269514595588,3.453049043721379,5.440739904357459,1
1.8350401067183653,4.78815428633963,3.453072467693411,0
8.918882507991844,1.1133637548542108,2.244243279408674,0
8.37051071868247,3.056654802709109,1.8435738302802063,1
7.738712053031902,8.458538179716218,6.537648660102012,1
8.97777074747052,8.039647438794445,5.473655195271977,1
1.706435839783228,6.939772699660397,5.141177233750555,1
4.165846535455908,4.037357437168732,7.382539329065663,1
8.44628983857943,4.8493731981894195,7.773134057427327,1
2.1556945570045483,6.414740710481364,7.086692092117975,1
9.765090411114084,5.530515310512185,5.611332426466005,1
3.334742372013112,4.690483285349795,3.416445614406821,1
9.809804845961075,7.1010772344053406,3.410027950078155,1
3.2876830531309595,4.077861689744136,5.659328288165902,1
4.9285980862069785,1.8426289598092505,5.9977641645854725,0
8.845812986593037,2.176345558165984,6.344892891658166,1
6.167131024270898,8.46972976370746,1.6284616871583169,1
5.638893019107293,0.8242415344329423,3.6346116577644327,0
1.125050135900869,0.22039564927616162,2.126240993570392,0
8.50907193679739,1.1587238643583597,9.510310999278552,1
3.2556176776125456,4.248373999369034,9.1973778494346,0
2.495906614410457,8.537685316783884,5.225362481631491,1
7.027163040085279,8.441163411445453,4.1147058956832305,1
8.176311569626524,2.9915875277075332,4.2698977363706945,1
4.495245973606684,2.25856341132289,8.734173032911102,0
5.952560383422158,9.818728038002059,1.8770573115297562,1
3.056623476949155,1.2681575262533762,6.741873747690629,0
5.29496466899789,6.624218296608837,7.794953702616461,1
7.355505585055347,4.892253589343265,3.566431408995415,1
2.197861142704137,6.8612641619006745,9.599917392295142,1
1.3260747663736705,3.754836122297527,6.121662145416313,0
6.83504019977541,8.436905107317799,3.0284506320000917,1
5.256122329074126,2.3055310022166853,3.180629544922846,1
6.536261073357677,4.257125544140057,8.966816331782924,1
0.6619350136103752,0.9018931936711938,9.62122062941178,0
2.7329406577915716,4.250147680801123,8.231988169425259,0
5.203699866002204,0.25975710108093963,9.96887365926875,0
3.284516306390647,0.07965480748020726,8.327528490162535,0
1.6924600965890657,2.1317590125853436,2.8451303618148183,0
9.059509522558516,1.0983379982401675,1.0534780500649787,1
3.4711724234434227,5.492339077824973,3.3665384370705653,1
2.6490727559427105,7.262925206443275,9.603207961194386,1
6.461824734656949,3.53553533601775,3.5966438568242056,1
8.390116198893429,2.1198813952161832,5.09579890186982,1
9.922598275506022,9.357040488715448,8.25526859132372,1
0.38288166643660304,4.345442543871614,0.11849870945477514,0
9.089744281663135,7.426627522054048,6.622131268072322,1
5.568275905391065,9.90413271169305,6.081838192912551,0
9.753890092089842,8.374789357875592,0.7750734608318377,1
2.3589291827441636,6.447291241496486,1.2417926726936812,1
5.678331400222126,1.7105288425844223,1.844477100312114,0
7.916308347924935,0.8845492795345022,3.379139232221097,1
0.4859748152151755,0.9463261118777977,1.377818330517151,0
7.806540402621288,4.72779558448855,7.295082781659664,1
3.6082236497856366,2.601681886844489,0.98603496043286,0
0.6306901050345226,1.629073004126499,9.822846113347335,0
2.87973782456178,9.057540294748046,4.337692416912406,1
3.6813784850329743,4.325731047186107,5.140539557160774,1
9.293062847428269,4.7801981897018795,4.856659553104076,1
1.7486280772030915,2.1236282333252765,5.382649265203355,0
0.2548282504416777,4.710487331824627,7.131355677050043,0
2.04545932629981,6.18347117414719,4.147094631007477,1
4.697399676780716,7.0213877190931795,4.115824111810865,1
0.7973064146049746,8.062235894993472,5.650528967273583,1
9.54361998526432,3.9851057959917036,6.57432139670676,1
0.20265747240658216,9.436560927989811,7.701375283394025,1
2.8840817273102646,7.331144864594197,6.582151710288173,1
0.6183021873961181,4.655788489385786,4.74261956988871,0
4.6977368972240985,9.119606788651556,0.6573601064125167,1
4.170017188477181,5.916113584974068,5.086530463104446,1
1.5528933229996567,5.7056682987015925,1.8248566523087484,0
0.44567942158391327,6.177952799625716,9.84054361835252,0
4.031687231838034,6.426134617458991,2.3176968276811305,0
3.586436145896257,2.4369928416080167,7.1617404598209955,0
7.066191064524783,0.6738786659899143,0.08938467182389331,0
8.124806937594421,5.226693424848933,5.04392012747445,1
5.324217202277593,6.961118950207994,0.3986839671758091,0
5.807391587039578,6.0725142241513,0.8052440231373825,1
4.526777048943051,5.988160327217054,4.937454341440192,1
1.376347400544543,2.057962107853224,9.734024640858879,1
8.434609317448842,7.969017782156438,2.6363115045619456,0
8.365534221527993,1.6577319577987848,7.223984544664298,1
7.869281853897007,9.26029513760264,3.2670208870253035,1
8.69121271523018,0.12740464903175708,8.49507611740793,1
4.603736469433377,7.629911087341802,9.3430597177311,1
8.569150331722339,3.898330950283376,3.891669577523784,1
7.033673415973224,5.3951057756087595,9.66141441000299,1
4.211385172848232,8.658444507006216,8.509448037502068,1
4.117340729186133,8.575399758942554,5.56454612868483,1
2.3593757671428772,1.2395615438588181,1.6811308092280752,0
2.586658306482791,4.59849147607815,4.933810480852094,0
2.700972035301862,5.361496055184355,6.910066382304592,0
1.5746594242679957,8.097022047212038,4.731354002280849,1
8.967095210950946,8.087091531605182,9.552038789277091,1
5.71598910575147,0.11713428485621291,8.0117958353735,0
8.302982489626187,2.7988310155415275,5.979936426207296,1
7.435801139265932,4.654175399973063,1.4302047596700296,1
4.934887062742273,2.055469916455943,2.505746602281518,0
8.510032569196959,2.1358083673790107,1.26935075001812,1
7.540213215999828,4.980929523849271,2.4464839690368514,1
9.966555728348439,1.9853462587082504,2.931923341346665,1
8.950109936477764,5.105137959837585,2.208492627685156,1
4.6101636710408735,6.190328433310258,8.476113780941144,1
4.252087644578167,7.969977236611707,8.007247071991863,1
7.153773010617016,8.222074698109518,3.938821437552702,1
5.143009997873557,1.1394446715207662,8.214359951079786,0
8.540137148856825,1.6688737381578933,1.7060671380772041,1
3.6309254997956684,0.15020800577993487,9.192286580586288,0
9.965935127852333,8.378011327727569,1.8953163558258534,1
6.227967235567854,7.761488710038615,4.810938644371758,1
6.721834818926307,5.434608051517101,4.933324034693227,1
8.967228790832417,6.717507696596384,3.735023673919,1
7.66372005066326,3.5079537019966245,8.730738939497378,1
2.514943286293805,9.298145964504865,9.6030628727178,1
8.921677424639833,9.114816494246462,2.338750768736133,0
8.339253374535554,5.375260049273907,8.773438602671744,1
1.249616098843369,8.869871332742044,1.5039596502764974,0
8.518751275257296,0.21543481161739542,4.701462261587441,1
3.77133134235621,5.316608765765344,4.348759637718603,1
7.461205202712561,9.451826566013597,9.892712751274997,1
0.9531123135697772,0.3364192879326544,8.871103631169468,0
4.991688215371227,8.974246887454843,6.170646877210794,1
0.29860500484314767,6.940708145505216,3.5115050712571105,0
7.879443496905305,3.147978753660585,3.6723242172429593,1
8.591574123307147,2.9448112831489013,2.2193542802897204,1
1.7647585875208682,8.976001641569727,7.809551614367999,1
1.9119222658664226,6.210869152420201,0.964436633129585,1
8.288422720376369,5.569500289029694,4.907877398057055,1
1.2832414806110293,6.292442520922357,1.6645613338403598,0
1.0874223851209108,5.260300788488448,8.703819272333554,0
3.920463139632343,2.1986807651731155,6.532966806528256,0
8.007818553718035,4.009278916968633,0.9018904484659784,1
2.21825918234427,8.021339285086244,4.704698908657072,1
4.207439708974421,8.246249500685979,1.8333446284480681,1
7.951769650882183,1.027284905507344,6.588918500995629,0
0.6682197729873629,7.741421768282838,2.488467805232059,1
9.760392802276911,2.0221174250915896,3.3055819286685315,0
6.951677324245783,2.2295837140282657,1.5947521159902556,1
0.15281812263163386,4.952061747582438,2.4491844339443847,0
8.412475203768743,5.722997677294258,6.073057123613558,1
3.1440104900370267,1.456192763117956,7.563748934920738,0
5.995148414057521,0.20170057994426172,8.876569152672797,0
7.026542831332443,0.8544259351191097,3.163190765110179,0
0.9196098306887779,1.131367297124849,4.697938375738765,0
1.3796384646036786,6.065749193859158,7.181973585432797,0
3.4972537000424255,4.455429261763123,2.494417514612958,0
6.454559905854152,5.903254244268993,3.469551052012415,1
3.253240276246261,2.8799095672412154,3.7230084163694532,0
8.962335426883119,7.430463067077255,6.987111059258741,1
7.718170640099105,6.4660206176455794,8.762790507650974,0
8.773172247902213,6.137455841013174,5.038764705039503,1
3.8504522911237715,6.1542552095758545,8.344925941114473,0
4.70940243379418,7.347963797443706,8.143298005397376,1
4.200258846582142,9.733155944333742,6.87586805515875,1
6.682113878262298,0.2469830845870391,4.9947075501570914,1
1.2927362392088615,6.815587901445429,4.039558469506034,1
8.00046547282395,1.9650015657159359,0.9350606595644873,1
0.9237051648100836,6.1584021083103035,5.938040183220533,1
4.846233190665731,5.966028886178517,4.35149358826728,0
1.1991256681708684,6.166630239913461,5.745534600872778,1
4.160338807008793,4.865551775940155,8.72753133626769,1
0.5555999915390175,3.598766692853502,0.989821884101304,0
2.965380889286753,5.172920615024563,3.236342651659113,1
3.4832465087598896,5.2277921884020255,8.82186201473514,1
9.363738146496924,4.3216395459466375,1.5113626196222218,1
9.259170997210802,8.435930498909665,5.499851221128962,1
6.096967354153891,8.291688290781238,3.5093509717112905,1
4.11937397457248,0.2025887216780431,1.5900991684937038,1
6.744959584893474,5.217269345508005,4.208459316522238,1
9.485729555709039,9.256171905229012,8.540617399100373,1
5.472479415212993,1.0295903203469903,0.1473354071935573,1
3.7353879977625715,1.3185136809736586,0.6603203667971747,0
3.202993940456229,2.744015271936895,2.3954678429112786,0
0.42542466597373374,3.440537680492164,7.455174973550033,0
2.9009648114635067,1.3259205323697631,4.134685727239623,0
0.029058595711318747,5.526569776300722,1.7576275286108134,1
9.384831215000256,9.410841548868191,1.3829339415486896,1
5.252380914895744,7.979771583406223,4.19380494917886,1
4.140135051020495,0.9368432044150266,3.796702729297048,0
9.893438446796408,3.6627709372854578,8.898607408055515,1
9.532323683943698,6.876574081649193,3.600844789572051,1
6.592167445342186,4.9839801583898105,2.8116159298720866,1
6.9740455931850045,0.9891697323486448,1.8112372904251184,0
5.911139751078773,5.370140169495558,7.469953431772912,1
9.160059205850487,0.8609235916339653,1.261262796772643,1
7.610493837528556,4.951808638580097,0.7473438373574426,0
9.893825464255793,0.5970908043182577,8.427323183766395,1
6.678483345981921,0.3206917054385394,3.958324994233248,0
5.106134846806016,8.27256652468136,3.415097967213061,1
4.336028611776722,1.165603935501378,0.5458632220355819,1
7.55689463840736,1.0877503058864857,0.6834524634985062,1
0.3602784006611104,3.7530989762693556,9.163952113987456,0
7.421160220158444,6.657791581084426,8.255639550439618,1
8.07048013092391,3.8239834637774894,6.456580779453449,0
1.0165548957185921,9.205864305723507,4.225435296569657,1
0.5343812813745197,3.961376969969849,8.061866375423252,0
6.233650948367475,4.161638371246492,7.152916833020745,1
4.507514302364873,5.416487930706252,0.8701597837272446,1
9.077520045132987,1.8897424197547996,1.340420681534189,1
5.3110354319924715,1.759939282191838,8.884007258115792,0
9.396323939993984,4.040053815919649,8.080664179614768,1
7.199431232227758,0.06039371661296866,4.598884402866221,0
3.1474004890821963,3.7001698484840717,2.309411775034891,0
7.922874525075382,8.95649376339297,5.281653415745148,1
0.9655997641779512,8.09487188383073,4.315788727028165,1
7.716214832992584,0.19988418460078372,7.532098082237684,0
1.3166190078455098,8.952589747254505,9.489002659575714,1
5.463720804700582,8.05089865315993,7.858242241985257,1
3.8274434825855286,3.5456869414081984,3.386648042590694,0
7.893824143070026,8.323952143923417,8.897014270806965,1
8.90073304526595,2.108490443840836,5.611335877425557,1
3.6629967632713756,6.5284962303204175,7.173985380424098,1
6.831979706273595,4.21990242466655,9.902796317254957,1
2.3443630030504448,8.771704969154817,0.13498736451223126,1
6.704456041300465,7.424262498931258,1.6804965369217628,1
8.941520718756504,0.7325399167672786,7.220854456831787,1
2.256198516356853,9.544213346592448,0.14053089860454615,1
2.4957345673755924,2.8109997263324837,5.891011843552045,0
5.294285704868179,7.479182816918185,1.1784169327277927,1
4.396262898944694,0.1028274974415655,2.0233161923685694,0
0.24144223867783032,9.761000508832922,1.954718944944407,1
9.157044779032768,7.016128272316378,6.655487602791056,1
2.6688645313318835,7.596491652501651,7.802450823963688,1
6.667613558937614,7.996003583580139,4.579225434911472,1
4.856852262194163,7.7688593578066145,8.950884511906565,1
5.5015212869957,1.5189201513772976,8.756592387163245,0
4.059007383836452,1.7644034363776662,3.962301660351696,0
4.182945716337379,0.015410087162984754,5.927860808329869,0
0.7719664453819208,2.7887756124488208,5.93903736689096,0
9.673063036319967,7.420230795137868,6.462162009196523,1
9.932509151222131,5.232715254728793,8.18199657394296,1
0.3435604500620004,1.1517762581565927,7.298301778276258,0
9.1753248659525,8.071042445689603,3.9026164219127155,1
8.426396249267752,5.949136789697864,6.4137328349777745,1
1.4759036565876205,9.124592858665917,6.392847244988554,1
4.596084529040345,4.666182316417123,2.599996332611947,1
7.8891383866393925,9.561422768935428,7.2963433820428145,1
4.4936563696200675,0.7378761128936084,5.203048062510462,0
0.32355523800754793,5.125023397361083,5.96934223055965,0
9.740333570119027,5.8480254985162965,4.986074932550826,1
9.784490216639524,8.910556335206614,7.023623476854793,1
9.140247249802751,6.702946721861704,7.052345400471859,1
0.6448315776330071,0.39393296885240736,1.9489449269264303,0
0.4786861552477806,4.086394563963344,5.835021083072359,0
9.122493836957943,7.604197574789411,6.369033656591322,1
2.756984467459774,7.8169192855771765,4.932307166805579,1
0.017406423904071655,8.453527097288706,2.97983402198979,1
9.280928785806868,5.355250050136463,8.712809795368043,1
0.7035353004413059,8.073334281269283,9.249794355301722,1
4.679539390121363,2.8202322487870934,6.422629687131698,0
0.037484853052871525,4.910088009176144,4.542494287768592,0
4.765915312910361,1.7018296544435407,4.119390544007851,0
7.412022450433616,7.266075938222731,5.021072432651209,1
4.794488919179935,4.425117244493407,5.785459710556405,1
6.168194408893326,3.828216331440238,9.370254934302192,1
1.5985794746954185,3.83320174670545,2.9830090659508937,0
8.45461153407042,1.7746898336879124,8.686391053634084,1
4.16706547048155,8.541163235452352,8.39590699271329,1
7.82156780980757,2.561926886506228,8.822643197872276,1
1.4478973197031653,0.8260672203955199,0.804648963151291,0
1.2060692634281756,5.752312367873754,1.532982456852745,0
6.910942806602611,5.708960157661491,9.389666725016458,1
6.617210750541086,8.387512995567315,4.409798470122049,1
1.897173892468359,7.466737180681885,8.402919645638466,1
1.8429015762397039,1.6594474553326355,4.082987407831879,0
7.035775882836358,5.438582361098854,8.397433533717193,1
1.7654225357877718,7.746815744107105,9.485929227138687,1
4.860082589813928,4.107363078616201,5.6658358289176896,1
3.948512128541127,3.5788831267865095,9.819130726644087,0
9.993208811490696,4.155968200851721,9.009978273754204,1
3.7814951030669377,9.009368851203778,7.178420459517161,1
1.5205512672899024,7.265456780440075,8.347721177427113,1
4.946609611361717,6.251395191521839,5.745780726646748,1
1.2548697673323461,0.5738457071268399,9.345898842728444,0
9.542140992507,7.954461403013734,0.34396628056362455,1
6.036952970798076,6.779668696272491,4.493235548520964,1
9.837235663942959,4.029565817247784,0.6647487666369079,1
2.37342192318731,5.604826411952507,7.184412024723425,0
4.929304229956962,4.5598922916226545,2.285035986925501,1
2.154932668904004,9.16770108859283,1.7313611239774418,0
2.391277406354051,0.13299884528626627,7.605230226128951,0
6.695779085722889,2.4714665498347266,4.705017923628948,1
3.949458663101575,2.9071756397791404,6.253843765420211,0
2.8511749223957663,8.132767956608834,2.6339122302027738,1
0.16756032016058686,1.5186641698074677,6.51803540532064,0
2.030523745316839,1.9590592231340098,8.290186689716156,0
1.8402017576011775,8.161137370604646,6.64529752416203,1
3.543820878770302,4.872663800241801,6.218333211393673,1
0.7582213838231266,0.5523441277957852,2.8386237523907374,1
0.152636128327317,6.287991169877146,4.160826699032857,0
1.9464897319300711,5.586823032798021,3.057415968849191,0
0.08413716729629872,0.11846522050777741,6.104550564207427,0
9.19342606687377,4.772165787208341,7.398065772648479,1
3.809774650109029,6.808771377591716,1.1103854042678207,1
3.3260303295674554,3.7038165953613387,8.993450906069699,0
7.487279724430124,0.5450996013961085,1.890520666171398,1
6.939770231335061,7.25777800460814,1.3163052893098792,1
0.846261946090916,7.5681095758509,4.2839962581239135,1
5.480635286288404,4.0666020401153276,2.4041742553605037,1
8.435133008985051,7.449204919339191,0.039702883872961836,1
0.245773389145858,5.437375445441154,3.6921293607160277,0
3.873069683712227,1.151315613481334,5.0347746909132765,1
4.25503499859135,3.262357045042532,4.125037372735898,0
9.227583149806925,0.1952936340703515,4.493553918927295,1
3.404378740564008,7.151743924698575,0.19694796857065877,1
8.49267212775013,0.436087657038321,9.319679596388777,1
5.8377529358124765,2.8412039256780686,9.748417908592184,1
7.775283259828846,9.922462597354352,8.819617695986024,1
1.8417024542049432,2.1158358737265126,2.0165101474914957,1
6.063595808697764,0.8255672362421551,3.0304637447798957,0
4.5749287114541906,1.6888406816978063,8.87696943358101,0
4.0908020108374465,6.132673043873071,9.9359638938348,1
1.672582717361426,0.8338174020870204,9.241385282463376,0
0.20654427629362426,0.9631795684188948,5.968116240202716,0
1.6959511945710537,4.311780439081195,4.914943969527641,0
9.68861172188128,5.018698990670902,5.239406580168463,1
9.699631022922892,3.88661652372269,2.902607149639719,1
3.2765628725715956,5.1358236883575685,4.957534051107594,1
1.3717028647123264,1.4690259459432475,6.548779178863647,1
2.4589742988651206,0.42463900706801727,7.700735024187592,0
8.830147735666696,3.268963569468437,9.846164628932778,1
7.637049936505312,9.781763057390332,0.6774134803484511,1
4.198129797916708,5.232546210353274,5.418501156270588,1
7.516530438340261,7.072615811920939,7.536383045643982,1
3.9448166598003773,6.146808562878146,3.845689842118589,0
1.2734491608822696,7.440168295978477,6.1817317838210775,1
6.229503931959527,4.917780015318147,0.8536002037045332,1
9.79008309667565,8.762901493816743,0.25269610370738493,1
7.617659718342588,5.6705581806765135,1.4171227054040259,1
1.7978994895801625,9.784511081280664,8.565632917064539,1
0.18065897428923283,9.26372955297026,3.2007643608056755,1
8.733300174998565,8.50691809774321,2.9849836176569955,0
1.3462454814991731,5.0433411389234255,8.216472821103734,0
2.6604015826577845,3.214465813630516,8.750757789843727,0
9.072910655139239,1.9728926789931123,9.559710439536918,1
0.48314457379989406,1.5478025441045185,8.386509350339054,0
8.53619246827183,0.2287229048866002,0.509920686407862,1
0.05541250702129741,4.952002177156471,9.622512164140506,0
7.205349739263682,5.300973523680213,5.614603230406984,1
4.528879539374735,8.744723351601797,5.098762277408287,1
0.17002969967422565,4.904988436801023,9.686079532042992,0
4.972139070869417,9.276990668241973,5.652654256709865,1
8.27646285296608,0.21538783665747907,1.7432299277136787,1
4.903286473809551,6.34681909887484,8.758850827064716,1
2.4965776682763794,3.5430478760021886,7.158624679450789,0
7.677866073971275,4.994737460353095,0.31185266258737077,1
1.2391415393871963,1.96419048186661,1.3389303756714033,0
4.961887059515968,7.481230077191156,8.246526053982556,1
0.16610104916369717,5.905709568010588,3.1528647607313753,0
8.960903905712819,9.470012765862913,2.864230475858467,1
5.117310144580616,9.301082856955428,1.0198323866423264,1
7.836774644693415,1.1666333083613267,9.58470030429062,1
4.8151993498392045,8.534783705673059,8.995052345270848,1
5.226339123656874,7.5756189960888145,7.103810979932059,1
9.710689668153986,1.5292460027986776,1.4484396849431824,1
4.9692399898360975,0.9971941852161614,8.694756087685413,0
2.324126267670664,6.700227818368461,6.684945023512289,1
1.2857144176664093,7.143491246544923,9.02443089577269,1
8.625359812602593,4.732291634486935,0.2580933603604363,1
4.038525684374916,9.198870872390634,3.651490214743217,1
5.822114450431516,8.217107763906094,7.130746183862141,0
2.8817137389842995,5.396522807154328,2.812032586423027,1
9.245306780473756,1.673759032450578,5.091047005349232,1
6.8803592684924215,3.136226286690418,4.731040662934385,1
2.341205300008432,8.970019088079058,4.7051874613615485,1
9.830373485943449,3.2723642347395963,8.631995913450337,1
4.5513252201353165,5.830205090655398,1.0993679454628413,1
2.3647199684110873,2.857801335807398,4.416187388450153,0
9.997703474564995,7.993077910103641,8.33008080667399,1
3.554456844796837,9.387668906909978,6.893768821775282,0
8.639478044442013,0.6836783326724061,8.141874588718807,1
8.882652052504746,6.444873441755451,0.6033203892569894,1
8.238065488547502,7.702648193313637,0.5457902144919224,1
9.84938995284041,0.9627381615815456,1.668723421408801,0
9.526585958161748,9.887625738515379,4.118851779517399,1
4.250706858340475,8.024003085847815,0.9992104282653214,1
4.39193887025901,6.129407841689063,5.74714452755614,1
8.313248842868832,1.6310805810217754,7.091824214885978,1
3.5834326094812443,1.2301976095897527,1.8061272774258397,0
6.12132142162289,3.788896541246859,9.527328027374399,1
6.242094256467955,2.5996532461908526,6.587483907828949,1
5.049175270658328,2.463620123171398,0.4890904702549548,0
8.529790137867929,8.788370046415384,2.659746826858865,1
4.9994745451621565,8.441199215636313,1.3754197465129958,1
8.105749458457622,4.7202125947571965,5.430683420559319,1
0.29548827437751335,2.4794941092835754,1.9553799772413316,0
0.2750200553728166,9.476956455549281,6.434228183454243,1
1.7903733442191305,6.511116742191099,9.969678532398047,1
9.924699968002942,2.267949130442164,2.4737678421516227,0
9.55757599760429,3.5996562819822,3.6939438451227002,1
0.5036421615006548,5.873797845745124,5.257220321291642,0
7.488533312449262,5.1841702171397035,9.986233184862689,1
7.826854574852836,5.8083858458364315,7.920528958299887,1
6.827148960673752,5.599664430328466,1.872448537928607,1
0.3904084232712446,0.1153665486774702,3.791096265317969,0
9.683021554379499,1.8856480285191435,6.8066495794645085,1
5.637128937966863,3.7969823676604877,6.353492880977754,1
4.518013533876472,2.776672640438159,6.520431683229417,0
3.3813391674475444,9.518563308032693,8.141108039529772,1
7.483138223034718,7.0238539925348835,6.358261442906416,1
9.812827196454396,9.373289082380404,3.5655807957780086,1
3.9814201773712368,2.3740844888909987,0.27990988042845055,0
9.886884506032093,3.951292460400614,8.68746250023966,1
7.218519081917115,0.25029676754956265,4.788763667695428,0
2.5330066903318826,5.958637666138165,0.7554875371969516,1
6.765199214931465,7.385638519757761,8.03228777948937,1
5.885629610029625,5.746827182562261,0.5660809738647388,1
7.761358620309764,4.361449944797964,5.11267641336573,1
6.3020373223465125,1.621948981439807,6.687544564212201,0
3.245014255544935,3.2377213505056304,6.687790447818047,0
8.81030131440593,2.879210029562315,8.234640349599577,1
8.948774978556816,0.7633494208215885,6.00886743334245,0
7.89751651268075,4.589159239971467,3.536818982930442,1
6.697596268340926,9.542007283835254,7.084045409402542,1
9.25448538736645,5.276807603238555,1.6652580598469513,1
4.711576661111118,2.1865403034983686,4.985856981136259,0
4.108520789039877,3.436970927901629,7.396277179241811,0
6.33798196136008,8.106443352990828,9.062643873667165,1
8.664487551282916,7.480350949164311,4.0251781521925,1
4.971939290497753,4.232934624410586,5.776478200503963,1
8.122261132698783,3.7221209913884676,5.371663385314603,1
8.057508703549756,5.646207776269549,1.6597033418045282,1
7.5258992071934925,0.6256898066208672,8.158017474519676,1
5.955575792753197,6.234952202139259,5.155687329425725,1
5.119703349792331,9.937895883687602,0.7317262324091234,1
1.5473199256388825,1.0713935786420359,4.960598397208523,0
7.972192083857339,5.069236220513387,9.270338320238439,1
6.541469417796679,1.9065926145781964,2.443745468926269,1
2.471500180517082,5.738739939670482,8.460664084511917,1
3.8628748469960437,0.23739860636671106,9.750822126769666,0
0.18032359928758623,6.338552674038843,7.565017420572681,0
0.880461459894899,1.1802813778236554,1.2792048584769422,0
2.5663057978358883,2.903743164470336,0.8640889189871237,1
3.1866215934659814,5.9886463880087915,8.583836761393874,1
5.416912754652593,0.7883915387521467,9.341364647907023,0
2.4580233962742772,0.48563787740170006,6.308458516323822,0
0.7795974761612501,8.186593991919878,6.541032653428531,1
0.2055473928024698,4.036417680068515,4.44098255013478,0
5.79279544017303,0.02411314634427897,1.5932112227889694,0
7.730229052733227,0.2887077464946941,1.1961290243926648,1
3.271644986195126,8.282994431898938,3.327963831292805,1
4.983461188847752,9.486054777613814,4.654979909927576,1
3.402213034657949,1.3139276126286958,0.2650127341845865,0
4.567840966420124,5.943357561705983,0.7370997157457082,1
7.401147051514051,3.9900745589884057,3.865547475309924,1
3.039047743228042,8.935189238478342,1.3029897497081544,1
9.887798625810186,3.686730809566848,9.050899394879755,1
1.1128775579984895,2.499925311222617,1.2391278857685317,0
4.612933156129882,1.183294648827028,0.6979027178193553,0
8.323165665087611,6.239279857773294,9.662048741742872,1
2.9999035696187337,9.885057144861445,5.514836772806069,1
8.865120133844615,1.9780381823740856,5.106032597588905,1
2.1043900822274733,5.535664256156696,0.5939901907154943,0
2.424482314674364,8.988682540374528,2.5921614026773665,1
4.418432048914616,3.8382513332949717,7.037634826713721,1
2.4215394946689353,5.367728590473989,8.515505291925397,0
5.640073568927245,0.5866550971419882,6.731911624598606,0
7.342075897284829,8.136572209427523,6.622376611501702,1
4.080729248503575,2.7085182874050306,6.918237893843223,0
0.30720732790307403,3.1212673337863173,4.051483291731036,0
4.1551807554669296,1.5624002582263063,4.003458127359706,0
3.986512964096316,6.20183917896105,0.033488721414949296,1
0.20747388569662628,5.054914011168639,3.226053611491958,0
2.7481851803053847,0.7019825721347839,2.3863250150239814,0
4.697838395584528,5.576966260409296,0.8160970768078857,1
4.865351844263339,4.156946482450258,1.0470578090080918,0
1.930965419077898,0.3142506948946344,0.6652988614780042,0
4.500258049249627,7.648911656431489,0.8490556564116192,1
8.582890993948794,8.922648411273448,9.074368597455186,1
8.551977382755155,3.0777181855343114,6.252417252777924,1
7.291437165872426,5.013683499742026,0.8124811285492506,1
3.3860255245718984,4.099422099644759,9.667811433895924,0
0.9852036495282779,4.095137157544915,8.537781519079019,0
6.12383378503435,1.4289790351198561,3.258209189222364,0
3.8555971869571213,3.1515795168004868,4.258943233403546,0
7.899349445945313,1.5066219382404167,4.511097447630417,1
3.551288568520663,9.100575812720079,8.346876560229312,0
8.101957911349395,0.5044335995002991,4.088438610387436,1
1.3997383071002567,9.599011627915191,1.1604146265758175,1
2.9718251501895585,9.833916696035715,2.8161946702089735,1
4.7610120564035885,4.153199252190502,5.39606751771217,1
1.0614199065700158,0.017525985367753405,5.619534436042036,0
6.153516672195596,8.615536100008882,4.786971519765736,1
0.09085549582085073,1.4636730558521505,0.39531520356999916,0
4.876567794544709,1.885480539404838,9.467807554076451,1
9.263798305630559,9.607288059036618,3.1576509371146475,1
7.779606974204917,4.415170843508683,7.295764848447682,1
2.711912723619453,8.797551476107833,8.531001506611531,1
0.3680187706336291,6.042223811555976,9.027958592863088,0
0.8588772175973092,4.503244939123865,2.586379003515974,0
3.4224416487119713,6.7808463406886785,3.125048106027102,1
7.086221800487449,3.6483979528619415,2.7606106192250754,1
8.041344204602781,5.794396860450264,9.561100107244547,1
4.602776614365193,9.678835656461311,4.094882345978013,0
6.243388931528832,3.970945847872147,4.234990746895365,1
1.9657520942910411,9.342069133931158,5.823114696426488,1
7.8977704637376025,2.3599212177444717,0.8847915913125048,1
0.05195189405692302,4.374878226243535,6.764666171051559,0
8.411025023868733,4.396502035779921,2.595718968906293,1
3.3551075662563234,2.4954274196160875,4.786189858718693,0
9.547572186718986,6.723166906816922,8.455147693386962,1
6.9438370642696245,1.2234343797780456,2.907941449833401,1
3.668402201048533,1.922608746470288,9.637035064982136,0
5.728516043171782,8.965925102901295,7.642755353074002,1
3.156656301808325,0.662303746778371,1.0378754516318744,0
2.3111052032519575,2.6468331642528464,5.388812960622675,0
1.582885744127377,1.1567254034487373,4.212066982384498,0
2.5621870264795854,4.949401380335715,7.087579198681774,0
8.132983284498522,2.8774263252449117,7.888312721414418,1
2.8619973128624165,3.5141726288917505,0.8159973945494281,0
2.2205280886471845,5.067741275618156,0.46723409843577257,0
3.2591877051916454,8.825411626443758,8.648870338478838,1
1.618861918040586,1.2098091134333366,9.72387031191827,0
5.577144687398166,7.944675982511771,8.786919969514747,1
5.192065819284464,8.914522945891996,3.9256164133652502,1
2.645737292704333,5.521770771118337,9.718251012429747,1
2.2447805709262036,5.2947269385376465,1.0892844362266463,0
8.32574029098609,9.858891197849662,8.821058608485417,1
3.301229399336869,0.2766144426508921,8.24613470246745,0
3.2432827899129837,3.0190069471734926,3.6252356587822,0
0.26484558105990486,9.631799739490566,6.359581847991887,1
0.8114838211271069,9.568731335647868,5.497240380004296,1
6.991672310791449,3.34192079240942,0.27662217113119447,1
9.987456394355128,9.486761310636162,5.038152150729229,1
3.220969873727453,9.216278402078162,6.591834983441277,1
2.2609111530866532,1.0083419508372626,1.0759590426858001,0
8.633710184973763,7.229468440034273,7.028425521374077,1
5.459376578833032,0.5023111675016845,6.409912160289646,0
1.6043484507367367,1.3743656826248107,1.0624868679045874,0
8.121706062303499,7.751055967814309,7.7331302682076055,1
3.70724113848653,8.566359022087664,3.510891059810306,0
9.9717987819111,4.129524355344354,9.660493656701494,1
3.873844808857001,2.2015563848842854,1.7939239535605422,1
2.5233357595708874,7.813356842857861,6.864225304348226,1
1.0074388760966357,0.6971848086552834,4.516946510540738,0
1.9361848970492168,9.336633104760923,8.003521729558546,1
6.7708416926841615,1.5248771486118884,5.207448420867044,1
4.462572814550182,2.4636427442297695,5.864388540992117,0
4.103614933096993,8.525616744281152,9.58079912300349,1
7.219426371089559,1.523952165463528,2.955750428283194,1
9.601788345308634,0.20129646537106805,5.608992395638457,1
3.426589073137294,8.34922672355035,7.696645163492194,1
7.991278253173398,4.159476047245034,7.6640140190041475,1
2.0420362704804704,0.7574941490076048,4.758137029792028,0
9.349700055553509,0.022746113132827706,6.23171500171923,1
8.489559079992796,3.715772690661204,1.4910989084312243,1
5.858897748054969,4.184029798306818,4.489180137676033,1
8.203218797648372,0.8195905023153005,7.296886165093715,1
3.7746869253149082,2.814151047764004,5.582672875455312,1
4.567035736238102,2.2743213294509146,3.6563112812085787,0
2.403982040252488,1.7988632077628042,9.74706014133485,0
5.841146630564103,4.270020947164195,3.2224080682372866,1
8.565288755688535,8.369373400764792,7.769442703924566,1
0.4564572414151813,4.296028224716456,5.531784673519331,1
9.53131602101029,3.340651503602723,6.163287613107318,1
1.816598388733105,3.4565308460127655,1.3724077090493725,0
0.9449024603465284,3.649557549850302,3.061039337773084,0
7.221473394307907,6.17630466798473,1.6883693460711957,1
3.4968252304951033,8.340351152181464,6.227848439313451,1
8.38118490563831,4.636398401281895,7.329875943410634,1
9.60253551190975,9.741274031502643,9.253620069879126,1
8.30054565925673,2.3695472440987118,0.5308966290617001,0
6.664577891932875,9.535399610475789,2.4620348548983206,1
9.762766618145296,1.104119883991641,2.473922731424195,1
0.42987988356081974,1.1041291738534365,0.3969057726002234,0
7.063413114615008,8.08313180500012,8.032651599809936,1
2.656663231621766,5.825851972076457,1.7143022683995912,1
4.344197195039943,7.216261094458551,6.166253033084773,1
0.17645065760438672,9.888884831966426,9.367412460059303,1
5.248266107022886,6.233680753892143,5.111352046024321,1
7.524588099361328,8.522123509016415,5.023239616250016,1
8.369768984559043,3.4337788679131354,6.68245811781667,1
8.994115848018854,8.9311456275164,6.768576396127902,1
0.3522312686120088,7.177341816789193,7.436829454529391,0
6.97871959151661,3.2190451183846367,0.04123701899943932,1
7.698038809284421,9.654101285280404,6.537776524831571,1
5.988453937778463,1.3695828457704706,5.158586592008595,1
9.401311572205657,6.865294064767545,3.156049926833485,0
7.095146318418348,4.927912614613909,9.448618333136299,1
6.6101359240257365,1.0881734125653908,7.332870408853191,0
4.727348112792144,4.742487976807096,3.960841509276153,1
5.095131692121714,6.050984675066995,3.164673296665196,1
3.2869230671841088,8.730510422629154,3.871061595988926,1
4.628032823423018,5.378478004579944,3.9865690075509095,1
3.421249440926469,8.516946841700335,3.2498165026086454,1
1.827474247213241,5.660527598055145,0.8979869467941581,0
5.782516433387829,8.05586486195058,2.8027848602077188,1
1.7151773652107927,8.398433643965035,2.0282625968705617,1
4.772472425137345,8.029626404782983,0.42089762223591065,1
8.965060299162959,7.574855725756987,4.128459763200874,0
4.095631868366417,5.934601037747202,9.287774927314683,1
0.10866341532380086,7.78600994367747,8.760271199251012,0
5.7243884316980544,5.089320869766494,1.3843098605148074,1
6.682566616955726,4.972916485590898,1.631805761193269,1
3.788524013582397,4.313914348119724,9.568525338473197,1
3.822831003167005,0.5280710060210225,6.8063942347735225,0
7.30082746414109,7.425033662199192,1.0522715248580083,0
1.9784203269891443,6.629532185471247,8.726519743652755,1
5.61009157005667,3.118672702160624,4.6173516714445775,0
8.992678783817002,3.3288463477850683,9.542037501576862,1
9.030544881148257,0.7692479717318479,7.5403384328515415,1
4.829166034481008,7.698339974662493,0.23030622349121344,1
5.309102047588014,4.4652207948318186,7.054142545876537,1
4.584300166692748,0.786699073017908,2.8276562364778055,0
3.064135034681934,9.747667129937334,1.547706848191921,1
4.094629981807038,8.557037641299576,9.15637410696973,1
6.153999224893414,0.8619217464101703,1.1548753650228138,0
1.4500667158789438,7.007501196262239,7.483312544803055,1
6.8179216945206775,6.601357805213261,0.029892199980986467,1
1.294902879906441,9.23535538707376,8.05765737959442,1
0.5999733047296507,6.795998942514543,0.7896674560713557,0
1.5785397613824736,5.858610394389599,6.159251116734119,1
3.9715208815623537,0.8859221309822107,9.587373005399222,0
5.995281050440198,1.2407911280154704,5.100858377764949,0
1.3910493838585936,5.58522435189137,6.61354461589288,0
9.981936707246618,4.991652458499236,6.255639049436235,1
5.89709553813726,3.0598131948657157,5.365822485888315,1
6.727453822133328,0.6670442375341101,3.216748526347779,0
0.523420804922845,2.3845725520973837,9.677264184229893,0
0.7449772588383152,9.630721458260902,4.872809345459393,0
5.446678682810942,0.768731676292167,0.9416389444426299,0
5.333849061161015,6.207818627418225,1.7490867777683006,1
0.3733664806000181,6.745015375111091,9.932941301116331,0
1.0644236532177898,6.249699943453839,0.44906943006083,0
3.6510010255418446,7.727428257973463,1.2384769030186382,0
3.7553594019348644,5.965582442005247,1.3513202387962098,1
9.44986577273814,5.930815917767463,9.577158900847634,1
2.8436861978730397,0.18134707498901004,9.752737529436624,0
5.814389091465609,1.5602457863591201,6.418048437761799,0
0.7176130501731592,6.071040480105823,4.116063170072104,0
3.8032324321690436,2.463376153838083,8.593716674328553,0
8.745306849911701,8.163586170705349,4.693586316223811,1
5.094638619615096,2.547093375225095,9.686967435995438,0
0.8532384163595697,8.413317754384503,8.444222421544485,1
8.335235740777545,5.068040240461588,2.6139464115592057,1
7.188558440605944,9.305719199636588,5.430184648308729,1
9.647236132207174,9.785795657777648,5.6800250724535,1
1.591646398260994,0.990770355340983,7.564199723720275,0
2.9355400802566525,2.6931554095325474,6.7831180964441025,0
0.22111557303623575,0.1385827438195597,9.366266556898484,0
9.346492509094093,3.2721530684487785,0.481861698258057,1
8.936923239212268,2.2642217370048257,9.21134673696168,1
0.42987383709885085,2.7297790192408202,7.779140577674156,0
6.572843865774466,9.706120750743278,7.712580133411011,1
2.8725111818527704,9.356608909764779,6.2402244333347925,1
4.040444462317377,5.633394974772379,3.3069528094054856,1
4.276919890384363,0.5110708172356881,4.640540711959032,0
4.565068831228677,4.188452254582048,5.670743199917528,1
8.316524095609052,6.095901177139401,6.855216933988064,1
9.478495327058035,4.937158047120823,2.786484147728366,1
7.3970022675308575,0.981804030282315,6.384350297542233,1
1.4177603137604367,1.663952954201644,0.27128331436617525,0
5.4959339448960005,3.4080132579538347,0.39433804167143705,1
0.3059504510848432,0.3415253357810455,7.489243005522827,0
1.6534940755657301,0.8133952536851119,5.384560893149973,0
5.356277388726958,2.3845937157680455,3.2368590059513047,0
5.81600575127859,8.481373163908298,5.020526639863537,1
7.43315053910263,2.737488210966154,1.4255647833106722,1
3.6285231894384316,0.7551102078163496,3.585480041862236,0
8.723703945321034,8.638015709089322,9.679956973112965,1
3.042955343390922,8.500622635010869,9.511553325461406,1
3.5414582838428266,5.903745062112903,3.1912794715952373,1
3.322741947265766,1.5579619991858984,8.38266439721463,0
5.978214260975668,7.903488027142994,7.187224227086397,1
2.882343159354729,2.9411280745401824,5.419284239341266,0
7.7092790791788275,9.246114100622354,7.929434233378662,1
1.2432012834734452,0.12848197811495154,4.551867125203324,0
2.3899146131226514,9.797723889580997,2.06386123693145,1
0.2500568069011744,5.056276878408119,3.9357549605364293,0
8.979057125823342,0.4234057323621987,6.391856097961348,1
7.595962454124615,5.752868832949894,2.1721581366574028,1
2.8095353087528396,9.189960099853959,8.853725521548695,0
4.887433378760031,3.932734105045003,7.312512984340297,1
0.29009918647071475,0.0951337718909473,3.3925304847437965,0
7.637041947456713,4.209658954561018,0.8952860910215188,0
5.892281312597674,7.001944871406669,7.325333820194873,1
0.15759367460536522,2.9102616137608717,7.776948415960863,0
8.283999946751008,9.334746160844427,9.5541502673537,1
5.916343572698626,2.636400120510319,2.0755115079781628,1
6.422913232216363,5.474475087986667,5.000856209606232,1
7.9609866970339205,9.13918072629573,9.204746962887976,1
6.4296303040029565,0.866866398783499,8.730522229981313,0
1.5279403234645728,2.25199935052696,9.702264847629936,0
6.170303762949981,4.173588885007647,8.05331027948176,1
8.562373981043486,0.558605683360347,1.0852776868036862,1
5.402573707865597,5.600947100789232,0.06149691664522616,1
7.503660532840209,3.9243237118199223,2.375644736572504,1
4.237624573007094,6.540897090557664,4.5240705687353415,0
6.410639863048355,7.194460132358148,5.644595171082757,1
6.59775686437656,6.308081858068589,1.2231796036648201,1
2.1964469088120717,2.4189328562192403,3.9291724353025015,0
8.873047388523629,8.397041319694047,9.804808460593762,1
7.782303931326916,1.0640194363597277,7.300396300359448,0
9.680752791523021,6.552549076596655,5.232571396762818,1
4.53014397270443,5.619867819689311,3.0264429407709468,1
9.83920563462725,0.23683197642603404,9.140191170543638,1
9.158572446217013,4.3930760632494,6.1901529865941765,1
0.038571857146723065,8.943841389785673,1.0294431907847945,1
0.0717572635278041,1.5713901779520079,9.023054827980626,0
9.850264416090106,4.37997710134503,7.463884789290103,1
4.8670726492879846,6.656300197632525,1.4568450631797802,1
5.439124234531297,6.68600596879158,1.0848672754452793,1
1.3330669943298246,7.688314761192602,5.5710449666417095,1
4.3845759362370345,7.751886666273199,5.573222252016539,1
1.7397347179785172,3.0882528299219647,4.759177331530532,0
5.933155115908617,3.505445700936437,2.2898679919114606,1
4.946800616217978,6.603777413210464,6.422210741736405,1
5.948677099847542,7.173048893073469,8.838644287438367,1
7.757989663886312,7.822797823133106,4.401478711838749,1
6.535270545774163,2.0409559012419476,8.392301648310182,1
5.398128320755494,2.8922952590336637,2.3252159770358616,1
4.153602170629755,9.159876669682971,1.1627610747378125,1
1.1196774739695226,4.337130297654287,7.203069078410055,0
7.222386654832661,0.3545519312691747,9.027317310766623,0
0.9285667912806606,5.191965993162665,0.06901493029400907,0
9.784749157534943,2.230399829322216,1.5494663819780607,1
8.45672699905587,1.1318016425089783,0.24187468681950763,0
9.728005434125652,1.5111372288890823,6.897242772308383,0
1.7637084638971146,2.2655037326654304,6.955383304002215,1
5.388154607466538,0.12921861075778085,2.6835126266701548,0
3.49037424506079,6.892254478737242,1.7503574119572762,1
0.14735377267300898,6.29061142810559,7.589985878539479,0
4.739579836801116,7.34214478621494,7.233510554418627,1
8.214098513279573,7.020896033374786,2.5916865199593264,1
5.006860951637584,3.1664694068957546,8.395046195928447,1
1.8785543121895987,3.617690811204246,6.789202662729188,0
6.099608689718675,8.071699839603845,3.3406792058182724,1
3.0772862524693476,5.051444898852929,9.463256592212298,1
0.2903132388817464,3.867178593066013,0.9595170194821612,1
5.504357887280658,4.771346958678833,4.8515373261586525,1
6.183685271986082,4.842290620495463,9.799810132255843,1
2.7040349521269027,4.464436174733604,1.7235515441284632,0
4.023748336447398,5.769192794114834,7.943676319819838,1
3.1819809030295976,3.8849294394442446,5.751889922971261,0
5.004882154425446,5.652496872506504,3.055597123879531,1
4.302244332301863,2.1209838936999406,6.622928609848275,0
4.970520988454173,7.320012036790073,5.002590856299392,1
1.488486709220207,9.6560767190329,4.7913367379107,1
6.474092668757341,3.6183833380563577,6.7083610963375,1
1.7395306118953358,5.46964171566649,0.03534382601498853,0
2.627410829087755,0.30605098442900824,0.5324767265039287,0
1.7178598189292038,8.007473133779774,0.00727446223304451,1
5.047893232169795,3.3115832957387106,9.944639347305541,1
9.147599352963137,2.120052084737607,2.4363209514868234,1
2.4910830717308152,9.602268428495934,4.470228538207835,1
2.8141649713127768,7.099260809867433,5.4234739715733955,1
1.6938728065103104,4.085398578110517,2.475641586533092,1
0.7542635261554154,5.788686862362463,3.6981503636264623,0
2.9397473904719105,5.858277633228406,8.750166717136405,1
3.6423997396746657,9.483986762764717,8.849766214346959,1
4.737754080934934,4.314660791851415,3.0825923556967103,1
3.014858762433952,4.820703164735689,5.418221139898093,0
5.1831049997295935,8.611379210311116,6.445397604601958,1
6.553053661455594,9.17673233580587,3.3264640512079158,1
4.918878992397152,6.858492917864818,0.6288755093326182,0
3.8771984454894692,1.281982485863138,9.970825911702011,0
3.801525068360566,8.132424449963713,9.84295941444767,1
8.3149248952677,7.31657770356934,4.1655634418806775,1
5.9697979257017755,7.20352498876135,6.9238395371942465,1
3.442502999714799,5.011788372024037,1.7986472949033172,1
2.448955539237997,2.063755273753637,0.3371596215860284,0
1.819119104775051,0.21964820594553291,4.246222975492432,0
1.4803281854808392,5.652692159623392,4.496867611512149,0
4.0215020390783796,5.499878940897409,8.06128413860407,0
3.0462516325397493,2.453177837754026,9.693331033796962,0
8.559827828655743,9.736241984935857,9.371682544344711,1
3.5287720229300046,9.929353568675454,9.641378475441208,1
2.241472724716048,4.19178209319175,2.527160120572857,0
7.799021811122497,3.5712942669931724,9.89754442799474,1
8.057646609623621,2.661273292713541,5.403117358379585,1
7.479036023471143,5.849776725653294,1.089072016443855,0
3.5164120925891273,4.240504300374574,1.393322761389667,0
9.537163765032856,5.462542958980902,9.273241262412098,1
3.1108025531291483,3.7135747209324146,6.086127672879754,0
2.961943432741103,9.804409660636205,7.540984496782009,1
9.897698569908034,3.939129870042055,0.875062024868547,1
4.936095686298927,0.6577471115539213,4.963701831339284,0
5.259427538038841,3.469293458816515,8.229585903815863,1
1.9855779946206586,6.0489597492804394,6.77353193389259,1
6.594013481937443,3.4323135960953364,0.2227692060811981,0
7.2302107869688905,6.096383163253495,5.243863046528874,1
1.0673808995575529,7.2502919538503345,1.6551202181238467,0
8.550327681545674,4.9530073492849835,5.008218948364915,1
3.7733560556704315,2.8799792136116897,7.0646210849288815,1
4.998904735436424,1.8923732163288332,0.7741427049911154,0
8.923298965684923,4.941426614540942,9.298043521340452,1
8.370401972233566,0.9433316595530428,6.13033278665272,1
7.591698740311033,9.31687049960728,4.376814229001891,1
3.7700526155886935,7.044060056907105,8.024270635037741,1
6.9144877746368145,2.1209316758712458,6.4152521534887335,1
4.20976893280402,3.8117257104303013,5.705752372270455,1
4.656098597018042,1.0188590803514364,5.153287545016418,0
9.66418754664381,7.04682888200875,4.202027097441681,1
3.029673330911462,4.7846802779145134,2.1694681087164582,0
9.905191328721493,7.076947382277229,7.710736330980126,1
4.7174204648360245,3.4718411210586133,5.157973325567963,0
3.557731196092706,3.2191933902336722,4.489424061762808,0
9.313942263835862,8.845440103632043,6.257889194605629,1
0.9446087742413345,7.285502628626576,1.685736998636217,1
7.660601794239224,2.981073017454964,9.6371944683407,1
9.582107955919097,0.5972508669253784,4.9300993969698474,0
5.664642861926421,9.978685352986652,3.8012894545304166,1
9.161539491628636,8.437812528695286,2.4731744647365375,1
8.648671116022664,9.716131770951433,3.159197675542745,1
9.847817788675757,3.779319097499243,8.483181135011408,1
7.4725268881103,3.2221676866100357,3.690096249619944,1
4.955205998247684,3.410373520951434,2.7167271035542817,1
3.3793327582089825,5.436277395873263,4.912068896849192,0
4.582688650706544,4.9970073501090715,5.461002647952008,1
4.248699486701244,6.941109628996994,5.998884676887185,0
9.80526412594707,6.429924539769361,2.3957945597520993,1
8.097452798624415,5.378551898118787,4.879235311482553,1
2.239473482320402,8.929490746233522,0.544957438995497,1
5.424459346218239,4.73713464520646,9.150813569261755,0
0.6665763336140884,6.8052689125358405,8.446912000455754,0
3.5095323672085255,3.6309180488440695,9.84100066871557,0
1.2413406319757958,5.936613334766372,6.9133570808015845,0
0.5760656863502345,6.968234097507542,5.1782064904887175,0
3.144453482679679,8.542908085176867,8.181271667777757,1
0.7723268669035122,5.788344739198213,5.607418255869997,1
4.920007717332867,2.129641207036607,8.649046201556974,0
7.036795024927768,1.589248255201271,3.842965290253356,1
2.7989439989186926,4.814418035770995,1.0351938626977786,0
1.9509780069259475,7.552900342136808,2.227350468797469,1
4.729451634293395,7.285812910740825,7.7981163475830995,1
0.060081922086754336,0.8163556682941009,2.427758304977956,1
0.23660584652785088,2.0006799899714203,6.073107775277195,0
7.904966630980239,8.160370048897814,9.06463074787652,1
7.201155139311992,2.3977760855655808,4.343496738828588,1
2.9544999023086183,4.9324892518830925,5.781634041741473,0
1.1420057924120586,9.048550376602632,5.578905547690843,1
7.574174740557006,9.785075329139488,3.9774018578451797,1
5.401387217442873,8.57885473579459,0.4013632551716473,1
4.707049299036257,9.619754383391484,0.5163415189586451,1
3.494982183750893,2.820966418765616,4.593666889508227,0
3.682457427501152,9.299688392782203,5.74229409456667,1
1.2574342987628795,0.16084710745810527,3.450849239330589,0
5.047629720121309,6.234904158407483,2.135389975373344,1
0.9232309263180605,5.027227125661058,0.05173075182153153,0
8.501198329129423,4.574820308001665,7.161194207298136,0
6.282153006277873,2.7574969691948894,4.018847539284669,1
5.405383219273384,1.108543256058826,5.088701709943866,0
9.556568558730499,7.05538665323656,2.4926955688478882,0
7.53792010310475,0.7397392775913114,1.773776490978598,0
2.5325912280206673,3.552411534551264,7.4559034560909465,1
4.206259878192108,6.390575341242792,3.2523129818270213,1
0.5765289839648713,3.8062744285241825,5.537654359185439,0
9.821489884791724,1.0552053035956754,4.041297521771905,0
5.520351907606191,6.427297836989597,6.094202021846137,1
6.118881808425528,0.2947978410653518,3.824403502557958,0
7.68379752737217,9.50520848734698,9.361108337548139,1
7.3008631320464525,5.055265654345674,8.502720730397831,1
6.024272880012105,0.19095291720744867,0.8561001158535309,0
3.549509501884507,3.3945674680795634,7.0142036988929615,0
7.321140899167629,7.843430615205643,1.3065359478393734,1
7.182486642418793,2.898927361920581,0.43812304813854897,1
7.958963657371806,9.111260145116583,1.3069222456602403,1
0.5123697564418861,2.4379375943607737,9.805965447362706,0
5.169455104971278,5.920771377018314,0.21832275390152311,1
4.694995000856789,8.15558629744616,9.680356122496626,1
6.5887132451425,2.2950041517036937,1.0879742100066148,1
1.2732092426481356,7.002171664608495,6.351929681610954,1
9.25161437351302,8.91196096905901,7.724166171074112,1
7.650044025749416,1.9694124346739161,1.5366877650674915,1
2.251865317413758,1.9009159441687873,4.837830519101289,0
0.4149295885502102,3.1804139248171692,3.7504928172101692,0
3.0989555539418703,7.592963526971551,4.922449666260144,1
1.595054527232993,4.365774759165463,8.428941183243797,1
3.5263598491239723,0.5009765095231522,1.1685405257745274,0
5.456463372191904,3.8426075997160245,7.881804499016089,1
0.6182518684679772,8.616136814750012,3.1244281776340843,1
6.62618828152259,4.754172975608552,2.4135791350209757,1
4.416899901600594,9.508451800499637,9.408887899001346,1
5.340384684512705,6.2623323988940065,4.104744714019479,1
2.3964426111605297,2.333027928054856,2.4811581907568936,0
5.815551825236479,4.042749502831782,9.751058984682864,1
9.016003735568889,3.9468687658432886,0.9033522342286826,1
7.180561861809718,4.943658889781835,5.687356250262452,1
4.643423916252019,1.994107650749951,8.593458231948532,0
5.441810828722151,7.523725388434332,2.1741984349530687,1
5.366690785526714,3.0144927459471385,6.250854922196677,1
3.0366556163611658,3.178720437468731,4.286780902784811,0
1.3409292152135177,3.112368765289527,9.257051416644819,0
9.003131203301164,7.350243188863037,6.444573101048615,1
6.459122516262358,1.0697905981282974,0.4133725618676576,0
8.284398608099107,9.547557179674666,1.2727886837639013,1
5.572665752508284,1.8128479104530437,7.1254566563738875,0
8.509502091174925,9.255064941503637,0.6391837473452533,1
8.796294475409983,3.5846753201063706,7.896449660509233,1
2.7250585266668126,1.5357243929269027,2.578029062553777,0
1.6859628550247996,5.096911248345673,8.664902872515798,0
6.440604552290825,2.6310619276619374,6.800615928677788,1
8.477781426469457,7.137506255233338,9.820683411230297,1
5.9887585035917335,4.459748688120318,8.65389644936397,1
8.70048259097436,5.4664909411858895,0.8070747757223673,1
1.6267905717752629,0.3919040992512468,0.00524800233907885,1
6.832167289070853,0.09415880769483187,5.628282949188322,0
5.3175726297428385,9.692103018625335,2.327827001589581,1
1.1510671135961414,3.4609680017956146,8.249121031724359,0
9.244525624218427,3.567006514258473,1.4170773290182115,1
5.1785810729477255,0.7939623338066015,1.2084503833544469,0
8.467535840661268,6.971014131493941,2.4291444087379688,1
3.8393116141917716,7.883506512752345,1.572060980261425,1
4.162640432500931,0.48458240370437666,0.8294867905301273,0
4.059821145131756,5.952738974366722,6.5300004427492,1
8.464552029315271,4.539960160635514,8.22818391060195,1
5.375470913616404,8.203449270604134,8.008325276789972,0
3.5495051150565016,6.006274736956044,3.8526220974576453,1
1.3517794464898136,2.846038336447231,3.433452215413725,0
3.2271515004176066,1.6297315098646104,6.488079787830453,0
4.116099228642588,2.5298208976737713,7.640121374409544,0
7.440133295448081,8.660758478838076,2.047550479231398,0
5.94792628922702,2.4642412114105694,4.395693125886174,1
8.787318451965124,6.983733675684078,8.44972148181924,1
2.4344102866567807,8.214646188758197,1.4999286511375354,1
8.821298431918816,2.965122436097375,5.676356601892255,0
6.518859325558294,6.153515060279082,7.019870439043345,1
3.8761390645561153,6.814908952231601,1.7661920313289992,1
8.084469401049414,8.464115386559444,9.013712859586319,1
9.645838237972018,7.723696532054481,8.534891951307369,1
5.274513763345995,7.782389400841111,5.246786919425231,0
9.089511476336327,5.819046649721214,2.4004500819099173,1
7.715545170378903,5.054710563273299,8.611143068248017,1
8.427020375839106,4.8750085786633,0.7358338237085726,1
4.173448054930625,5.806530581200401,5.200935350737089,1
0.5250744206202274,6.171934272424155,3.1447957820956915,0
8.931476398410046,4.4581835741317954,1.3537514280746754,0
4.051456231536336,5.458168192180746,6.956636768273873,1
9.93632180220256,1.941363023692949,1.8872551405487914,1
4.718040865574839,5.2930920665357615,9.777239766889354,1
6.337807528116864,7.305338972098802,5.9238362239450195,0
0.014672183852522114,1.6484072203888178,6.171171160215739,0
6.17964168155939,3.784550150222735,8.200398571253292,1
4.652723649390586,2.5218232067488824,8.22145929492612,0
0.03644867632364934,1.4393645261398413,8.189985026250419,0
2.225898307012415,5.444684790484137,1.3254479790123508,0
7.485215734547273,9.542763138457214,2.7971443070723065,1
0.5589280405341734,4.64580815680446,8.425551826470484,0
4.367253603751166,8.944065367387187,7.329183717718911,1
1.1154954212402912,3.5759212032070407,8.845625717121639,0
5.098424369886597,1.9881488276780002,1.0587126940506308,0
0.8074890768425946,7.841071773001667,4.24095690078195,1
1.3054450646961802,1.9437130648946987,6.744047984082833,1
7.246038996373844,4.340989383952967,3.7980855201238595,1
5.886009153077,2.471734228628378,8.72104012650938,1
8.40527930697068,9.386180730728949,6.306198230404856,0
8.844267240689637,9.96595425158991,3.9640778139203423,0
6.681492904535082,9.444281613333692,5.443059767916876,1
1.20701330813061,1.9196685186532203,0.7091716186829267,0
4.983937530863631,2.333046944249123,3.9786780928299303,0
5.558365002395368,9.88770618238495,2.6529761468987587,1
3.6819608166494353,3.185427831051549,3.7901900346367903,0
6.327897079867961,5.493497050401714,5.552242426271451,1
3.624090697363962,3.9505790738387327,6.588596502422953,0
0.08372280666176901,4.440376581731311,8.644768412758925,0
0.006785277679776103,2.57927875237837,2.500296288030275,0
2.157603723961461,8.361077500841676,5.597169083111187,0
2.9223944884127273,8.473182230700841,6.80787591910128,1
8.786764087512935,5.772927627782671,3.578230256948809,1
1.3375881179110893,6.810036809436849,9.475147608064546,1
2.4471095463957893,7.747564921819196,4.545060344226634,1
0.17553143521653047,3.720119989687988,4.548197046267081,0
7.84447968103363,0.34094345303842477,5.7642284128082135,1
6.655304994736678,8.769612911040895,9.097452708599924,1
1.5911229533107107,8.157124295589117,0.9111120677095652,1
0.925295896049454,2.2090638217138894,7.559091684988038,0
2.328946393279182,1.4323117819133013,1.0700371503311656,0
8.370182525655403,7.921873761044357,0.15672060009188526,0
1.0312776689692194,3.010433293394559,0.5067764975371869,0
4.102812577465675,1.1416232011576832,0.5414567392979464,0
5.786851140901513,6.824560419253032,3.0982508568430402,1
2.62864537805078,4.217116815356523,9.821910789587717,0
8.578251783776324,3.659145976821958,4.456428870146709,1
7.067185879187391,3.2328332281894,3.0945491079311047,1
8.924919162062046,4.608168389351923,4.129130499604638,1
6.492254456514073,0.8193294141905416,5.86645656214934,0
2.176401498940699,1.1385451590853024,5.4274719600539285,0
7.612691771831183,5.901809763945821,4.864938596954355,1
6.146452137023482,8.160959050282196,7.131299061319636,1
3.0567289535068976,6.785743472760416,8.951665163353734,1
2.5041027416266513,3.519654651062336,2.354489719494995,0
1.8959604431543842,9.417148881830666,4.772257999669268,1
8.21730974074542,7.021351718237075,6.667730259019111,1
6.4770167013117135,4.055860528218091,1.8357185833133072,0
1.955194032370251,2.3318552733842104,9.000042720790843,0
8.806128404184237,2.7469609332783165,7.775822363164529,0
8.750098079883262,9.226950683472374,8.366651681303246,1
6.180266975075193,9.886180665141778,8.571366868691063,1
7.944593328486139,1.3500938155596354,0.0861577485149978,1
4.881151233565606,7.1172849562889775,4.164027928074457,1
0.5553620893636169,0.147577980404896,4.518872907065495,0
6.143595163286873,1.6467844637251672,0.2285057195208373,0
7.93097172369655,4.7743238206849075,8.664380914760933,1
5.995549347522282,2.620346188651761,1.3593079941017239,1
5.384190525084104,5.380036998242426,7.626393730700407,1
9.31782723315803,5.334889000069463,3.5394576219903993,1
1.2016861479602414,5.26391788186319,2.9250733182247823,0
5.960751949167751,9.090770377758426,9.518538414735872,1
0.9376456657641163,0.6610332210300085,5.777963525699549,1
5.390776788551381,8.635481246037141,9.695059927674388,1
7.314145863634812,4.811194939257214,0.17883350917967,1
0.35964043392694434,3.307296389671958,9.27410671928067,0
2.09829255938721,9.61390810147738,8.575324761040546,1
8.871646118363518,9.465831145707385,4.867371335320538,1
4.47131645099267,8.524417495029704,0.5186696755091547,0
0.5712943117303593,5.272300086301982,1.5250705801416053,0
7.595124005360305,2.437057828195548,1.0826944663656857,1
3.678163661335505,8.993551173159116,4.9175868918912435,1
9.208767330006761,7.113925892698672,5.27868967692053,1
6.438533415247686,4.73288169092537,5.690404090897538,1
8.286365402935328,2.173740689365118,5.618869862461754,1
5.225148054931273,5.650098435362625,0.15185120897420856,1
5.111957940078171,3.4014798042769967,3.2753035001549327,1
1.51657821055743,8.565478729679958,8.935457427112505,0
2.0697468569520714,4.124834079983097,7.9472322393761585,0
4.621175372151194,1.9251805962921653,3.3682430552047435,0
6.2344611893074795,0.2621462899786342,5.7255941397888055,0
6.661709129925226,1.4497319806077202,5.955398919635081,1
2.3353935073878462,2.272109034783653,9.92859384845307,0
5.621473508332965,6.193103909522803,5.219016397215422,1
6.163429790702196,6.9137310358332265,3.303778241731299,1
1.9386685920814462,8.174285161790166,7.5412580922202475,0
9.684744279821405,0.6076385476812596,5.4638454687151485,0
0.0714181761893784,6.679168118548134,4.9858725734254605,0
6.834483046524436,0.8380483495325108,2.9834197332945243,0
3.7278930479849324,0.6836133555786006,8.6797085089979,0
9.265904304649093,8.196704126118938,9.639935709429722,1
3.786131685905093,7.3309594726344685,5.0938849484842885,1
0.1346772190730794,8.392286150136187,9.92692978527516,1
0.5004719763890897,6.795973334935018,9.880123424675203,0
1.0313191672821198,3.162371378091894,2.5699120133564426,0
2.196524208444618,5.942771675813571,2.401801781528421,1
7.7935169865709195,6.482122988065083,9.875272786279567,1
3.220669638036343,8.571953912112525,2.0336468744988636,1
6.1111439569504284,0.9389526949622129,3.2452957421013373,1
4.168231385297131,2.7371086992721194,4.801640316793944,0
1.1359091028247736,4.7495830749848755,9.253827851395474,0
2.6724121595049333,5.233454697260226,7.859764582137468,0
6.5124477439156205,6.811704765960018,4.650505946963669,0
6.653634312454746,3.79973470930701,4.706331796147966,1
6.889225257445705,5.400165322004005,4.882951113103861,1
8.345498563004973,9.935589658387611,6.075579345843176,1
5.79144042124509,7.498013380574258,7.871623469975631,1
1.223570420480381,3.577239969283632,1.3370044144930548,0
0.6746075716588418,9.97155706163704,8.945546771058744,1
0.7364208645140202,8.6590338184561,6.239895298606822,1
7.088012542392433,4.231340701181782,9.506534398114528,1
2.9682820343492153,6.0805574758472964,6.546394487164636,1
8.189454152010846,6.540000989777184,1.2443066645765932,1
9.1132650052398,8.066580814018174,7.9052583885440795,1
9.937552136810648,3.2275246870881835,6.48516847905886,1
0.14918633150259653,6.714958832111554,7.405663742965023,0
9.866571443615545,0.6736643423034061,3.1473427973825685,1
9.778671211191847,2.872700267767927,1.6019688351722172,0
5.1565129263523355,3.6315080026805524,4.665656722898702,0
9.685511085329342,8.716280630892255,6.581165753933984,1
7.282385739068166,1.0723883229031528,1.6856135747994483,1
9.67245334774565,0.5950225541048038,7.343257755629837,1
5.501561247360424,7.992860829981064,0.10707635047320752,1
4.902807288542307,7.172649922479071,5.246765735565832,1
5.432294345980661,9.571042052797283,8.585466066126289,1
7.538178590292327,6.447001602423443,9.063484141866718,1
9.98710829504017,3.2759634138931237,3.6479866278584163,1
1.752638984917757,3.4277480744460895,4.996259410168373,0
0.6898208447451026,1.914077155893249,5.495177970270885,0
9.806482797399509,5.515360559761455,7.683310470559902,1
9.066141316154324,8.494552804164764,2.852021289009774,1
2.2019649639897176,6.391413631482204,4.98808600418692,1
8.655615288211637,3.410344298436744,1.0397327991578476,1
2.5115970577509614,5.636858235587673,7.558092140155748,1
2.2817653725704767,7.733409909139551,9.120841550981448,1
5.923155680535183,9.740526591899632,8.888452780665453,1
2.864165620562422,3.8220115439401656,7.701067250446426,0
9.864701868412705,7.907790155515132,8.84757563444375,1
6.522792507131482,8.888911760911162,9.018087430257628,0
6.49635989075615,4.210913926288487,6.565545666862449,1
5.475726715667624,1.2955730976256497,1.8033633701243568,0
7.185247023582804,3.356502926715277,4.0046769324895255,1
2.300803151798582,0.5753820137868282,5.886571037457297,0
6.738824699735807,7.9113573579134,6.88172044891137,1
5.5075861620416,2.0661876591774178,0.35997958214640136,0
2.584982853196868,2.7829032150768396,8.995550039504124,0
4.2369017237050075,3.7997937151388896,2.5596257676171605,1
0.6434007255006902,9.804427615606414,7.256329858705865,1
2.0652613586923287,3.412475134759869,6.329491820775219,0
1.6736071970547106,1.3870584724648383,7.128054516707757,0
5.526133436962537,5.041287477196887,6.344759117552849,1
0.852135978769698,8.88521618692662,0.3216873880019888,1
7.477187000853757,2.854685835302635,3.395911772180508,1
0.3928234049792845,2.807821982616182,5.295548504988846,0
0.9522546468300197,1.9658214816668629,0.0658258564288694,0
0.19066161016015104,5.056340933777981,8.329944753784215,0
3.616318359806412,8.915853393315686,2.039138057210117,0
7.389212070472725,6.277096144331871,3.0708695847156076,1
9.065022637734163,8.185438248065811,5.454863448927733,1
1.0938276827762772,4.872770426158967,7.819431775358816,0
9.25295824518734,3.537920356153701,7.046426669188883,1
2.8263020112418635,1.4396371959045107,5.163379677693558,0
7.5098859451073094,5.105288034284952,8.84626239952055,1
5.780338229771539,3.0587871760271668,4.2141230861490255,1
4.612935533754005,5.191398839439136,9.228326129375606,1
0.6520952640573108,4.134843625778438,7.250733158958589,0
0.9132060615367188,5.202542744240381,1.297620264527084,0
3.7702887259353615,7.546213028917488,2.776903767911185,1
3.8456279026245355,5.160154734496066,9.780960111227323,0
5.738196474147851,2.197048218430008,5.80604697231792,0
3.9659290700368324,5.106337245609333,1.8906884662920298,1
8.239601310600465,4.531078185544887,5.902568115765206,0
6.612649564464449,8.83841774490142,8.162421167670102,1
2.3676253541704972,7.684536435026136,0.16859768227840077,1
2.7997071308893897,8.99727184390452,1.0933052445704328,1
3.1932127725163086,0.19716691361351457,9.825050788542915,0
6.109445868006843,4.154859500375375,4.549751269758126,1
1.8660257079358011,3.4436766471590783,2.3790082611098615,0
0.8903811932196171,3.362922042043949,1.3238627080501164,0
4.407082846890451,6.030028629824701,7.099103553759761,1
4.49142854312181,1.54209620045347,6.783652211199679,1
2.059780657541527,0.5707479181481934,9.063810236616238,0
5.626729558475704,5.620151809080696,0.9822118043074435,1
6.398969181498368,5.483547954230113,5.842068241891053,1
4.700319112921458,3.896491461824331,2.403614440309868,1
1.2377234094396738,5.136607558229413,3.4737279402730383,0
3.5134738615866015,8.977426924904904,1.5172173566659841,1
8.669554441723498,5.821236501421893,6.7978761645634584,1
4.225404498935351,1.513704578378775,6.983171027709404,0
2.6426172992376107,8.943338749662612,2.438250712229304,1
4.496502332743768,8.936179528770946,1.0074701395899543,1
8.407724957479212,1.6129869847190392,4.393023759780931,1
5.382601256576672,0.4247998705275602,5.8939197800784715,0
9.695113549691428,9.511288389280445,6.997961831257829,1
3.9586009728911264,7.638729149251895,2.247683918730903,1
5.544183847704267,6.2208191984336025,5.641835023862428,1
4.589469273235344,3.374416057569274,3.1018990899119725,0
6.345881529446072,8.842019887912949,0.5364017018381451,1
7.982978663164105,7.824192034223406,4.562598495146024,1
4.20243079678875,6.968602631032574,9.043430689499914,1
1.0382417951279288,9.948774645026578,5.218783006649771,1
4.569302667679018,1.6289939710995716,9.794417544432003,0
8.060522674294397,0.25986761975545614,1.2100154628827886,1
2.4405898648203705,5.094076851552433,5.481788220929103,1
1.6469417784692075,6.243175007189662,4.224792327433541,1
2.181427856635758,9.823331905020135,1.8701601252820321,1
3.6597974119729293,6.32416913699535,4.07593984974843,1
7.8753678096171695,6.278631568635672,1.0481743698910773,1
2.5698793927382955,8.7158681690118,7.825608707095214,1
8.231563914206667,8.105643687497329,0.5641346130584934,1
9.214828119226532,9.922376750919634,3.7924526138684547,0
8.973237079322,4.011993083061038,2.0759211554085333,1
8.586153316370272,1.3613186821704981,1.9210551427160338,1
1.24530052211978,0.6341791776016026,3.8166499959355638,0
8.936942823950782,1.4562824729162394,1.901407747431828,1
2.0950223202144014,0.4646193661576259,0.40352219484134255,1
5.914860621989541,8.498140721851685,7.111774059788817,1
2.8702348292643043,3.1708359920422247,7.819131983157346,0
2.3394082383310053,7.32473532304728,6.316602976389176,1
9.868542115489142,6.318442646860624,9.824729630371495,0
4.328937952619216,6.846418288520445,7.358218696623222,1
7.996044869608135,1.5348902294954814,4.194244880388781,1
2.98704219514946,4.929648106441001,7.269728102263716,0
2.18864082188969,7.273578004246114,6.173780607541019,1
3.6000556477753074,3.300490030949187,7.984375121078796,0
3.408608633205481,0.4735443083120272,2.684575766731534,0
6.350951358384273,8.770267612690189,6.920915978922745,1
2.622397651365578,5.050428883495169,4.82890816994118,0
2.392659044879019,8.115076141794882,6.180893437516973,1
3.433012527089967,0.11109229936412612,0.5364708887602099,0
1.9582627717006906,3.6403800472030268,6.726627661553188,0
8.715889763614339,0.7077235155289452,2.3654832066724483,1
4.66773138895877,4.937148324395167,6.3466042568145,0
9.980750532045624,6.755992067292964,0.40392231658563094,1
3.5692455828678193,6.75522979406002,5.933148377406078,1
8.612634087961776,8.280626100493825,8.387808396640386,1
6.731537486113036,8.149177976724559,6.195392745679098,1
9.819135796330134,3.0875274092788407,4.535405023047523,0
5.7742871832458595,9.727683322199562,6.744190389252735,1
0.4266278712612348,4.111105416813451,9.42082926040684,0
4.3906337951075685,6.851137444512796,6.072463347006384,1
6.821621991778163,9.659810278805272,4.371191107597029,1
9.159330573661329,1.4306983813977348,4.930738235548881,1
7.357285848301858,8.01595300521798,7.323657301836092,1
3.7146932152414527,2.1023621126674774,1.7393179962910188,0
6.250837964732457,5.768258304047715,0.8156409955854382,1
0.6128546846179428,4.013362566574665,3.1388618502320376,0
5.950871893322347,4.55564628163045,8.63841503871852,1
4.969821955366188,6.967395499706097,0.7131607929656947,1
0.8048498079737787,6.508650877193092,2.422732916926418,0
3.106313375120445,1.6122756866643007,0.7290131117614274,0
8.033338739474406,8.287859582266217,0.2218094749516497,1
9.017451181060375,5.753241612093882,9.64058517595863,1
9.973461671761356,3.2765437783357685,1.826850456825626,1
6.63287873615878,6.89426885445163,2.5643558571923384,1
7.461620422920779,4.889811667925618,7.503133691794634,1
0.3716869189205496,1.473798424298861,8.047681126353064,0
0.175934128159142,3.9290145664388367,6.966553221082693,0
1.2899268909401806,6.599511142882671,7.265678552331451,0
0.23197712003513504,8.509461932628335,9.819881451963845,1
5.009099948230666,7.009171389379275,4.88326329428496,1
9.873792423052631,3.7539896554146948,4.207413149593613,1
5.686161834272133,8.18884088993118,6.669973657632701,1
2.881273178393473,4.471333632580343,8.018438037286842,0
2.6109801827720656,2.2153227608089576,3.6466525195338595,0
2.280634878358309,9.626124108094281,8.310460012437701,1
0.9856694349872563,4.842333713120598,4.766048084194718,0
7.225169791416871,9.5516121965486,1.3586932651132055,1
8.21443727795742,4.049124750515777,9.497986107318317,1
6.051958801116739,3.102412074295523,6.473551061756612,1
8.603248957283999,2.0580419001762817,9.524620445332019,1
4.969964046162202,0.20111314534425606,7.683004357920059,0
3.124564534181169,0.8651008329210119,4.862785372711919,0
8.277735080731347,7.5242558947508495,4.271006135906629,1
9.566640291337357,2.454675626597884,1.6769888476549077,1
9.754763314901911,2.3044442134933654,4.725528580241956,1
7.608073227239595,2.7665063978794313,5.782588431629576,1
2.7831992097029925,3.713174244298169,3.3278483354503163,0
6.183969165664465,4.927635716287763,3.6040616635207967,1
5.839206063314155,6.008633224100518,3.740144399885331,0
1.4059919648366281,3.2021457283743757,9.0927887754952,0
2.952331613846748,5.811019927085258,8.803397847778795,1
3.3149409910803875,3.725863410448611,0.6485773464640932,0
6.529084288693029,1.7428870504869998,4.675287415157148,1
2.8696038315383685,9.932493736862295,4.734010301589198,1
1.5256780359642075,5.927589699830768,8.257996138659083,0
2.2517398474244543,3.332879676054067,9.023736548943717,0
4.07681759467534,1.4099128851757348,5.752158280038594,1
3.7839071683596694,6.679034055182158,9.774814701682928,1
8.810256362345543,4.192654093057605,7.988249265542374,1
6.073785575216911,7.118239693794221,5.320969042335518,1
9.223369823265255,3.7040970440907306,8.307703350495,1
7.284409517788401,6.947768055202475,2.535401341727966,1
5.9137506635576065,0.7083100281739807,3.411050691524773,0
1.0467174935160695,4.788357805165986,4.771699457303965,0
8.749188062270397,8.167241110135246,9.413136199001972,1
8.12766011233639,4.00384774948051,0.3921243985388867,1
5.636180895398714,1.8724821723271534,3.244259126624894,0
4.981223873700266,3.7648703219042092,9.84000886618797,1
4.829187813591675,6.711701901686865,2.308857507058246,1
2.7189703987307645,2.185258400177521,2.092750100351145,0
1.8967663058027673,5.175446162413047,3.9804513446914025,0
4.83639448003248,8.154820328962094,9.456039586941703,1
0.06450892782084106,8.425625387255643,5.81255461694187,1
5.351403433942362,4.689200345502548,0.7478040155725996,1
9.637419661504971,1.40725614081878,9.106593113929826,1
2.7236494599140935,1.1940844422215446,7.878616909858578,0
6.6843206387278915,7.246218374665748,4.2328100846320105,1
4.031236850462264,7.748787015500294,2.953251120241643,1
3.341709473834725,9.272497262369491,3.5324925726036205,1
0.913259547643408,0.5315265905624278,2.5283816447358056,0
0.4356801033709201,7.98410109198527,5.098332049896545,1
5.8633480072287005,5.43717558314674,0.9570053950958013,1
0.17238860036192571,5.676186567524768,6.318960313982349,0
2.6320302419757047,2.9079798310854765,2.4820081272810013,1
7.4384297604537455,3.862940680124206,2.3042462566854596,1
7.395725474096523,8.982276912841154,1.4630164891351738,1
6.513682565808444,1.8759918693838618,6.825900875673737,1
0.12765692773690662,5.4467415799811505,5.079846377228831,0
2.074178984330217,4.580744733751619,1.6618456067508791,0
8.569726744235494,8.8325375413018,6.972322123140349,1
6.877137836870171,5.715042445680455,0.3330686988239917,1
4.516062839082214,4.5299246188714415,2.2833106033870965,1
2.571134589551065,3.498066369927817,6.865607869007167,0
1.329660770095633,2.261434955480268,3.7346262977268796,0
5.881432649338252,8.14907451847549,7.742619831441898,1
1.769987620563166,2.050667256034613,2.1281095936553918,0
8.076255568707435,3.228439460286711,9.578732306008355,1
1.6934216951183623,8.107572785912385,7.014556193724493,1
5.7553255082076005,6.122776961663656,0.5923549623159763,1
5.391220754354178,9.51147083373394,3.55217347934091,1
1.8779737304885658,2.1807669925765416,3.6722664270376137,0
0.7006177845211647,8.484607791570411,6.895404267087604,0
8.665829778863943,6.8630950885806,1.9498600057530069,1
1.9699179389871069,7.134234580378045,5.8239639856685335,1
3.230397563463614,8.734145340451297,2.0881284588994866,1
8.505091395410803,3.7204487628095584,1.0252674514161275,1
9.486456538035604,2.1407174180335433,7.197582518192881,1
0.2009285273163508,1.85198732093671,1.1424600388101203,0
8.576043331687984,2.1833713910410713,4.756864520757446,1
2.6777608857493265,6.251752460359992,9.175196022157072,0
6.457410056361623,6.772590981268177,6.852920362190641,1
4.8212781049296085,1.1038232464532582,1.2030583600030942,0
8.480086384143144,9.567627607171854,7.3793303186508075,1
7.090027848023331,5.154989491299565,5.189143333987868,1
4.834158920992337,8.334433126057679,8.710105862444866,1
3.270861748239784,9.934711559258322,4.696148316293735,1
1.3549335077628766,8.393781665411153,6.539037012404063,1
9.457919890189903,9.980248227700336,6.66781823245247,1
9.07479457101877,4.927877945322935,5.275248347645553,1
7.169839377585399,5.536113624523063,2.9932470067769215,1
9.118441656491216,7.216301131176372,4.87868619864035,1
1.486864943775612,8.703275651101968,0.6933602221221147,0
8.600726014875516,3.0759748496774653,7.944302812852606,1
1.5546397845656068,4.42081034706592,9.439065883549185,0
3.809916218664026,8.383688981072478,7.249296457187131,1
5.654378796825585,4.15353025771351,4.063232793947515,1
8.619002626516377,7.045795333748841,4.1166482247133604,1
9.417185728684835,3.618920782187854,3.560257629932849,1
1.3714346361361485,1.0710541453541589,1.5908558448004084,1
1.9346483448449192,9.03350552611289,0.1977556956134252,1
3.076108261679421,5.729255717540143,1.6338813439864008,1
5.739939240144192,4.168428715390141,3.5701111623224078,1
8.243160048244427,3.273118637773187,6.565949308111804,1
8.48039855282859,5.5332930540522804,8.297900907760171,1
0.3993807233498947,0.732974764226052,4.9925111047014505,0
5.7974026940842895,5.65299569643285,8.33413933433119,1
5.043921844199168,0.7336101551095731,6.847406695751166,1
4.552671460317422,9.074055160681135,6.983767714344884,1
2.368985711463578,4.5839244691066945,4.827464256885229,0
4.981327634307588,7.356596233826219,6.5991234479781715,1
6.805081671137071,0.05628133003223179,9.631482740614848,0
6.2911323964662,0.48828326604595684,7.908651261026715,1
2.0650674591631812,6.467336627334613,0.5463867653598053,1
8.374326293519772,9.846423617873265,6.006229832895102,1
1.3578358459714612,5.419200427084862,6.052039406249749,0
5.5528646546086025,9.160703992793179,0.4317351514950707,1
2.3845095001247127,3.163155693012248,1.7770668988339622,0
5.410874707990629,0.39425487570171724,5.029578521868769,0
2.3717680802786987,0.5556589513311072,5.319948921726994,0
5.66673352199785,4.602456739580361,6.900794617259406,1
2.8716244885851583,8.792342211036022,7.75517189799693,1
9.485610940047128,3.877388930276693,6.421139497575721,1
5.004444101513056,3.849014386283278,9.685564676023706,1
2.04742758339484,2.4974957878425483,7.34530210357796,0
9.527755006659893,0.5483660831906656,1.9287797347538538,1
1.6498759207813019,4.782558049540484,3.51080926059952,0
4.415731576980427,7.610714732894245,4.769438330096203,1
9.026097104061341,6.422552640849583,0.15410506933190793,1
1.5456594645617905,1.1648567762556783,8.110642233645416,0
7.5258851203689145,5.132714388006979,9.410516547877055,1
7.762662304202471,7.685101621264155,2.945084950530774,1
0.664772248340163,9.772733825399808,1.6982991649396428,1
6.4638764230291095,7.818935795838692,2.408173056605476,1
4.3047733493491105,1.8739844638320113,1.0004577719378493,0
1.4260903560837945,5.484557372139458,0.7738253322613242,0
3.754818529866152,6.589891303495325,7.790679409055884,1
3.6809779699653378,2.3213104289123287,4.063011666762004,0
0.8147884765615521,7.1487279103442125,2.8251259937511355,0
7.802996622759167,7.156101352487509,3.9406557236961195,1
6.5247455790957956,1.2501103454211993,5.6236257851476354,0
7.455413516933725,7.59760088151432,7.113644921050178,1
4.877639660560538,7.434698121312572,2.5813863572334386,1
1.1705945449256172,8.786359697167667,1.6455384632221937,1
0.012587463392325082,7.673475359483875,8.516575605720696,0
8.007994760760907,9.888169402640042,1.5516504908410278,1
3.8366896350076174,6.587643240216262,7.719036730203495,1
4.001753564251055,9.055382994823383,4.359037456209473,1
8.649483365543912,9.820998820967953,1.8952895872452202,1
0.9241472484472346,7.02225311293772,7.189134038309561,0
2.6563459774468665,2.066981391505741,8.36828994538352,0
3.265743160753024,2.4592641474912624,4.616190508397038,0
7.754384580628191,8.781239932352396,6.724523583302568,1
5.223849817305779,8.26155888740583,9.82505297851884,1
9.367410197684277,9.076792581132478,3.0244805750406325,1
8.232747146011409,4.7638727879918985,5.9279698301258,1
3.5991431694664824,3.3574446669342173,2.7739043426942245,1
2.949359480638175,6.232466536667216,8.24332603542256,1
5.971804814200072,9.886452414645502,1.417766586903676,1
5.132569534496488,4.572982778029173,3.7344779328077857,1
4.056480179776589,2.4735561551037333,5.107891275915149,0
3.353864501768953,2.517206981021245,2.0665900235547294,0
8.91928262692268,3.419676149637141,1.1282100417531338,1
0.6838025724729846,9.35806108174762,8.875733801533817,1
7.022151730130993,9.24640919512368,1.8925879094156317,1
2.4163021424627376,4.664147715352254,6.215680724869642,0
2.719442624806967,6.374172951022134,6.721617820759178,1
2.464497749366962,3.7872326335239204,5.5508412470191075,0
9.58238163467435,9.637865375784461,3.686481091841748,1
9.83568940322767,8.285707703179078,3.5945455138366675,1
2.539402706573086,2.0569480224982772,9.519947038245908,0
3.7629385273989504,2.209371800216732,4.8795916342181425,0
2.8974944126377933,8.214337190042421,4.854341399169351,0
6.468134482182552,6.088281578929146,6.260315222021094,1
2.2393273429167557,7.036643008065063,3.2166697644725817,1
8.820003524603555,4.416615978023132,2.645953828909536,1
7.95551374637162,0.8055839486815775,7.482616295370916,1
2.6756865106951153,9.13942750697723,8.594382144676938,1
7.286933794961186,1.212086073936085,2.1307848631860993,1
9.114184012097187,4.76429200978031,6.7330243585999305,1
2.5219613415606035,8.467133685243828,0.393631298604048,1
3.791541703241802,0.40982720071324086,7.426975984747647,0
2.5341316402842917,1.4070671333400586,0.28541715575584714,0
5.876637518908421,4.029498053165731,0.26518488042319155,1
3.9245563149860163,9.902184932245905,8.611379201660464,1
1.12280246792121,8.08621075842049,1.4681325836193893,1
1.6938517236761474,6.900643872190332,7.114162655723145,1
9.655570800537323,2.4153521801257516,0.13551468639107167,1
9.758163853744295,4.7741494729008505,7.324037224655001,1
3.08070102366187,5.760391564598841,0.26404265940905947,1
3.3763900485668294,2.009171009624593,9.450312235761995,0
6.2443019868152,1.4528922677986866,4.963759906829226,0
5.514004913442264,8.618624683620979,4.261742345775501,1
0.33838197979133455,8.251364948315747,4.9502740534621745,1
1.1795269324921887,2.9136188208756453,5.644307921821979,0
4.381910879653894,4.531259424894123,9.619951620361535,1
5.709513308571167,0.4157929439093977,3.050470194630729,0
4.776211448534595,8.373392820934123,4.751700442161844,1
7.116265851124743,5.1802334113597865,0.8805301305957958,1
4.5344938719485555,6.932316555564998,6.247422789970475,1
1.8466638965308524,6.4770571354187725,9.945727781833103,1
4.5110856620094,9.753236384110288,4.141391240082067,1
6.743053917903598,4.004608639050426,8.816799423362342,0
7.942556950417352,9.810181271970013,0.6815577011545282,1
4.826257411098628,2.8929026678264727,7.168603475819796,0
5.865062021953146,0.12299767353634583,2.1941326069920555,0
4.94831111307383,0.11289347529054528,2.933567441927484,0
9.6185614136101,1.0100341824779835,2.710978692850776,1
2.006414692056561,3.2360318924437736,7.480627066957181,0
8.774265281636861,5.139014181973842,3.55038347645022,1
6.298262526254571,1.817076713449114,6.9331725060607985,1
9.709411757258927,3.1533880833658245,3.6585759303509047,1
5.472050243561082,6.962024571841372,8.60580246772003,1
0.154661254249161,4.4381963429953135,6.85777546354172,0
7.030470991427157,4.125681998859697,1.2450351876195964,1
1.6818457196981562,4.43705050714109,3.1321754723773387,0
1.178751237557375,6.540150984071036,9.44469204169079,0
2.128868199392171,4.546227969059981,3.1129333644188097,0
4.744851686982454,2.5821794028317715,7.336254722832065,1
8.193040264385672,5.227159510614822,1.838770353602216,1
1.1934284167202924,0.9142605273937776,6.876976909893663,0
9.998407025204326,0.5709624158339965,1.2383915253387168,0
0.1708463373413116,6.010115111462672,1.858532315421202,0
1.7919078247501008,8.123683975618775,0.370961947059002,0
8.363207498775795,8.666411742925643,6.309610725252021,1
1.3581325887741402,3.991736388680388,8.968399145389839,0
5.285108278748312,4.29925348910741,3.535183764608326,1
6.24480906242209,6.7890675794180915,6.627133206826042,0
4.334954643687693,4.056365822979931,7.335423646203077,1
9.952226940835866,3.902512953628532,2.87291271031316,1
6.80749491389575,5.32758050710111,0.5534953881727878,1
9.247870887526586,9.760489557928445,1.7542369653942325,0
5.1959489880687215,1.8542402183154771,9.103463730675903,0
9.641046037982795,5.863825568017544,5.529250681069289,1
0.5991869172514053,6.980202069417766,9.618825668146457,0
0.5005587759176322,6.700447818561659,6.409014424226421,0
1.2306784596635756,5.081292253752915,6.792864373470577,0
8.280975344312635,6.114273604727228,0.5827137628107659,1
3.703819815368601,3.7421382471226075,7.882439188584415,0
2.9642326627463,2.3057610187669244,3.8937816461797823,1
7.852435760274887,2.028478603249939,9.295750930291113,0
3.2297405497872744,9.804371212706611,7.066621123779963,1
8.282940830115331,2.59565778115618,9.903578135903865,1
4.976393197438504,5.330079207305997,2.9792130175787546,1
7.977960106191837,2.43138440540175,9.564527842802162,1
8.610521539496599,3.6302206223586184,3.943174427953621,1
8.16685405286129,4.875744574181504,6.470017759396476,1
7.5663365312107835,9.037792593789012,2.590147072927481,1
3.619209212834299,5.734355794738955,8.621470168929692,1
5.151699407919495,4.7168412422890995,9.662497265568303,1
0.43081336668364667,1.6049397716630576,4.396307255317218,0
3.6197475695427728,3.7747888766235205,0.08141149813770454,0
7.762587204412654,8.860957479914633,4.864260940445087,1
1.335822457940118,5.7548597110382405,1.6200955535795147,0
3.668021094796101,1.760304167544685,3.85484920787337,0
2.736010075063362,0.3095361951607445,9.617844415470158,0
0.5304906787323715,4.800740630269502,4.774114862388331,0
6.430857813405418,8.622246054596129,7.9435297992676945,1
2.4123117109078187,0.3834674850372277,5.975433990401601,0
9.948973848606347,3.980909010200805,2.7136449518564065,1
4.854510537417921,3.195998865882228,4.53130104891163,1
2.6472223173697285,5.386171308218469,1.996736129090536,1
5.505714835894936,5.736340271562192,0.5710661245571147,1
5.644716752510974,8.520239596623506,7.767268376794521,1
2.4594274347714853,7.63273764774021,4.297857236658452,1
2.7923772425190574,2.508973005965337,5.5133919743449695,0
0.7441015407259477,8.480428831470997,5.202950298780971,1
3.682263494048239,5.446209213534664,3.404340713420283,1
6.7314113543292855,2.767246917314089,5.314475660060626,0
8.226676235878651,5.07543827780435,3.235941105813053,1
0.5963057202667343,7.610966836371167,9.270066562230518,1
1.0478858764477172,0.13310830503043491,3.536353882277937,0
3.23545468067574,5.106952389021765,1.5970628475204685,1
8.224081170162993,7.183766345507902,3.4400709062792845,1
4.500777299917314,6.446146024578761,3.3774117977023845,1
4.461800749626615,0.715135916929458,2.6497808260681666,0
4.312707320623959,0.158925463802414,2.371240307904261,0
8.792545638559183,9.535940773810193,9.580034722995585,1
3.6149497157426005,1.038237172530685,6.4739596660023535,1
1.7879238517832718,6.819981279871767,3.3200561026372677,1
1.7283868006779712,2.802522093295666,2.7566842757159247,0
6.113240002107631,8.429945417337713,7.53143220278759,0
8.93587786541046,3.9627177126609983,3.8227181557775705,1
1.4216223817680151,4.350890587144764,5.12767590205976,0
0.9994895401243009,7.768917605636501,0.2581047777186074,1
5.7360732881199015,2.4700905848899035,6.286851748628624,1
4.529839222486802,9.422832470514743,4.030708401017672,1
4.064724498704681,2.003472305560363,3.838309037421952,0
5.396494685499491,9.748269164709498,4.829963710655512,1
3.9605996247397024,5.515279033708705,2.446843086443459,0
3.9007312573863007,4.193163044445983,5.479760528657974,1
4.427737320096739,8.476083010811399,1.1628597011530328,1
4.11628086865025,3.2171869872372127,4.495638574232727,0
7.0945892581535475,0.7896481289752533,7.133493227707382,0
0.08330172010768022,1.1734462362393594,2.5069996398724026,0
6.881342225789659,4.193972019659714,0.8732070076202536,1
2.5399582342463223,7.00110052356755,5.400268596069279,1
8.894244818524534,1.2657653393771784,8.944603411597534,1
3.2522328468913377,3.6334272626528366,1.6277774028059633,0
8.336632948554337,2.3193981240191297,4.219950014016581,1
7.438389205519008,7.867762334187026,0.7853872620553037,1
7.045959525750952,2.946246551913551,5.8900819911002475,1
3.970418543646408,3.845107708324036,3.6083713146450314,0
3.5587999744791876,4.583365967579384,2.153725833727309,1
3.432732386893905,7.193046159274369,3.5617774580544648,1
8.364099137087726,8.53289171623823,9.754376617781958,1
4.731671682689162,7.308254343672629,0.009528827962050901,1
5.573379269936263,3.4889192670292,9.9341424287166,0
0.7640237698262864,9.645624663755585,0.13767182409318401,1
5.985738521946104,0.16952791893892205,6.57400861890812,1
7.35059815958548,5.610084744841903,3.2571590993570085,1
5.137850379840078,3.3592761095515886,0.4313766240369332,1
7.625000611334842,8.694089548369877,1.989115826952813,1
3.4935627368007016,7.9307778541224,9.690773816091438,1
2.775235924043369,6.896069833189758,8.769162880943442,1
4.723118440814657,4.913451827449833,0.36513430523668733,1
1.9532350267825194,9.933346135817537,6.538383022476162,0
3.062943974432332,9.927767183331062,6.640855026538015,1
2.8998107385653293,2.584888121841422,1.187327837702361,0
0.8468219562309487,7.143081270274058,1.4327715234771465,0
9.01503031087285,5.235214179037636,0.47894430369214924,1
1.5979896318355302,5.205937485615079,6.68869138484858,0
9.382848842879051,4.29965932967402,5.433916102728099,1
3.6598003140577218,3.551397791117852,8.770506652621554,0
8.506122921760044,2.6233463090893294,9.339526212763838,1
8.802317037577154,9.880946698755688,2.5513882148396636,1
1.870948210841037,2.8162999886775597,6.831272755715258,1
9.613520881990956,8.831932933770752,8.455149759852093,1
1.78339146966506,3.720849498505314,4.246877009126405,0
9.350415781603724,3.526212866507005,2.442961137166627,1
0.5254956520823661,5.298565503621626,3.6805513055794217,0
5.003611768832403,5.062429889274859,5.243716976423148,1
9.590655757874995,1.380151732372653,5.302408576148769,1
2.1303955145146283,7.98881502601064,8.374718927625903,1
4.577045847950892,2.1922291430366236,4.877195412348156,0
8.83548080530199,0.939429723693157,0.8884953133307372,0
8.964128726051552,9.532173738936457,5.351016708009508,1
8.98314679055828,6.3367753006815,4.274319070007097,1
7.612222666449508,7.225774160383512,4.824705415329716,1
9.403617162626713,2.6704213967820967,2.048183693226645,1
5.455829426011201,8.833051791695347,5.154003558019054,1
3.7496722548392967,0.2665474304616178,5.245924653157507,1
0.3468649408278812,4.1935956506581915,7.166666229690866,0
2.296683355905901,4.281569075190982,7.902955750972139,0
1.2966313193444334,9.882486902134348,2.8887651662699545,1
6.7595189310853225,0.2299074569785975,3.7206584989091085,0
5.2665019552690575,1.1053903892667694,7.856084974936689,0
8.284710498889169,8.416790639027571,9.40277433129564,1
9.378785536109929,8.773069589382555,6.636170474138263,1
6.369565255556938,1.9481971864260728,2.5921365871751822,1
3.324600877407302,4.241334209583477,0.5805100051643941,0
8.230201485668648,5.5440493559486645,0.932847297161018,1
7.058574777565854,1.7331416485217144,7.076472326555723,0
5.733352685095831,4.511607383287472,2.1669797986977333,1
8.077673390015729,2.3696566932445595,3.414710569288655,0
2.2780580918926727,0.9116177558305294,7.835332934824914,0
7.694902818728532,9.469172160117639,0.33404093307510596,0
1.804884492988228,0.5232132722312555,1.0742970196764656,0
5.495247010680061,0.4179925103023685,3.227160108906629,1
1.0750408616434937,9.893945709676363,9.418611950660885,1
3.8244555681574797,1.413280009858091,3.971872326436646,0
3.5343164393567426,4.821893698875255,9.579408234204163,1
0.0966885651156002,5.142797568053734,3.363178953367366,1
4.571782435295576,5.53560164031941,2.0197163844467516,1
6.047759892826741,2.947169318064274,6.064031767227091,1
5.391926081948438,0.25386936614790856,2.1624937048182957,0
8.014413343204934,5.556300188406539,3.6011455486340074,1
6.461792308932758,8.36323860607391,3.5356694688788357,1
0.5258776536851884,8.408890440623916,1.4371432701339892,1
0.5756253078167395,2.277006504650043,9.098099485481232,0
1.6363998421765868,3.1358216322176427,8.557178009887439,0
9.873725994335688,0.8291187582319592,3.24813179071462,1
4.771266398596291,1.490758370273353,6.283582126927475,0
9.549283817829446,7.361534468474079,0.17098274598266738,1
6.306157570336937,1.087465257903143,9.420389628492616,1
8.385523494379237,4.233626844380102,5.344184492201006,1
2.8088921361349284,5.796466779472293,2.965824127438853,1
4.676200942989199,7.150536776394788,7.870809416730209,1
8.415151264569342,5.440546874560328,3.0512516991746375,1
9.570704812087143,8.525361650390984,3.3643970817955537,1
3.2791407903532557,8.727692031166766,8.853848766364852,1
0.6249161752156929,3.087288815519286,9.424713180534521,0
3.46466139295482,0.6298533179430088,4.57951639233766,0
0.3856777436034764,8.091506722089202,5.936348615028601,1
6.490329293865633,4.493816570498238,4.20970486392148,1
4.62262232360797,7.096839207942663,3.0733547609489653,1
8.248443611361683,7.942763556156235,3.2990815162273037,1
1.9987383504656508,4.342722962321513,2.095077984040763,0
2.4873129838846464,8.455060802446463,4.5432418964364345,1
6.422965020056987,8.287469090604262,2.012371188627001,1
0.25533997837562605,1.0740896469768924,4.072373080851797,0
8.851570369890466,7.5989586142255305,0.7378549511194243,1
2.909205404360823,7.885327765057147,7.4422076871772544,1
7.666899651864218,4.343913789674745,1.5651475081669275,1
0.3469632583426163,0.6935798478202004,5.917316163731941,0
3.506329986160802,2.247305368344845,2.2642769497060753,0
5.632711749313194,9.83619837906464,4.9038186682023435,1
5.993271418700243,8.117304142655943,0.30166371710516615,1
8.458248142632968,0.8835181860382424,7.840497900056702,1
6.308399919614142,5.34102776788078,8.137818241983913,0
6.150927651044936,7.4512749896404165,1.7826532722070387,1
4.364307683878385,4.1442707528988665,2.067434781026164,1
1.8202778287554655,8.384644953112375,7.279243675391594,1
1.1979371816874884,6.429637486795469,3.3641845285206284,0
1.3772967423618754,2.7677314072941073,3.58419473305052,0
8.393486960259695,8.685882156982615,3.0507643264384408,1
7.4314046543609305,9.47934110492769,5.295269846323488,1
5.712525242421548,6.361544821650576,8.076478441303875,1
5.491157792498842,8.790505631040434,1.7812117354321577,1
8.501217773404552,8.071117710289426,0.12883439768989646,1
5.214019937101942,5.067079434775615,2.5893691709823363,1
1.887360577102598,2.7103755704079937,3.3773246849866534,1
8.799076269971199,2.068812990222977,8.7617720969059,1
3.1981378860316436,9.333266524895787,4.545549576779307,1
1.5939265675475156,7.917653803984189,2.740004985582071,1
3.3960800527823833,6.18918433667051,7.1125949416852885,1
6.962839856257512,0.8731174376948969,3.9272162938042654,1
0.14606903505894442,0.48354133075791395,8.457205383146372,0
9.824394119236917,5.435585975350495,1.1622263622662732,1
3.8708522461326567,4.497979938155864,1.6077594533254513,0
1.7722500533343677,3.6855933214336756,6.183729739076883,0
2.530943477333132,4.385654105281851,2.7254527319575903,0
9.038627964786354,9.59097850853389,6.084264056374752,0
8.349833720008567,0.2824066241589951,4.822522888916016,1
5.6940340058403125,9.494498578776016,9.793916401761141,1
6.077326376236981,4.658177395222509,8.448845061914374,1
8.137355622284101,3.3683512572873155,8.388515135514245,1
8.647322698651243,7.767053079278007,1.5773451293087293,1
0.326501878269182,0.3324998189206818,1.3003494190726017,0
2.3361502876559594,6.887055251726538,4.731469964800055,0
8.681005643431398,0.3997951957997059,1.0961664801308524,1
9.019524494663695,6.886391427443462,3.150540746591124,0
5.5958432669467655,8.724374068303707,5.870632580742164,1
4.000471954184469,6.696200005889038,2.9354648163184303,0
7.030832039362301,3.969995647333314,3.318923992160283,1
8.668107333120934,4.809231584343255,2.7794546050393807,0
8.850861716124399,7.907907929270466,5.155909222346812,1
9.481595031439044,3.886042177198612,6.718054116174008,1
5.236297822445043,0.7399526795695022,2.979511875353693,0
5.714730526630449,7.297015056532522,5.535073304794819,1
5.098857830744863,1.654262030200374,3.658669942388447,0
5.061781042521515,0.363277899104143,5.296337855761789,0
1.3568662728859937,8.108961946760793,3.930763045883381,0
4.591326858064817,7.729229389418332,3.25642170488302,1
5.470442925740739,7.625308155779318,2.0714988317501426,1
1.1006609458281758,8.373699538613598,9.116334016496895,1
7.888569977434164,6.739738959104624,6.291029238211593,1
7.090663577768639,0.46638412341918234,6.278034866127249,0
6.943180927488881,3.9440116544981074,9.320234719100114,1
3.1998400616269995,4.5064846658231446,6.147477329127944,0
5.1865812025682,8.372379229801675,9.964797522946476,1
1.3459567179488463,9.816827360107666,1.5782734102994334,0
3.574755538757526,2.092082498000517,7.710765675145438,0
3.33224567054729,6.923985167222726,8.819302528061852,0
9.775544292601078,5.455777553997959,5.129089828045085,1
2.962102317574139,2.761383323671752,2.7045941520168473,0
6.521245848723945,0.5528601029402014,0.06998957721283561,0
9.84645963258543,6.6159707261724146,5.821648313196027,1
3.3543778352693474,2.4805760481656494,5.729434932045441,0
6.578301219527566,6.021312767885611,6.849161872518719,1
5.314183058347085,6.546524772560374,3.8637332177368267,0
8.307313740496218,4.480286337007049,5.980319637076671,1
1.3601572759801694,8.19980845997171,2.128734568705836,1
2.945011463366755,8.501159901462824,3.1782443436494443,1
6.95426994484608,7.612710597184722,4.586777012524818,1
8.396848012141074,1.4605340634996256,8.792472874119063,1
2.9787982499539556,4.510061397706337,2.466690796975465,0
7.7586382799074585,2.7880729462806277,8.854223794682783,0
7.906604354570853,9.129752758290973,1.215476608899081,1
0.8575566523705391,8.562037852101957,5.274474539521943,0
1.394595324723763,7.8188005253128035,3.0888819355448938,1
1.095215763979479,2.6514050922283214,2.991131021603949,0
9.952331002776218,7.661100997916295,6.998424390371593,0
4.714606479672151,2.5250605714280336,5.072842350716032,0
1.365995781949062,5.767925283873812,1.7591193046455078,0
5.36838792545116,2.4877506408978145,7.383428846026251,0
6.8090311539735175,6.422672627330109,3.4855825015667516,1
9.98614260459601,4.4328439030595295,9.568064927533568,1
4.50482387760999,9.5887383847071,2.036100078443143,1
0.824833746237057,3.74276167021355,7.542181571058445,0
9.56469997841573,7.398594652880449,8.45544348180174,1
7.720313657576129,6.21412120203261,3.432299883150789,1
3.117774752779429,5.842262095781953,8.029158929338644,1
9.168231611824588,8.576571900795123,0.13030442781154616,1
5.2095197671127424,2.519180204811302,5.630955561273748,0
4.6424803421511305,0.4766236900675902,7.97464101876539,1
4.43338971917346,1.4078090958990686,9.195340926025713,1
1.9259966364688264,2.7076280266761668,8.045644340515953,0
1.1711937552082896,2.7700959711716044,6.9598178380164155,0
7.833170369867894,4.459856925843413,2.0300151017672796,1
5.369675296888867,0.22234892237848913,9.44211396901068,0
2.565184564104187,4.4721602033131855,2.3622537120246987,0
6.882513506275018,1.6352891427633953,5.2986820021285155,1
8.78238893667949,9.170884070305537,0.24677754008423203,0
6.67554217623163,7.18761364039107,1.6915473543686677,1
2.5177106510591485,1.894088417018639,9.28023514534376,0
0.49695982545266637,6.491852996544642,4.95297327023423,1
0.6933780960498992,0.48359451833331124,3.749418850632993,0
5.875593362159783,3.9389616747832266,2.471255175610154,1
6.5517090396444875,1.9123552442847402,8.795511160793634,1
9.226153490609068,5.669898712635164,0.3972943513356586,1
7.072004600523333,3.626290392825556,5.360931642310795,1
3.6284899062932006,7.7414119016117535,3.8470664238103125,1
3.1555487842631855,8.017650213594766,1.594159528668555,1
7.052242934763935,8.155678767683535,5.192406103105341,1
9.188624891614799,5.009476871577602,6.147526117836044,1
4.133947727778901,0.9193443322318373,6.0182880508073575,0
9.58252572425515,3.285253115966782,8.781608730422825,1
5.262994340976456,9.23642709138887,6.523928076398706,1
9.908219670063383,2.6792955965371457,3.998451069077432,1
9.445862621590003,6.056302401635575,0.6683108812605387,0
8.205182947333862,3.2509224671771833,0.5238608866087446,1
3.2053266934279243,6.739190398308011,8.659343215033786,0
8.341262806664444,6.214713806212851,9.496424200776993,1
0.916410154738373,6.182994332841845,6.304706209161427,0
3.0848664647297266,7.076897446684313,0.023551304429220155,1
7.535947382616941,5.475550765226883,6.04149556997959,1
4.680394187636833,8.97965956708164,2.4090002270894892,1
0.5492301490674967,8.611632957078742,4.53113039143633,1
0.8796000062886034,0.02832372792313631,6.96442178425981,1
4.090976636220503,9.735622283161886,3.640193491650936,1
5.083456051181891,6.124886473482759,0.8963557487787155,1
6.413743582382714,2.6235619214090553,3.7593068166458177,1
4.065484862617618,6.178740044052713,3.58873425100127,1
3.1691648346127943,6.437810131971348,5.844147585208768,1
9.387538205752252,4.4072704125395825,8.863374491336627,1
1.1957809186315582,1.368819711000695,1.1778676525206533,0
3.076169088079718,7.457358968983062,8.847123003626116,1
4.7383620266598765,2.18904654555704,2.712442464794649,0
8.355786847611611,9.024070986086672,7.879282995329752,1
1.754299819267181,5.928805943423503,7.824418441381972,0
6.482820382776396,5.330208311936903,3.971953880900092,1
7.888971537913868,1.9908494546542432,3.2809335850255774,1
4.852116045003418,5.482756295204206,3.5608755741392506,1
1.636036711832336,8.208154281198123,6.930093547693126,1
9.323560804948153,0.47995842388130816,1.7347446080111817,1
9.171566685885962,2.680591194237707,4.141035820316674,1
4.310508346205778,3.7483708926497226,1.298770830446856,1
2.8792452307367276,0.1846860011285012,4.988151883308371,0
1.6952903071956993,6.442406042399506,2.385703970172565,1
7.512838458761807,1.0595853602815675,9.326708675730407,0
2.836072258003639,8.203957303590013,8.452124283425492,1
9.217746316322238,0.9260583757883567,4.499523839571586,0
5.7598394325954105,7.116827874669806,0.637770363831226,1
1.7924428906455447,1.7585154462960095,6.15417793468071,0
6.683835626429579,1.467779309143683,4.616475350223328,1
9.674603048486205,2.891315219837879,9.422249561731029,1
5.376761940835091,8.957187463944239,9.316262677807547,1
8.314785677598149,8.548603495003519,4.89597939740523,1
9.366638185002333,6.945404114845914,4.971390599246726,1
0.3018583629125604,3.4316447817617703,9.945646985121595,0
0.1118869678709955,4.254707447603248,8.684735998775649,0
4.0997014319978,1.4397669505154076,6.717877534655905,1
3.6223721820156776,3.735116679470666,4.94748814294476,0
6.863711154911592,1.487634656748421,4.3648803243779035,1
3.807836739905576,6.741541125216366,3.682918206631718,1
2.7634896160050824,0.524606036036277,0.18951948610393732,1
5.518928212085603,5.7005235847843005,5.143224559242547,1
3.053750340996877,8.494326772405204,8.182095071656828,1
7.132636729086855,8.500893062171547,0.047536885226791004,1
9.729774346050016,2.232910192076333,7.766448087101152,0
9.406967125983673,2.192121624641876,0.4162260861841205,1
6.454711365620916,4.038314074263397,5.8349856212736935,1
6.406651182579143,3.3004277271158253,0.6739995667238619,1
4.4047638730007055,9.152744017341675,8.145228745425344,1
1.7792861437798424,2.0263783451794026,4.936371536292555,0
8.057646063350614,3.2946155505641626,8.974816823999273,1
5.876429658633844,5.631327181648931,4.7275944858568595,1
7.924124189475394,6.642083645375977,1.3715717942517935,1
2.6130064305578857,1.3715970425186252,8.501521904935053,0
4.516206621751993,4.480520686310559,8.399553107274713,1
3.7554859070654767,3.3119148654893737,8.507209398433375,0
5.122971528024665,7.484185731671685,1.4338454706443848,0
6.927799395855713,4.568317289438316,8.083663737847791,1
5.274429108083467,0.11812933243742885,9.603620193349887,0
0.5541290899780338,0.09801715416914325,1.451352571728316,0
9.834315466566219,5.308904686967548,6.0454219668576314,1
1.2793435931602581,9.520844203919976,1.1140156854831984,1
7.720227930325324,7.759845897722245,5.537458060143634,0
1.2095430138647811,0.6466587985195793,5.9730863307333255,0
9.666316273762225,2.4832891206029273,7.996769762105506,1
8.130348292100416,3.9969976316329925,3.869778424037531,1
2.1228158137603206,0.8082349030741243,4.274670522144049,0
5.508462844179222,4.938494385038207,2.003658110927949,1
3.570306493869577,3.8340113825210977,4.273727997453922,1
0.6287755148614038,9.29544556237866,4.150903841834902,1
7.44518016161274,2.3038070618802564,4.653275847937824,1
7.441838571682053,1.1294836084363635,7.669250468783778,0
6.158853843843948,2.66125848034358,2.8673866611375267,1
5.62001346886928,4.582814231424665,3.609456288677201,1
8.41112370818098,8.055626862937874,3.975045126075316,1
7.086383965151953,2.2444797340737113,5.845153985906491,1
2.5790575035630114,4.892192479959085,7.4625629901961865,0
9.79117554242237,0.5337829499908053,2.212556578099373,1
1.272442757139438,6.5879993326010275,8.991741375114978,0
4.983228709276987,2.3340137051931196,2.3194116435639756,0
7.347450934413877,4.3491851702620465,3.9489289120251314,0
2.9746143324141014,9.462849264484607,7.696983952015986,1
9.481636566207701,3.25354443161555,3.751461559971785,1
0.8590756887335882,5.098872866445144,7.814896662248879,1
7.809691929339083,1.5148246865704906,1.7580191857196048,1
0.8260971285398166,1.1215083271665793,3.042462763870618,0
3.438820654001912,3.0440966645733103,5.5882868610128344,0
5.9591686994107365,2.6720148973685607,1.4949537648564404,1
5.5448155560912085,7.996884306171967,6.541050852572906,1
2.5616093853839264,6.923040001999818,8.203434115240244,1
9.251828299561275,9.485216423875931,7.373811709058176,1
1.7515495694583227,3.5796381859689,4.111980010103564,0
7.1780928867041505,3.360600044214195,7.660830914973823,0
6.12486600671006,9.191511541043903,1.0664220099124344,1
7.223057389515777,6.240553656449288,9.96336664728936,1
0.8048842681882762,7.947308922077942,1.4182312212686055,1
4.630107397158691,2.924959701584479,5.713931289159216,0
5.223536563063931,7.723328813752167,1.0313759903160835,1
9.846477545681541,9.235511119768349,2.010149257495968,1
7.192615495118739,0.05611297573615004,2.5800342228786333,0
6.087948418898948,8.430294586359068,8.008390447494342,1
8.99288034580017,0.5787579472132154,5.158849435118422,0
3.348134626666306,3.1359939952501668,4.528030947928338,0
0.7582064369722041,5.389819708024476,9.325543989856527,1
5.056530638556303,5.686036725780333,7.122860974087956,1
3.7166304015669462,4.636151932534766,6.607457689078199,1
4.211970775602861,9.63166575458218,7.893294180975281,1
9.382332195228487,2.5677135682519383,2.58604131735092,1
0.19691140278771946,8.003591585827113,2.734503205006461,1
6.8710424093747955,9.56069543099671,2.4535161239014327,1
9.272100070186909,1.2619147642616246,8.615488869365938,1
6.38440951552999,2.9685250399781182,8.10408771455041,1
2.5907032625467297,3.6071287191117785,5.537913033562764,0
0.7922014416476175,4.948686730012279,9.001474082662842,0
2.488852939247975,3.4183535831860032,2.3379546596924428E-4,1
2.1978708349163534,9.576973494775714,7.489987343692112,0
6.235668243543381,2.5857408016591332,4.842602475272986,1
7.250948368808798,8.4627608412605,7.6429997044694105,1
4.718682517837652,5.935474811971587,3.6881548692984234,1
4.279956330048361,5.502777760276409,8.590997675520281,1
8.471484004575684,1.1886103375486545,6.232432856987704,1
5.124819783476497,4.69687041315192,0.20623454981649192,1
1.990957054837308,1.4602417486208563,0.49401527199832374,0
1.120056685698091,4.828294994825713,8.844452010768073,0
8.49436216748275,1.3491019059409837,0.24105346263916805,0
2.871664660183111,2.6948426710321414,5.775573624552495,0
8.964965184329987,0.034778687539475106,7.59194679427318,1
2.4321481382162347,8.749674463163238,8.0339408213834,1
7.826330695653374,2.826288853329891,7.430725748179268,1
1.543296185580001,9.854266253381546,9.095745451101024,1
4.399202246259543,2.340582178406756,2.093839844570793,0
0.8616805228848867,7.420753757537239,6.043311043798692,1
7.584950176715312,6.9393803522942115,4.48955147028185,1
5.256627232506752,2.2083838593505267,6.0602160917110695,0
5.256907026169744,9.488202811806694,6.7393652537132995,1
1.4792402451664,8.24084493865313,5.761533285826758,1
4.521156913149814,0.8015845660896248,2.2594632252360745,0
6.209906803710142,4.591446014291712,3.2999302911998205,1
2.2254217014477318,6.587269086509195,3.6425841949731685,1
5.114996786444453,9.517746200180605,8.156308798132288,1
4.269715869567494,1.5886377516388905,2.0935200214725,0
4.0573939433524355,8.22513882802312,4.629872962585296,1
7.264516153655122,4.435960072716379,4.800150785938678,1
4.3206747130884295,1.1752445906391362,3.098189643168806,0
4.145038511518379,2.6508373896961688,6.078965681744225,0
2.520262039689797,0.05162177851943728,6.892308780036917,0
9.736344322218782,7.208185903954209,9.931991482608053,1
6.0096584496176995,2.368222525704773,6.141333404318101,1
4.515303522265782,9.23691475731682,8.758799324905944,0
4.016693596137721,5.387426940888085,5.5900611721923905,1
1.7169949057881628,0.016229084570120733,0.8630818346175073,0
0.16965062303048062,7.145229506189384,3.9818406993120425,0
2.5440172616597367,6.878284137058829,9.689662704673003,1
9.560672738029814,8.855850534612895,7.382761958623274,1
1.350119127649787,4.5555565140599885,8.324290070047365,0
7.483663917337849,0.5037033663758061,3.5188060857931913,0
2.488270596211841,1.811581720773906,3.9818082592445347,0
1.6464129613226597,4.216049438695514,1.9943549119755644,0
0.2741911458089752,1.9098235258182716,9.104738362551256,0
1.2203363096173947,6.881403631258378,5.604280967827252,1
5.218639395158242,0.5182560698965233,0.7156706137970825,0
1.9618185763681006,0.7562037315206138,2.040713637616147,0
3.0275406529519753,2.0644071019030505,4.875010387934784,0
6.818718065196493,4.102230481227619,1.9226740128486575,1
5.95231194414827,5.948285959234867,0.500754606749273,1
9.936864357191391,6.935870182737841,1.640246604049429,1
2.29420927979045,0.14651382860817797,5.760828331959672,0
0.6196027082457245,7.547423982377451,4.692738258582603,1
2.9877524764765937,6.280669593093498,4.461572707777869,1
7.926980501049035,3.4978783477441966,6.0447596486004675,1
9.377393540940446,0.1231303775392445,2.5152913578565963,1
2.0777419016775345,0.5748507939852776,4.710076009406109,0
3.458931323065805,9.25963848559827,8.471358009168897,1
1.571885007952808,1.3403830123770832,6.768330550888515,0
8.448045189285004,0.23275368132068985,7.642932689574206,1
9.388236883899296,8.399156985153418,4.787586173620176,1
1.596480209589537,0.9298943044337804,1.720117282278416,0
1.0900470073177126,0.03129962809625075,3.3629819395514082,0
1.0801065622453843,8.23454232312953,3.3929791695359626,1
0.1060880924508556,8.43219651279813,7.016826503042858,1
4.842492033113704,2.7675460466854043,5.755938795993062,1
9.220019056356763,2.415422835400507,1.8747080867203192,1
3.110628092671339,3.4047062797282015,9.57829483888875,1
7.329172649492773,1.8432824244694068,3.0449427816566588,1
7.409184389138545,0.15059909654282944,4.377704790029559,0
1.6729600909830344,8.73284788492488,5.613885416118039,1
3.806166283487531,0.7137088055960139,6.7003369962505275,0
0.1193535873084961,9.428162675454173,4.2884390289436745,0
5.837207942318473,8.31235941201437,1.4276201512690079,1
5.505235258771577,9.928498840747778,9.910968506843854,1
1.1236691758188044,7.742104807800878,5.972544234404572,1
8.790351823664986,2.0886403730889103,1.7042373823622403,1
7.978609210228682,8.445193284354115,0.22115983103415338,1
3.1642224603561675,7.247916400336805,4.441100281952693,0
1.0655092423608592,8.444202690324374,2.232205025776959,1
1.6995033370837964,8.854652050011453,3.396498136945356,1
4.1277862122848195,6.6367735182436505,7.4917789704920725,1
5.231340565903194,2.114062527623355,4.148051063302061,0
1.8792270416096135,8.997621821850343,4.205010677419451,1
8.417410189603409,6.679327375202142,9.409642437363738,1
5.120301201685679,5.585996245394834,6.093437236864366,1
2.4295328119953674,2.962587614395076,9.155695354823335,0
9.371377460046585,8.677359799940719,8.521957058953932,1
3.257349206069761,8.67579792545997,0.9677519447910388,1
7.827063328099673,3.4146852648018076,3.9147730914565715,1
8.342447835953003,0.9463474865383537,0.9197474893840196,1
0.7139226932212472,4.303064094713135,4.763549275315379,0
4.736458998193892,5.231739508861252,1.0606084615446154,1
9.146781918901908,3.811282384381668,3.477545470464877,1
3.792578953490601,3.9402928418918814,3.558149473768133,1
4.736886318694164,6.509474133644537,2.6936229844726234,1
7.69326075766376,3.9420341437181805,2.508390623316099,1
8.243127534578814,6.754973933702832,4.325360421698392,1
3.947563316450158,3.290248586704955,7.33855723196068,0
4.332246108864094,3.4078508148656574,4.910565383137896,0
0.549810529915491,4.668477929827324,1.7905579539371441,0
6.128845407286727,2.307864030475594,2.7071094889387726,1
1.1884639854500567,3.4273967271024928,3.947733732477192,0
4.844818042986459,5.50977491109553,7.147060791811905,0
6.099301586806371,9.61383714628795,3.2985436562500245,1
6.855052661604255,0.6574407659632664,4.217121645272645,0
3.520560620035723,4.457032158400364,7.891061958909502,0
3.3934170728085555,0.7868678682634733,9.24418793526732,0
8.707575386485527,1.1502210807314983,1.0341287473161043,1
5.4517414874876415,7.563893741110784,1.3086456679736802,1
6.994196945211533,8.736730164586094,4.360258977800954,1
1.2409261476728495,0.9974164210169256,5.85907250072892,0
7.894827568469434,2.5519105777532025,7.86211131979749,1
1.6605127701072753,4.532905220599135,0.13058017233548158,0
5.107512542886717,6.365503044761699,4.571936604441258,1
1.4997743844307976,7.823941759064246,1.778315516271487,0
9.835637143095767,5.752382067931226,6.44218169050045,1
2.521895526462986,9.904079436808479,8.47474834513447,1
1.5801331535731544,1.4606671992663467,5.045845270136093,0
0.5982915114785647,7.678599004478302,0.4368802175441222,1
6.773897844778444,1.9950450320308122,9.084624103647261,1
0.49018976214218357,9.221723602269872,7.131614323951517,1
0.03154980143514452,1.6205774282842011,6.9051697116677655,0
5.615687159003917,7.333807339403514,0.1125131235468424,1
5.055586457143645,3.716565060537177,4.640118440603214,1
1.255209865501249,7.935523045764716,1.3490394339796286,1
4.00320129104303,0.5454266105801397,6.1065753476254265,0
3.4850469119183423,3.755334279918908,3.1013907630091087,0
6.266687291356887,1.3488292751736175,0.7569011728167541,0
8.503020963993354,4.954762129556082,2.928136443533739,0
9.181129690360365,7.370040143477944,0.8280167415113726,0
8.424492971761058,2.9295902768792423,2.8975130965489027,1
1.624779001221719,5.827544032374416,6.498879966076947,0
2.940876874258791,3.7359088917150016,9.672867817611365,0
1.577206345932145,2.775852449476106,0.05959511804784823,0
3.1400435231111565,6.205254722183582,0.5061942589304991,1
6.578413184240068,4.547851983487821,8.46485425668,1
3.882979187802743,6.3981191904571775,0.17991475969736936,1
7.308781907032909,4.100808114922017,2.077148413097171,1
6.588672394716129,7.107396275716601,1.5273620134152177,1
9.398653887819098,9.471949176631938,9.370821488959697,1
9.139628760146802,1.5933955153907886,3.6900255838757188,1
1.1596708803265776,7.705358800791777,6.5989270869342,0
7.6167469290199925,6.23972537215988,8.7926296435219,1
8.052277714737137,0.050251759924525574,5.231351557883331,1
7.050099543038414,2.750299495716141,0.7538779891363978,1
5.771002613742765,2.0491354575856158,6.233638106316658,0
0.012985767526091374,6.835265034592647,4.862595823117322,0
5.403970647837965,9.738340099187003,2.454265535812956,1
8.456556680441219,4.065408324004243,9.498398487740127,0
8.89908751655377,0.3832689331927541,5.923792438629388,1
2.2880198240040297,9.918821104239925,5.8624839759353975,0
2.0673750736050733,3.7464950029397013,4.633497875694758,0
2.9073219661731207,0.5144836759769278,1.8354019521148224,0
6.304048639228538,9.095840355890243,5.076599160699481,1
1.1667030198550488,1.3683046859641235,5.460894065696358,0
9.624145927337464,2.0949273346356434,1.7264882091400524,1
8.011570655624329,1.0984105747663708,5.187868593512572,1
6.9900662243448055,2.0463555220568552,2.549094512998157,1
1.7437109686467622,6.9959157680128765,9.289718539061933,0
8.363149477563287,1.6310352738831468,6.374974298594064,1
6.544260178683681,3.7287330937352725,9.105662089639498,1
7.070442260539652,7.233716462158025,5.094929196703692,1
1.3961380948493218,5.965788023259455,9.472601685521136,0
1.2367122850292422,6.169513867462899,4.818623552605982,1
0.6344924296656074,5.908697996753509,2.8400916742442694,0
0.7302602021384397,0.7404792727334575,6.79935420191025,0
3.533391893503619,1.5497499480308297,3.6677131584023357,0
5.986324882746571,2.9209341135625424,8.764426533244832,0
5.3976186250497,6.418366935224562,9.706215451850492,1
7.298239289350995,8.867444223713157,0.43702698296824716,1
3.3865529093816504,2.9912625107055835,0.8425210509432035,1
7.638204881746642,4.2770008141825855,9.991834307905936,1
6.304712233889196,5.52807920683817,5.434191027585561,1
9.072811901181929,2.4648563130230903,2.484887670873126,1
8.540497770565885,7.777116836210353,2.164066629919823,1
0.24472129835244494,4.510085026154496,3.6913431550132705,0
1.3106811310712574,0.420465272087327,8.242939221199226,0
7.433696227652655,9.291026104275344,5.898935294704389,1
0.0835172996654876,5.463739748985185,8.355200336349425,0
8.805986697893163,6.3040144078499125,9.288937133245545,1
2.5596265129217874,2.4133557316110443,4.242532408562106,0
3.786228753606087,7.866092457818081,7.127521677660935,1
7.975630575736324,5.270359371612791,4.17635400841109,1
6.670733531962961,4.26443047409429,4.005571613130963,1
5.472240204409619,0.7540757602088,6.511446583668766,0
5.127188233824031,4.786758722065944,1.3116881312494189,1
4.496849096485467,2.678978546190441,9.478478389840674,0
7.77950272380208,2.88100716049866,7.813547336294311,1
9.657951145846166,7.803252822027568,3.1702489324184135,1
1.302219280116259,2.344740875050564,6.560824389883995,0
9.002531402702127,0.3589487448776152,3.76426323060411,1
7.237512084322349,7.76990965679351,2.4227614275862077,1
5.690815813063681,4.54069239343572,4.6973505022994635,1
6.379468960547,3.033671447590315,0.6539702112886914,1
3.3506904939437954,5.793621872241996,5.2139673089945955,1
3.7194051348653154,8.571270426792013,8.070763655241631,1
0.9932129480311946,6.798073356207139,4.161747197774837,0
0.7436137629811046,6.09141081433683,1.7866235941017028,0
1.5354801279535624,9.30341367092405,4.595105516282981,1
6.912259325002928,3.490107239093957,2.281355022594692,1
3.3793499461756826,8.337981821580206,3.882611172635725,1
3.4898138772155587,0.5309346425588812,6.061902042033665,0
6.615555820426838,8.852840568088368,1.8916682818520114,1
6.864305832800729,2.2457387021115425,4.445994347448496,1
1.0593599125441477,9.834627160265091,6.010313677179441,1
8.15770241451412,1.5557863513492431,4.534042358503293,1
8.912893764628846,1.5615289691476886,7.461969601409884,1
6.961128822508109,0.9487740515771204,9.588080550158974,0
6.775947514712604,4.540749502885464,2.7458499449969507,1
4.699535995042926,8.196823891995006,9.6909724727718,1
8.717937212122447,0.5175247805161054,7.261926054063936,0
1.0037536978542638,8.189424032001662,7.4785980727333765,1
2.264570758894735,4.613744283621424,9.307334603187682,0
9.451020901929118,0.2757389059275095,7.469231770524976,1
5.005414178749712,0.9658143064168878,1.4435450672629846,1
8.187796102262062,2.148099347753689,8.337721028642607,1
8.264130598391663,2.981653916313094,1.5886449518476242,1
4.613827089519154,1.1963981246009647,5.105833271180019,1
5.670332023034996,3.709958577132386,9.341456199883872,0
8.82235198222148,8.799772068792894,0.6045988412760983,1
8.070985709019489,6.609951737913598,2.855527646162972,1
2.929819962005631,8.855046786130782,5.443435774165437,1
9.857786921121356,9.458034984369984,9.471917158334609,1
2.4928496501916895,7.966813038398515,7.079271000862475,1
7.181457847851505,9.030188632321954,4.251469147146576,1
9.611818478109091,2.3811349128998858,4.53188192034624,1
5.499313036463914,4.547298864844947,7.261179669683916,0
8.64376433147161,7.989181522497233,3.4978060673208544,1
3.3072236019363945,5.052657191748146,1.6459819868017034,0
6.696159391389869,5.17706382941291,5.543976034553895,1
5.1923551232147345,2.020534004643201,3.4593908687341477,0
4.783721386416097,8.752899735987773,4.124412921387338,1
5.218259190477532,4.341976070558278,3.102072663046397,1
8.519218162609063,0.4913385234394907,8.898258680169368,1
7.171533347956699,8.270075364422345,3.84212480211672,1
7.714686576756621,3.593386447515857,6.031252520178065,1
3.057186399674724,4.715444875428879,3.4616879608455364,0
6.432766185523678,0.6780052697125838,6.027195010504439,0
0.01799710549873823,2.6258700956375627,3.207672378971113,0
9.344963074024069,1.733910707046602,1.655576541542202,1
9.40861746610139,0.951421370580845,4.085747423621271,1
5.819829326567416,4.477217800174952,4.1350888270193265,1
5.727322052251641,8.39831431393784,9.791671468082097,1
7.217686739169311,7.214348251941366,5.21093845119918,1
9.272796027098238,1.9848644347406785,0.3206290081655272,1
5.330504538112962,2.6773494080453997,7.4643553873209845,0
5.191866616300774,9.395372795926164,7.082503260862554,1
5.296246866520944,7.2135647982155815,5.289676136313823,1
7.803625719542454,3.6292994554808358,7.8210589186792525,0
2.6217089051868148,3.937107554939688,9.658499257329497,0
8.528790547152974,6.0607838585689855,9.26592151477449,1
7.688143887265757,0.9907626719226559,4.201451916403886,0
9.189948108139157,6.5023473650952015,2.309401828969305,1
0.0705024322089165,2.3741816496320878,3.620936740897073,0
4.072296814166157,2.7138687086296676,0.8841041086713675,0
4.720549021179022,0.8065270263659219,5.389938651852385,0
5.192339993959397,9.342861934596561,8.906263942293558,1
9.47067959880486,2.751385513187261,3.3851493876505154,1
9.414138177085075,9.343244957879149,6.08500565895806,1
0.43435042070922525,2.791236550157686,7.768110196253884,0
1.7461078751635106,7.182658935051479,4.883719773852361,0
4.868691581400654,9.167131353568266,4.716734811226279,1
4.379751357610284,2.791972684270252,4.478554300599463,0
4.437553346266209,0.18396287762270203,9.592076508355186,0
0.698730367058441,6.25956146413042,8.970780911568768,0
4.918359513022691,8.508216275886507,1.9637117894571332,1
4.122107561276946,7.589487177833049,9.11663950412753,1
0.9211602615295178,4.264645294272059,2.102845369480859,0
7.504614740649318,3.6095583062390793,6.425044042136294,1
9.623710093623833,0.44188841083690256,1.7786127395043716,1
4.048723537185194,3.0989791721585593,3.5774948199805245,1
8.227389827316095,1.9606644969043951,2.622378210397611,1
5.733335218509955,8.026511037243376,9.56271100099609,1
4.503830711608291,4.272329441204111,5.193948213002594,1
1.6103112734575808,2.8643142638632444,4.259271686359881,0
3.8764033804338127,0.05913170164269621,9.081138228865418,0
4.0849013468916615,0.694100345382469,0.7429788735380449,0
8.179828428638071,7.894103336576885,7.79971268183883,1
1.2069929545770608,3.20852827896113,6.563312927613545,0
0.5773993228675156,7.450253028204447,9.534118642625213,0
9.61620180006584,2.0363148713877646,8.707560860438548,1
6.49751467314173,1.6406191780526103,9.824722374481876,1
1.8384106568896474,0.25053958284097955,9.059668067985298,0
7.115609604188662,1.3356614489950402,5.514879594708586,0
2.7794730322620778,6.05328579472981,9.300959846636799,0
8.62475949901677,6.816817083468104,9.358384873199263,1
5.459671173755193,8.905862211050836,3.454229368966452,1
5.729698409313607,5.048158077666062,1.975024939824983,1
1.213098826643887,3.055911497104382,9.904944042652753,0
3.382782939863087,4.858429856148467,0.0805007149256931,0
1.2218968222754811,0.302439686512489,4.290805064199491,0
1.7544140930597707,2.4540068285954053,6.921118011320444,0
2.907639787050381,5.826525495660741,0.2181488090830075,0
9.38791489544405,3.5803781304628144,1.2270489981648192,1
4.383982029368994,8.899630903571493,5.988473090423083,1
6.949890761208142,1.9727850544391745,4.0223549373369485,0
8.139867823452253,5.948599605471028,4.449193583595067,1
1.6152792093097845,5.0379709862392,0.36159244574331395,1
2.2844913656061463,0.8160046255607334,4.7944497062812585,1
0.5893456450542967,6.398476794183242,2.7192306506143407,0
8.512623758455915,5.594652194373938,5.563347806814915,0
2.6878773097008124,8.769147706796529,6.315651897870012,1
5.556733347985416,6.162840472049068,4.379000193741026,1
0.517352547113149,9.00347956045428,4.483477570430564,1
0.4901761569354224,3.26042102678291,7.266446278198977,0
6.701884266609721,1.22538187840041,9.596579962395817,0
4.046944246938907,1.1017154868842893,9.558826086455092,0
3.9765264802131672,2.137670559694439,5.599131484955855,0
7.252815326531689,8.700982647755842,5.107127701378353,0
0.5985558055055706,9.113113991941288,4.046340063398434,1
0.5399609606413291,7.796685374469567,7.549970129644282,0
6.955100261139812,8.699603676053085,6.358671212329839,1
3.6298223530864226,5.170598190400466,2.9549080575862643,0
6.080708547033209,1.205545513039551,6.696103545357159,0
4.387277364843739,0.1584705527643615,8.35528295574455,0
3.5241403205993493,5.676982414644412,2.070710409005639,1
3.7695845440782705,4.596190625819893,3.5362613408404275,1
8.661701576376263,0.46386348431193936,1.9454196703065907,1
3.0412335562539115,0.3676404051136062,9.613468235745517,0
8.472319467898354,0.36824044998642225,1.3991851646773668,0
4.376138813684466,0.7217351566484587,2.3966471652673005,0
8.660449648669932,9.513828264171822,2.4653551585798095,1
4.992285273345878,0.5476689561197778,9.298889629722979,0
8.338353813875617,6.064538108627783,3.909773473984771,1
9.433201966945575,4.838525839652266,9.15994351476024,1
7.569155789446419,6.61319290213685,7.865628414768424,0
8.943625264800916,7.912333760796666,5.979719874677128,1
6.485221319908022,3.768747600206491,8.367435529927254,1
6.843920944924097,0.34900954857348343,1.178401109852315,0
7.191903634875389,3.141502235037683,5.17834846250365,0
3.5923703944800147,2.3543573970157414,8.42640608759238,0
6.42370479947377,8.050697219680318,1.358333559033087,1
7.175054688677056,4.078171581016122,5.350164665777035,1
4.971413211443487,4.738963382042333,3.8161971854100196,1
1.0663832241780091,7.2363593951071525,7.816313984242111,0
6.4119619666293834,8.200583703701623,7.717537102042829,1
8.389710196663737,0.518596417405961,9.11552940850721,0
7.896377671063152,6.8766823136074695,4.800232204607106,1
6.931556297853252,6.397728444206617,8.80108824373081,0
5.137798692256847,4.478210910203576,8.517180705974353,1
4.108494007593037,7.739306383101805,1.3590028641889285,1
6.93978261625237,7.686637329454689,6.880133262067475,1
6.370821297822433,9.752327627690509,3.581716586530843,1
8.7049467071756,4.216531340452198,2.9631999613429096,1
2.4241446030365177,1.7640809562498139,5.41737800436982,0
0.9651955257979183,0.11518957066299018,4.564615644666299,0
1.371787956795748,2.8161560369275507,2.7573023178597476,0
9.336481508278121,3.7945720451233256,9.386232598115296,1
5.822283938401362,7.185694436193792,6.743483098414879,1
2.0176287913039017,6.156255922690343,8.13760908135628,0
7.867002678998189,0.9090994407477915,1.055618148101355,1
5.28891152275464,1.7366508481342813,9.986347770750461,0
3.38747857056072,1.575633243699095,6.46396544314881,0
5.67145115365194,5.305832878691952,8.271080892517006,1
6.165393689864342,0.3023416315813543,6.688942865061756,0
4.019488208012847,1.3300543204600301,9.463255241790453,0
4.5997645365668784,6.915400404172598,3.40405042147923,1
0.14188741814419759,0.16345370283433636,6.89129284118051,0
7.705274333469351,7.258281063063935,2.6734306851154277,1
9.215758219231779,0.8089930397096479,9.9636416618406,1
9.896271775776555,3.4502345547324387,2.7830427631706076,1
4.899609031812223,4.962172238046825,7.263756956345835,0
7.25184767049305,2.602034181266487,3.26415991566688,1
9.897892719862565,7.174386474792267,2.704109193900266,0
9.373482105514558,6.777484932085768,1.2055836722747548,1
3.9992438132249317,8.87942506501886,4.803913206436768,1
1.852742017580895,7.385702903516258,1.044508515995931,1
2.4271955493017803,9.67131028092066,9.449425179437135,1
4.969632461055356,2.952258687166168,8.623216503057417,0
5.900510098847382,9.377915589679509,2.5850371814050446,0
6.944740247907777,2.4151799853522373,1.1149186558358293,1
5.353510038714654,8.611959348166765,6.977766098449948,1
7.969182917306635,5.338309118190473,7.300280785574832,1
1.6020685679149838,1.1285923113513652,2.810301185484242,0
0.3582876675361246,6.3047478523608635,0.29343918995173635,1
2.033814371168927,9.113701724540881,2.452429208069673,1
7.3312888007957335,0.8622261983872348,1.5129675438125667,1
7.018791624224882,0.8256680223173574,5.26922129743488,0
7.07212826944887,8.551248441063755,6.903429721686106,1
6.746736966112323,1.139923175293428,2.9169098916556315,0
2.1247030465487904,8.347333319847118,5.609624005595232,1
6.027414525516372,5.434052836683153,2.855606067097256,1
0.5007417187194274,3.465027674595429,2.3110113915034667,1
9.474308630012114,2.4253376711538257,4.0799084177236375,1
5.059160950331116,2.40757277368832,0.3770360544525264,0
4.016683618319018,2.0988389263649285,1.1490683029868365,0
0.018198383116141414,0.09086761435049606,9.208505741521606,0
0.9531382069579186,9.095475912478875,1.2700200381318671,1
2.888428898082412,8.762070057937212,1.448033990275861,1
1.3580674951172222,8.54970488972376,6.6383324350676425,1
3.093348666609498,2.2740563681978463,5.136232867364614,0
9.311125007247727,6.429106428408069,3.4967049566231845,0
2.3169862332136337,0.17277386185081345,9.15078786449142,0
4.432596620233432,7.774085279486408,5.89394855162075,1
3.686450810860059,1.3938002010246187,7.903412344521498,0
9.370417123853095,4.858107406566072,2.5034123905938,1
8.308647723253623,1.9891107396160035,6.983706200273925,1
2.8978645498675224,4.904288343342875,4.60130869970505,1
4.8836684153165555,3.961201082323915,3.5130448347810272,0
5.2489113789475965,1.2662324045091966,5.558065637431538,1
1.5529517963152262,6.57720209502145,8.389813006218196,0
4.164870792162189,5.526752605673795,1.2814889270855823,1
2.664369217544462,4.068673072494214,6.612799890933073,1
1.4362365496982932,4.469506648874039,9.481785828328835,1
6.819240413088858,1.882913785932927,6.1325167379295635,0
4.704181784505899,6.306395789670515,0.41563362202368226,0
2.341579505238988,0.7323398023659855,9.17512951133862,0
0.22969901570390028,4.68861785448392,5.52386811064249,0
7.38816945500772,9.787592418994075,0.11615351841148702,1
7.160506306615295,2.224345239765891,4.925303769298706,1
8.81681073067886,6.482771846690854,9.439817025722354,0
7.933687934064627,7.328301792010519,9.57341043803021,1
8.40881695164146,9.616304714162077,2.568774675149598,1
8.388703446017072,1.6208484928035338,9.142118542281116,1
4.169064706552515,2.47028772757338,0.6094905326920697,0
5.163848938902826,0.6498606133268092,9.748235024722382,1
4.443225850626381,4.598015477662624,1.0741919331241612,1
6.715653149659646,5.3531466883729,2.8396132275351693,1
0.17011548091703688,8.04059867388829,6.445522093020988,1
0.03502409934864281,8.368747938570145,6.481160934733163,1
1.5295320320718186,8.79640989760264,1.811986716475359,1
3.983287642919122,9.92564658106881,1.1316810634188135,1
1.5939696276015236,7.730202087129917,8.934237872641559,1
6.998353010630244,1.9566086664791538,7.162347837904882,1
9.563926604082543,7.163775070728971,6.6883777222734135,1
5.459083370714306,4.600678127787572,7.317245682834016,1
7.271202895384661,4.29778023908603,5.3412264528006,1
9.145614328122301,2.8219390187091884,4.49318483147941,1
6.758455508544442,6.147005438602569,7.811695086125394,1
6.450945598273475,7.895041919665932,8.540612472652084,0
6.9259499902439545,3.460810942060484,8.098282348612393,1
1.404173125580347,2.650109557636519,1.7295999133616635,0
9.307746883507612,9.516653416961683,2.3216081815763134,1
0.591832226863197,1.1217677587919728,1.6307342827546933,0
1.215682252342073,0.0023090728943020444,9.52041423418176,0
5.1588942160191875,6.285063681780873,8.677069049658435,1
8.46852343684886,7.713031705253638,6.102834414256155,1
0.14265342721800245,2.8281069281192703,7.08858033161505,0
1.9563286461257967,8.751453631525766,3.870406506272712,1
8.381869923901823,7.633520470355155,4.851051797770284,1
6.140389299137945,6.517455626522823,9.92721799128141,1
1.3956384501358787,3.1585811113714968,8.03691161932355,0
7.236276173949594,0.3679868990238788,4.910407201293213,0
6.719422286284696,6.388686053351541,3.8089482050581602,1
3.1977225968279455,5.865287101394474,9.441949436723773,1
8.158919330772616,6.853496904378996,2.3766933692872594,1
8.574608885817511,5.961563131508875,7.032448746324873,1
0.5398570301119554,4.843744120829632,8.935485352260933,0
1.5672432790658442,4.317808107672051,6.869176658837758,0
7.399774219579955,6.265038568700789,6.473614235876045,1
2.12761842247164,6.285332107971796,0.16494767002495414,0
6.514972940035318,6.853983481895655,2.534074660876123,1
8.024313317024285,2.3930846762623914,7.860002248678731,1
4.170736244961564,5.38993672536629,7.709902623871134,1
4.452896489643852,7.8333559529960475,1.8260946757661878,1
3.6921914209703885,8.98726379890342,9.022180388999095,1
1.3874253989990892,5.50669050109733,9.554230763987327,1
7.910301649814667,4.403624339601971,8.18281149308493,1
2.855753346050298,6.763101569292271,6.4474015008500585,1
7.479935166768864,0.1713215757978126,9.3979513138177,0
4.062529370099996,7.669915247030752,3.280389076427579,0
0.7877460628228006,3.9282890190054562,8.932462902583922,0
6.815507282841625,1.6201440281198964,1.0250475117585478,0
7.752889588657215,5.51764772727158,8.45586049747215,1
7.408479591508779,1.9081922804921059,7.576369418624299,1
6.857753771378694,4.637672640133435,1.2776758291165136,0
7.4604313580244686,1.6689726939493787,4.470283906979159,1
2.091102518155493,1.5085088982963735,1.9672019460809531,0
9.187337243695978,5.261930325077614,9.251179818977675,1
1.0321474182576806,1.6248868998590604,1.2871429398214762,1
7.164547203855508,0.881813427882745,4.014103384202398,0
2.6713367342804153,9.128100726681815,7.162092001311383,1
1.297696813836361,1.4754987289959631,4.318132598821879,0
1.1086832301625194,3.0347919642693624,3.9918137625878156,1
7.805556670179511,9.800814817096946,7.560340378917254,1
6.673278497230012,3.7715177572009018,3.276936927752435,1
0.27847680442811606,5.4213225530038125,8.928479572810783,1
7.885088128403197,8.057148176008686,3.7483109012093063,1
9.373269232778993,2.4056653180170695,3.9539291474179827,0
9.358437814074808,2.5656426923900866,7.05773823960701,1
9.771412563055437,0.8921341973317665,7.384921216544581,1
5.51348062883438,2.727166120484438,6.007081643004475,0
6.867916079527166,1.4703762633000106,0.3094218779973179,0
5.805940862536189,1.9924174232404135,1.2964460605097416,1
8.643146329064997,9.666446534618894,9.223208468148941,1
1.2179735325536378,0.791307366073194,7.655988045881977,0
2.787526569434414,9.70494848440176,4.495106427172912,1
9.195729965487592,9.044196203771888,8.554907869065987,0
6.036525555745682,0.3449956547472566,6.867609593101266,1
4.027314369698632,6.842050291395272,8.85211327734056,1
1.0765738101227473,1.1191010388432998,2.849911120281663,0
8.533544155330558,4.408713821568356,0.9976307627407188,1
2.8333346924087377,2.0977887253299645,5.986476845133302,0
1.7043417184044718,6.1484389497250245,8.792408844139924,0
0.8916580716645561,5.729055378210792,5.577266692706237,0
7.799763825868858,4.942069704830229,4.9781574054307836,1
0.2988751821464719,1.4747354502337073,1.2354009050035464,0
3.242999489992849,9.220859502255642,2.896887408319193,1
0.7250931478249423,4.01117859227114,0.9594734864328869,0
8.130861927290855,7.725250150202406,2.9406655185377217,1
0.8179457522859113,1.2336614456013295,4.259137466080363,0
7.528641915545324,3.7287690183379296,5.29458060375691,1
4.698658077916167,5.788497046009611,1.6089139496162264,1
9.231628226714793,8.815024681109145,8.013542778505203,0
2.2410035048088606,3.7375598679063318,9.655008665923425,0
2.614052833340683,4.487822282801332,0.939369040347402,0
8.676002729820185,1.76182521996039,2.0534224488078703,1
0.6611001339649081,5.114265886667094,9.05895593269404,0
8.40149869788522,8.971760850227827,8.948970855083404,1
1.8664712599977729,6.865597497614378,7.98579223507117,0
8.315493575761106,7.254405792498001,3.770789909609257,0
5.796583553842021,8.039319290542464,7.04443514480732,0
0.6472200298693254,8.32853048130579,5.713883594208515,0
4.5231489389421045,6.109251575284359,6.788459670160507,1
9.461695601641914,4.359179779042796,6.664000784760814,1
4.488345302998214,7.511173757679808,1.5305405330274013,1
2.900329288916521,0.7924954073604895,4.824365669497475,0
7.206518087532526,6.228989066952662,4.835968261659786,1
2.1129569091566482,5.336464944628129,1.3204104134264694,1
5.971333938625069,5.619822809716347,8.402852238600365,1
9.816779168832344,2.419969264219619,0.8943516851898881,1
7.165641246009197,6.602064801270133,1.5931966707488299,1
7.458214650921557,1.4260939922815874,4.234400593150674,0
3.267231378901095,1.7030641739372832,4.265658338513509,0
0.39386065872412224,3.5172540040637013,0.42623527376669634,0
6.617666534598192,2.2857136610412123,7.3252236566688165,0
6.595445632170957,4.174795392499959,4.5976606183695665,1
8.826557008372271,6.856500695342077,7.176378045494401,1
9.056362885521088,9.759583500018676,6.702164652646196,1
3.9697671847689353,8.005258447349068,0.9513418623294445,1
4.068141004387238,2.7434813704326433,0.9713551956160082,0
8.731543515779762,2.5838980819888215,8.620286832817884,1
1.3626461675901724,3.8195537166435436,8.400308363048769,0
2.0354215697077596,4.2457429519533205,3.4869257990559808,0
7.419588313146178,9.600478460853566,4.941103704583534,1
7.579882835982779,8.658270837784043,4.2595779711014785,1
0.380966971167801,6.6514442375732,2.0971076447893786,0
4.964608688682567,3.1206295328920364,2.0512067960099287,0
9.796070032269677,7.5197868003776405,6.103655246931904,1
6.839803929375886,1.764803349916726,5.463029850658977,0
3.2065339188231787,2.2592676395930402,4.839821134258666,0
5.550013409885017,8.486947309625778,0.34601984572503297,1
9.051642410437674,4.226027905317494,3.9219286872390025,1
7.61959363998394,3.3264354478707037,4.825136979262881,1
0.5776629801248045,5.008963428858689,7.804949952129282,0
8.133833701537046,8.859100522523843,2.258760040011026,1
7.734925887749125,3.541521349583092,1.1849546005148848,1
1.5097118295289347,0.4798454909912786,4.677812131809642,0
9.00544138315828,3.869902179249313,2.5040260428751457,1
1.524247666211872,8.24845430138068,7.345335323743916,1
1.2821087733689296,7.0212697851216355,6.187219463597012,0
5.481891520023096,3.6005960956315333,1.3137858315990492,1
6.999610035132911,6.522536640684514,1.2091612644759497,1
2.357697281584741,2.2965991372690295,8.657772891670646,0
0.3036258460565511,1.1777055586882157,5.057751490891,0
4.284635539724548,1.4170925439880244,0.577420053690969,0
9.941866120045805,7.276156582035535,7.240829387046932,0
5.1523650752803585,8.619464454179635,2.1670325750337547,1
9.232027780169258,8.21172424391907,6.7765018101538566,1
4.84466454377506,6.668164392259608,4.403398170646544,1
1.858078410130447,4.025529349940276,4.827462462205481,0
8.047730836780893,7.748507367451348,2.0839519564112576,1
1.0863808109412998,3.23644769478297,4.761436692075901,0
5.824191794626586,1.7317507245757835,7.5330017152946365,0
4.048403778269494,9.953766656361177,3.5922514942264385,1
6.791884512170322,6.5241498187956415,1.1083146237393016,1
3.588925534929328,6.205733015646526,5.035283402982715,1
3.6182537986209837,1.6842799258938512,9.216479581823215,0
7.368134921384216,7.870799315448239,7.872415379146145,1
7.018007377369396,9.314282762919019,9.164720617586674,1
8.321172611660572,9.88478017546958,0.020829593224628296,1
6.097261063774143,8.062595945850449,4.3922187157249954,1
6.375181756796206,7.565893717634888,4.399303273406609,1
1.0586004095175094,4.514581223689857,7.859970631855768,0
3.6014094624896265,6.313202914037794,3.1965725252299073,1
2.668806148958679,8.132154483849922,1.2615907979302998,1
3.879032876598888,6.5459701383061875,4.076899822545046,1
9.513816943842965,7.9239277507481525,1.7845096137524874,1
5.969724142707867,8.243264402295004,5.99262568170337,0
4.5796323731497885,3.874886147235017,8.963822179631935,0
5.2912598188835265,0.32009377135614914,0.24825587327748866,0
5.270610842874981,9.732465873027797,7.163279790366383,1
0.8399151843148767,1.2629911145763606,8.33612517402351,0
1.60237419843405,1.074560778415673,7.278077248913556,0
5.083240239113892,1.8591765445296005,9.834464670484142,0
3.6330445936045463,4.935561957011062,5.241119858994869,0
2.3735381953100374,8.854765568689688,5.6757037637357675,1
9.619782560109883,9.89238613168626,4.9890011667687,1
6.440687892505416,8.987160898560798,7.813175508540722,1
3.360458083334188,5.386803541045949,3.385250518119963,0
6.897130648693062,0.9575889031405083,1.729434490333599,0
0.36800364730729784,4.005392572647594,0.26480637439848853,0
8.548430995501406,9.818029487920988,4.761182923593843,1
0.627495180054578,5.788432476032192,4.1419227740752405,0
5.260349134166664,6.002190906859051,9.807250684044645,1
7.435138915333146,9.758093239230893,3.599930163447741,1
9.868052367575007,7.607907158905753,1.5499864939221397,1
8.84516176466859,1.5183921102803566,8.554129160282619,1
3.0551352993952086,3.522905042340575,9.648243193771984,0
7.205624090214286,0.6059174349009255,5.522441762029098,0
6.154650360359128,8.803051491714621,2.0297780331735247,1
8.760857911578867,7.108271628315604,8.809374576069972,1
5.31259482492474,5.812872541777346,8.17018229954815,1
5.937488600147307,5.3777039281498435,9.28352254867754,1
7.009984074143637,8.98620745648421,0.7852088798491141,1
3.8521325043813484,4.68345007143323,9.836561001562746,0
4.48730694643748,1.5175880270179354,4.331628562900429,0
3.6696424515425963,3.243556714699195,5.525110740991572,0
7.544263038298817,6.8028602396034525,8.258432284776395,1
8.52696766344275,8.991995431140976,4.623509015396538,1
8.644285891369902,5.237671400445496,2.028350709516613,0
6.76003612696955,9.651814750148821,6.823472349745162,1
2.6182397724221937,2.8264017220642312,4.01791963740086,0
0.5446528255741301,2.4874447475364523,2.8147384926368204,0
5.791569633009371,6.1604712285788,3.2514663042266823,1
6.101709183992102,8.521722028061017,5.861149398282279,0
0.40517697785982354,9.331887927872542,2.355827501173706,1
3.09645676459944,0.9663050808434381,2.324792489870405,0
1.3549089359840794,6.330763748514148,2.8845447428606907,0
0.4699326626140443,8.49230659062035,0.5862461916595052,0
2.23661096161627,4.820412923189167,4.216366965791324,0
6.573820728923372,8.636545756546052,4.2363338368178285,1
8.567563398507941,8.616362107670028,8.864356586215473,1
0.006213925802862619,8.597446797142485,2.3439407146433,0
4.308231058520558,9.192438546351218,9.53060846073985,1
9.861862184701232,5.319844124814902,8.833918638236652,1
6.838772890168014,3.7814685009236704,7.922308236996068,1
4.998932247771588,9.145308266826946,0.8467658867826233,0
8.598054202806924,8.124708416514553,3.04106011696486,1
7.404546909511399,7.347952855733139,6.161951523360798,1
5.353841966328248,0.7495370350047437,9.801852047168403,0
9.29963614500768,1.3292486829555605,0.6926845246167157,1
9.907522194444894,8.471405066754718,0.6676006537305912,1
1.8906922449828845,5.151129788714219,5.615822481276728,0
8.725468286116675,9.362356742446813,7.346113198585551,1
5.811155617914511,7.907595795166232,3.6170978170116164,0
0.24007744156032684,6.489489997791047,8.264054102247494,0
5.521407565007399,2.5716722419459472,2.6243034759784156,0
7.53221037974825,8.3109469499245,7.8980973943568,0
6.359964051759278,2.6008682208675546,4.91927061928919,0
2.5878389771413355,2.0779820088206566,8.4547558726265,0
1.9729163242309233,6.55456371780391,5.023404403906914,0
9.211875842459392,4.858284253224831,3.3754436902666916,1
8.250773188083723,7.325233160770041,0.6465473697514079,1
2.7555567105889365,0.8122719531619682,7.179528754764064,1
9.615852240486301,7.525145746793921,0.04025558927708284,1
7.784838424791879,7.2692767178101745,3.5887567560360765,0
1.194964628401436,0.38722692372789025,8.731250649617646,0
9.106262978656453,0.7322215408865529,0.013934948160150284,1
6.763794152705673,4.884402259176,4.402150298988236,1
4.118428263939922,5.128870033974438,4.876857381152183,1
7.8737431545567995,0.9027107224352726,4.904130150466469,0
7.402802008997325,8.085267860697414,9.513660482278928,0
5.889473148800235,3.5284651184212343,3.6813450329059663,1
0.35579572489522593,8.92764454165496,5.037365545719963,1
8.878171347019308,2.287152289187593,5.8722372420455375,1
7.4253814882021,9.605304775106923,1.3452862203599991,0
4.274911758923183,3.991643509991892,3.0200392686698674,0
2.262093101266107,5.232341201030964,5.534113460869479,0
3.3665734714373996,2.2277984470622547,3.9344749862570474,0
3.292824744231332,3.5907726716468433,6.242174495050794,0
8.578740565449305,4.051730807956425,4.510330412830493,1
4.722173020279524,1.5868629838863746,3.8550167267881097,0
3.669033005079254,6.343125598923436,0.3698809819626925,1
3.77345521944633,6.790905777154805,1.6391091854409712,1
4.6557470032588455,4.721369026845661,8.107837547454814,1
7.685809818187708,0.001549903657322993,7.059966589513293,0
8.891401437481619,5.231774976203635,8.995785697023827,1
8.053407515807079,3.7709919483870467,5.811849653547238,1
7.714818041880228,0.24744391214416628,3.63077890874297,0
0.3209686891638641,5.822833307681786,2.476549010957816,0
5.938742326859319,9.001500862473192,6.147909857160093,0
6.992269514595588,3.453049043721379,5.440739904357459,1
1.8350401067183653,4.78815428633963,3.453072467693411,0
8.918882507991844,1.1133637548542108,2.244243279408674,0
8.37051071868247,3.056654802709109,1.8435738302802063,1
7.738712053031902,8.458538179716218,6.537648660102012,1
8.97777074747052,8.039647438794445,5.473655195271977,1
1.706435839783228,6.939772699660397,5.141177233750555,0
4.165846535455908,4.037357437168732,7.382539329065663,0
8.44628983857943,4.8493731981894195,7.773134057427327,1
2.1556945570045483,6.414740710481364,7.086692092117975,0
9.765090411114084,5.530515310512185,5.611332426466005,1
3.334742372013112,4.690483285349795,3.416445614406821,0
9.809804845961075,7.1010772344053406,3.410027950078155,1
3.2876830531309595,4.077861689744136,5.659328288165902,1
4.9285980862069785,1.8426289598092505,5.9977641645854725,0
8.845812986593037,2.176345558165984,6.344892891658166,1
6.167131024270898,8.46972976370746,1.6284616871583169,1
5.638893019107293,0.8242415344329423,3.6346116577644327,0
1.125050135900869,0.22039564927616162,2.126240993570392,0
8.50907193679739,1.1587238643583597,9.510310999278552,1
3.2556176776125456,4.248373999369034,9.1973778494346,0
2.495906614410457,8.537685316783884,5.225362481631491,1
7.027163040085279,8.441163411445453,4.1147058956832305,1
8.176311569626524,2.9915875277075332,4.2698977363706945,1
4.495245973606684,2.25856341132289,8.734173032911102,0
5.952560383422158,9.818728038002059,1.8770573115297562,1
3.056623476949155,1.2681575262533762,6.741873747690629,0
5.29496466899789,6.624218296608837,7.794953702616461,1
7.355505585055347,4.892253589343265,3.566431408995415,1
2.197861142704137,6.8612641619006745,9.599917392295142,1
1.3260747663736705,3.754836122297527,6.121662145416313,0
6.83504019977541,8.436905107317799,3.0284506320000917,1
5.256122329074126,2.3055310022166853,3.180629544922846,1
6.536261073357677,4.257125544140057,8.966816331782924,1
0.6619350136103752,0.9018931936711938,9.62122062941178,0
2.7329406577915716,4.250147680801123,8.231988169425259,0
5.203699866002204,0.25975710108093963,9.96887365926875,0
3.284516306390647,0.07965480748020726,8.327528490162535,0
1.6924600965890657,2.1317590125853436,2.8451303618148183,0
9.059509522558516,1.0983379982401675,1.0534780500649787,1
3.4711724234434227,5.492339077824973,3.3665384370705653,0
2.6490727559427105,7.262925206443275,9.603207961194386,1
6.461824734656949,3.53553533601775,3.5966438568242056,1
8.390116198893429,2.1198813952161832,5.09579890186982,1
9.922598275506022,9.357040488715448,8.25526859132372,1
0.38288166643660304,4.345442543871614,0.11849870945477514,0
9.089744281663135,7.426627522054048,6.622131268072322,1
5.568275905391065,9.90413271169305,6.081838192912551,0
9.753890092089842,8.374789357875592,0.7750734608318377,1
2.3589291827441636,6.447291241496486,1.2417926726936812,0
5.678331400222126,1.7105288425844223,1.844477100312114,0
7.916308347924935,0.8845492795345022,3.379139232221097,0
0.4859748152151755,0.9463261118777977,1.377818330517151,0
7.806540402621288,4.72779558448855,7.295082781659664,1
3.6082236497856366,2.601681886844489,0.98603496043286,0
0.6306901050345226,1.629073004126499,9.822846113347335,0
2.87973782456178,9.057540294748046,4.337692416912406,1
3.6813784850329743,4.325731047186107,5.140539557160774,0
9.293062847428269,4.7801981897018795,4.856659553104076,1
1.7486280772030915,2.1236282333252765,5.382649265203355,0
0.2548282504416777,4.710487331824627,7.131355677050043,0
2.04545932629981,6.18347117414719,4.147094631007477,0
4.697399676780716,7.0213877190931795,4.115824111810865,1
0.7973064146049746,8.062235894993472,5.650528967273583,0
9.54361998526432,3.9851057959917036,6.57432139670676,1
0.20265747240658216,9.436560927989811,7.701375283394025,1
2.8840817273102646,7.331144864594197,6.582151710288173,1
0.6183021873961181,4.655788489385786,4.74261956988871,0
4.6977368972240985,9.119606788651556,0.6573601064125167,1
4.170017188477181,5.916113584974068,5.086530463104446,1
1.5528933229996567,5.7056682987015925,1.8248566523087484,0
0.44567942158391327,6.177952799625716,9.84054361835252,0
4.031687231838034,6.426134617458991,2.3176968276811305,0
3.586436145896257,2.4369928416080167,7.1617404598209955,0
7.066191064524783,0.6738786659899143,0.08938467182389331,0
8.124806937594421,5.226693424848933,5.04392012747445,1
5.324217202277593,6.961118950207994,0.3986839671758091,0
5.807391587039578,6.0725142241513,0.8052440231373825,1
4.526777048943051,5.988160327217054,4.937454341440192,1
1.376347400544543,2.057962107853224,9.734024640858879,1
8.434609317448842,7.969017782156438,2.6363115045619456,0
8.365534221527993,1.6577319577987848,7.223984544664298,1
7.869281853897007,9.26029513760264,3.2670208870253035,1
8.69121271523018,0.12740464903175708,8.49507611740793,0
4.603736469433377,7.629911087341802,9.3430597177311,1
8.569150331722339,3.898330950283376,3.891669577523784,1
7.033673415973224,5.3951057756087595,9.66141441000299,1
4.211385172848232,8.658444507006216,8.509448037502068,1
4.117340729186133,8.575399758942554,5.56454612868483,1
2.3593757671428772,1.2395615438588181,1.6811308092280752,0
2.586658306482791,4.59849147607815,4.933810480852094,0
2.700972035301862,5.361496055184355,6.910066382304592,1
1.5746594242679957,8.097022047212038,4.731354002280849,1
8.967095210950946,8.087091531605182,9.552038789277091,1
5.71598910575147,0.11713428485621291,8.0117958353735,0
8.302982489626187,2.7988310155415275,5.979936426207296,1
7.435801139265932,4.654175399973063,1.4302047596700296,1
4.934887062742273,2.055469916455943,2.505746602281518,0
8.510032569196959,2.1358083673790107,1.26935075001812,1
7.540213215999828,4.980929523849271,2.4464839690368514,1
9.966555728348439,1.9853462587082504,2.931923341346665,1
8.950109936477764,5.105137959837585,2.208492627685156,1
4.6101636710408735,6.190328433310258,8.476113780941144,1
4.252087644578167,7.969977236611707,8.007247071991863,1
7.153773010617016,8.222074698109518,3.938821437552702,1
5.143009997873557,1.1394446715207662,8.214359951079786,0
8.540137148856825,1.6688737381578933,1.7060671380772041,1
3.6309254997956684,0.15020800577993487,9.192286580586288,0
9.965935127852333,8.378011327727569,1.8953163558258534,1
6.227967235567854,7.761488710038615,4.810938644371758,1
6.721834818926307,5.434608051517101,4.933324034693227,1
8.967228790832417,6.717507696596384,3.735023673919,1
7.66372005066326,3.5079537019966245,8.730738939497378,1
2.514943286293805,9.298145964504865,9.6030628727178,1
8.921677424639833,9.114816494246462,2.338750768736133,0
8.339253374535554,5.375260049273907,8.773438602671744,1
1.249616098843369,8.869871332742044,1.5039596502764974,0
8.518751275257296,0.21543481161739542,4.701462261587441,0
3.77133134235621,5.316608765765344,4.348759637718603,1
7.461205202712561,9.451826566013597,9.892712751274997,1
0.9531123135697772,0.3364192879326544,8.871103631169468,0
4.991688215371227,8.974246887454843,6.170646877210794,1
0.29860500484314767,6.940708145505216,3.5115050712571105,0
7.879443496905305,3.147978753660585,3.6723242172429593,1
8.591574123307147,2.9448112831489013,2.2193542802897204,1
1.7647585875208682,8.976001641569727,7.809551614367999,1
1.9119222658664226,6.210869152420201,0.964436633129585,0
8.288422720376369,5.569500289029694,4.907877398057055,1
1.2832414806110293,6.292442520922357,1.6645613338403598,0
1.0874223851209108,5.260300788488448,8.703819272333554,0
3.920463139632343,2.1986807651731155,6.532966806528256,0
8.007818553718035,4.009278916968633,0.9018904484659784,1
2.21825918234427,8.021339285086244,4.704698908657072,1
4.207439708974421,8.246249500685979,1.8333446284480681,1
7.951769650882183,1.027284905507344,6.588918500995629,1
0.6682197729873629,7.741421768282838,2.488467805232059,0
9.760392802276911,2.0221174250915896,3.3055819286685315,0
6.951677324245783,2.2295837140282657,1.5947521159902556,1
0.15281812263163386,4.952061747582438,2.4491844339443847,0
8.412475203768743,5.722997677294258,6.073057123613558,1
3.1440104900370267,1.456192763117956,7.563748934920738,0
5.995148414057521,0.20170057994426172,8.876569152672797,0
7.026542831332443,0.8544259351191097,3.163190765110179,0
0.9196098306887779,1.131367297124849,4.697938375738765,0
1.3796384646036786,6.065749193859158,7.181973585432797,0
3.4972537000424255,4.455429261763123,2.494417514612958,0
6.454559905854152,5.903254244268993,3.469551052012415,1
3.253240276246261,2.8799095672412154,3.7230084163694532,0
8.962335426883119,7.430463067077255,6.987111059258741,1
7.718170640099105,6.4660206176455794,8.762790507650974,0
8.773172247902213,6.137455841013174,5.038764705039503,1
3.8504522911237715,6.1542552095758545,8.344925941114473,0
4.70940243379418,7.347963797443706,8.143298005397376,1
4.200258846582142,9.733155944333742,6.87586805515875,1
6.682113878262298,0.2469830845870391,4.9947075501570914,1
1.2927362392088615,6.815587901445429,4.039558469506034,0
8.00046547282395,1.9650015657159359,0.9350606595644873,1
0.9237051648100836,6.1584021083103035,5.938040183220533,1
4.846233190665731,5.966028886178517,4.35149358826728,0
1.1991256681708684,6.166630239913461,5.745534600872778,1
4.160338807008793,4.865551775940155,8.72753133626769,1
0.5555999915390175,3.598766692853502,0.989821884101304,0
2.965380889286753,5.172920615024563,3.236342651659113,0
3.4832465087598896,5.2277921884020255,8.82186201473514,0
9.363738146496924,4.3216395459466375,1.5113626196222218,1
9.259170997210802,8.435930498909665,5.499851221128962,1
6.096967354153891,8.291688290781238,3.5093509717112905,1
4.11937397457248,0.2025887216780431,1.5900991684937038,1
6.744959584893474,5.217269345508005,4.208459316522238,1
9.485729555709039,9.256171905229012,8.540617399100373,1
5.472479415212993,1.0295903203469903,0.1473354071935573,1
3.7353879977625715,1.3185136809736586,0.6603203667971747,0
3.202993940456229,2.744015271936895,2.3954678429112786,0
0.42542466597373374,3.440537680492164,7.455174973550033,0
2.9009648114635067,1.3259205323697631,4.134685727239623,0
0.029058595711318747,5.526569776300722,1.7576275286108134,1
9.384831215000256,9.410841548868191,1.3829339415486896,1
5.252380914895744,7.979771583406223,4.19380494917886,1
4.140135051020495,0.9368432044150266,3.796702729297048,0
9.893438446796408,3.6627709372854578,8.898607408055515,1
9.532323683943698,6.876574081649193,3.600844789572051,1
6.592167445342186,4.9839801583898105,2.8116159298720866,1
6.9740455931850045,0.9891697323486448,1.8112372904251184,0
5.911139751078773,5.370140169495558,7.469953431772912,1
9.160059205850487,0.8609235916339653,1.261262796772643,1
7.610493837528556,4.951808638580097,0.7473438373574426,0
9.893825464255793,0.5970908043182577,8.427323183766395,1
6.678483345981921,0.3206917054385394,3.958324994233248,0
5.106134846806016,8.27256652468136,3.415097967213061,1
4.336028611776722,1.165603935501378,0.5458632220355819,1
7.55689463840736,1.0877503058864857,0.6834524634985062,0
0.3602784006611104,3.7530989762693556,9.163952113987456,0
7.421160220158444,6.657791581084426,8.255639550439618,1
8.07048013092391,3.8239834637774894,6.456580779453449,0
1.0165548957185921,9.205864305723507,4.225435296569657,1
0.5343812813745197,3.961376969969849,8.061866375423252,0
6.233650948367475,4.161638371246492,7.152916833020745,1
4.507514302364873,5.416487930706252,0.8701597837272446,1
9.077520045132987,1.8897424197547996,1.340420681534189,1
5.3110354319924715,1.759939282191838,8.884007258115792,0
9.396323939993984,4.040053815919649,8.080664179614768,1
7.199431232227758,0.06039371661296866,4.598884402866221,0
3.1474004890821963,3.7001698484840717,2.309411775034891,0
7.922874525075382,8.95649376339297,5.281653415745148,1
0.9655997641779512,8.09487188383073,4.315788727028165,1
7.716214832992584,0.19988418460078372,7.532098082237684,0
1.3166190078455098,8.952589747254505,9.489002659575714,1
5.463720804700582,8.05089865315993,7.858242241985257,1
3.8274434825855286,3.5456869414081984,3.386648042590694,0
7.893824143070026,8.323952143923417,8.897014270806965,1
8.90073304526595,2.108490443840836,5.611335877425557,1
3.6629967632713756,6.5284962303204175,7.173985380424098,1
6.831979706273595,4.21990242466655,9.902796317254957,1
2.3443630030504448,8.771704969154817,0.13498736451223126,1
6.704456041300465,7.424262498931258,1.6804965369217628,1
8.941520718756504,0.7325399167672786,7.220854456831787,1
2.256198516356853,9.544213346592448,0.14053089860454615,1
2.4957345673755924,2.8109997263324837,5.891011843552045,0
5.294285704868179,7.479182816918185,1.1784169327277927,1
4.396262898944694,0.1028274974415655,2.0233161923685694,0
0.24144223867783032,9.761000508832922,1.954718944944407,1
9.157044779032768,7.016128272316378,6.655487602791056,1
2.6688645313318835,7.596491652501651,7.802450823963688,1
6.667613558937614,7.996003583580139,4.579225434911472,1
4.856852262194163,7.7688593578066145,8.950884511906565,1
5.5015212869957,1.5189201513772976,8.756592387163245,0
4.059007383836452,1.7644034363776662,3.962301660351696,0
4.182945716337379,0.015410087162984754,5.927860808329869,0
0.7719664453819208,2.7887756124488208,5.93903736689096,0
9.673063036319967,7.420230795137868,6.462162009196523,1
9.932509151222131,5.232715254728793,8.18199657394296,1
0.3435604500620004,1.1517762581565927,7.298301778276258,0
9.1753248659525,8.071042445689603,3.9026164219127155,1
8.426396249267752,5.949136789697864,6.4137328349777745,1
1.4759036565876205,9.124592858665917,6.392847244988554,1
4.596084529040345,4.666182316417123,2.599996332611947,1
7.8891383866393925,9.561422768935428,7.2963433820428145,1
4.4936563696200675,0.7378761128936084,5.203048062510462,0
0.32355523800754793,5.125023397361083,5.96934223055965,0
9.740333570119027,5.8480254985162965,4.986074932550826,1
9.784490216639524,8.910556335206614,7.023623476854793,1
9.140247249802751,6.702946721861704,7.052345400471859,1
0.6448315776330071,0.39393296885240736,1.9489449269264303,0
0.4786861552477806,4.086394563963344,5.835021083072359,0
9.122493836957943,7.604197574789411,6.369033656591322,1
2.756984467459774,7.8169192855771765,4.932307166805579,1
0.017406423904071655,8.453527097288706,2.97983402198979,0
9.280928785806868,5.355250050136463,8.712809795368043,1
0.7035353004413059,8.073334281269283,9.249794355301722,0
4.679539390121363,2.8202322487870934,6.422629687131698,0
0.037484853052871525,4.910088009176144,4.542494287768592,0
4.765915312910361,1.7018296544435407,4.119390544007851,0
7.412022450433616,7.266075938222731,5.021072432651209,1
4.794488919179935,4.425117244493407,5.785459710556405,1
6.168194408893326,3.828216331440238,9.370254934302192,1
1.5985794746954185,3.83320174670545,2.9830090659508937,0
8.45461153407042,1.7746898336879124,8.686391053634084,1
4.16706547048155,8.541163235452352,8.39590699271329,1
7.82156780980757,2.561926886506228,8.822643197872276,1
1.4478973197031653,0.8260672203955199,0.804648963151291,0
1.2060692634281756,5.752312367873754,1.532982456852745,0
6.910942806602611,5.708960157661491,9.389666725016458,1
6.617210750541086,8.387512995567315,4.409798470122049,1
1.897173892468359,7.466737180681885,8.402919645638466,1
1.8429015762397039,1.6594474553326355,4.082987407831879,0
7.035775882836358,5.438582361098854,8.397433533717193,1
1.7654225357877718,7.746815744107105,9.485929227138687,1
4.860082589813928,4.107363078616201,5.6658358289176896,0
3.948512128541127,3.5788831267865095,9.819130726644087,0
9.993208811490696,4.155968200851721,9.009978273754204,1
3.7814951030669377,9.009368851203778,7.178420459517161,1
1.5205512672899024,7.265456780440075,8.347721177427113,0
4.946609611361717,6.251395191521839,5.745780726646748,1
1.2548697673323461,0.5738457071268399,9.345898842728444,0
9.542140992507,7.954461403013734,0.34396628056362455,1
6.036952970798076,6.779668696272491,4.493235548520964,1
9.837235663942959,4.029565817247784,0.6647487666369079,1
2.37342192318731,5.604826411952507,7.184412024723425,0
4.929304229956962,4.5598922916226545,2.285035986925501,1
2.154932668904004,9.16770108859283,1.7313611239774418,0
2.391277406354051,0.13299884528626627,7.605230226128951,0
6.695779085722889,2.4714665498347266,4.705017923628948,1
3.949458663101575,2.9071756397791404,6.253843765420211,0
2.8511749223957663,8.132767956608834,2.6339122302027738,1
0.16756032016058686,1.5186641698074677,6.51803540532064,0
2.030523745316839,1.9590592231340098,8.290186689716156,0
1.8402017576011775,8.161137370604646,6.64529752416203,1
3.543820878770302,4.872663800241801,6.218333211393673,0
0.7582213838231266,0.5523441277957852,2.8386237523907374,1
0.152636128327317,6.287991169877146,4.160826699032857,0
1.9464897319300711,5.586823032798021,3.057415968849191,0
0.08413716729629872,0.11846522050777741,6.104550564207427,0
9.19342606687377,4.772165787208341,7.398065772648479,1
3.809774650109029,6.808771377591716,1.1103854042678207,1
3.3260303295674554,3.7038165953613387,8.993450906069699,0
7.487279724430124,0.5450996013961085,1.890520666171398,0
6.939770231335061,7.25777800460814,1.3163052893098792,1
0.846261946090916,7.5681095758509,4.2839962581239135,0
5.480635286288404,4.0666020401153276,2.4041742553605037,1
8.435133008985051,7.449204919339191,0.039702883872961836,1
0.245773389145858,5.437375445441154,3.6921293607160277,0
3.873069683712227,1.151315613481334,5.0347746909132765,1
4.25503499859135,3.262357045042532,4.125037372735898,0
9.227583149806925,0.1952936340703515,4.493553918927295,1
3.404378740564008,7.151743924698575,0.19694796857065877,1
8.49267212775013,0.436087657038321,9.319679596388777,0
5.8377529358124765,2.8412039256780686,9.748417908592184,0
7.775283259828846,9.922462597354352,8.819617695986024,1
1.8417024542049432,2.1158358737265126,2.0165101474914957,1
6.063595808697764,0.8255672362421551,3.0304637447798957,0
4.5749287114541906,1.6888406816978063,8.87696943358101,0
4.0908020108374465,6.132673043873071,9.9359638938348,1
1.672582717361426,0.8338174020870204,9.241385282463376,0
0.20654427629362426,0.9631795684188948,5.968116240202716,0
1.6959511945710537,4.311780439081195,4.914943969527641,0
9.68861172188128,5.018698990670902,5.239406580168463,1
9.699631022922892,3.88661652372269,2.902607149639719,1
3.2765628725715956,5.1358236883575685,4.957534051107594,0
1.3717028647123264,1.4690259459432475,6.548779178863647,1
2.4589742988651206,0.42463900706801727,7.700735024187592,0
8.830147735666696,3.268963569468437,9.846164628932778,1
7.637049936505312,9.781763057390332,0.6774134803484511,1
4.198129797916708,5.232546210353274,5.418501156270588,1
7.516530438340261,7.072615811920939,7.536383045643982,1
3.9448166598003773,6.146808562878146,3.845689842118589,0
1.2734491608822696,7.440168295978477,6.1817317838210775,0
6.229503931959527,4.917780015318147,0.8536002037045332,1
9.79008309667565,8.762901493816743,0.25269610370738493,1
7.617659718342588,5.6705581806765135,1.4171227054040259,1
1.7978994895801625,9.784511081280664,8.565632917064539,1
0.18065897428923283,9.26372955297026,3.2007643608056755,1
8.733300174998565,8.50691809774321,2.9849836176569955,0
1.3462454814991731,5.0433411389234255,8.216472821103734,0
2.6604015826577845,3.214465813630516,8.750757789843727,0
9.072910655139239,1.9728926789931123,9.559710439536918,1
0.48314457379989406,1.5478025441045185,8.386509350339054,0
8.53619246827183,0.2287229048866002,0.509920686407862,0
0.05541250702129741,4.952002177156471,9.622512164140506,0
7.205349739263682,5.300973523680213,5.614603230406984,1
4.528879539374735,8.744723351601797,5.098762277408287,1
0.17002969967422565,4.904988436801023,9.686079532042992,0
4.972139070869417,9.276990668241973,5.652654256709865,1
8.27646285296608,0.21538783665747907,1.7432299277136787,0
4.903286473809551,6.34681909887484,8.758850827064716,1
2.4965776682763794,3.5430478760021886,7.158624679450789,0
7.677866073971275,4.994737460353095,0.31185266258737077,1
1.2391415393871963,1.96419048186661,1.3389303756714033,0
4.961887059515968,7.481230077191156,8.246526053982556,1
0.16610104916369717,5.905709568010588,3.1528647607313753,0
8.960903905712819,9.470012765862913,2.864230475858467,1
5.117310144580616,9.301082856955428,1.0198323866423264,1
7.836774644693415,1.1666333083613267,9.58470030429062,1
4.8151993498392045,8.534783705673059,8.995052345270848,1
5.226339123656874,7.5756189960888145,7.103810979932059,1
9.710689668153986,1.5292460027986776,1.4484396849431824,1
4.9692399898360975,0.9971941852161614,8.694756087685413,0
2.324126267670664,6.700227818368461,6.684945023512289,1
1.2857144176664093,7.143491246544923,9.02443089577269,0
8.625359812602593,4.732291634486935,0.2580933603604363,1
4.038525684374916,9.198870872390634,3.651490214743217,1
5.822114450431516,8.217107763906094,7.130746183862141,0
2.8817137389842995,5.396522807154328,2.812032586423027,0
9.245306780473756,1.673759032450578,5.091047005349232,1
6.8803592684924215,3.136226286690418,4.731040662934385,1
2.341205300008432,8.970019088079058,4.7051874613615485,1
9.830373485943449,3.2723642347395963,8.631995913450337,1
4.5513252201353165,5.830205090655398,1.0993679454628413,1
2.3647199684110873,2.857801335807398,4.416187388450153,0
9.997703474564995,7.993077910103641,8.33008080667399,1
3.554456844796837,9.387668906909978,6.893768821775282,0
8.639478044442013,0.6836783326724061,8.141874588718807,1
8.882652052504746,6.444873441755451,0.6033203892569894,1
8.238065488547502,7.702648193313637,0.5457902144919224,1
9.84938995284041,0.9627381615815456,1.668723421408801,0
9.526585958161748,9.887625738515379,4.118851779517399,1
4.250706858340475,8.024003085847815,0.9992104282653214,1
4.39193887025901,6.129407841689063,5.74714452755614,1
8.313248842868832,1.6310805810217754,7.091824214885978,1
3.5834326094812443,1.2301976095897527,1.8061272774258397,0
6.12132142162289,3.788896541246859,9.527328027374399,1
6.242094256467955,2.5996532461908526,6.587483907828949,0
5.049175270658328,2.463620123171398,0.4890904702549548,0
8.529790137867929,8.788370046415384,2.659746826858865,1
4.9994745451621565,8.441199215636313,1.3754197465129958,1
8.105749458457622,4.7202125947571965,5.430683420559319,1
0.29548827437751335,2.4794941092835754,1.9553799772413316,0
0.2750200553728166,9.476956455549281,6.434228183454243,1
1.7903733442191305,6.511116742191099,9.969678532398047,0
9.924699968002942,2.267949130442164,2.4737678421516227,0
9.55757599760429,3.5996562819822,3.6939438451227002,1
0.5036421615006548,5.873797845745124,5.257220321291642,0
7.488533312449262,5.1841702171397035,9.986233184862689,1
7.826854574852836,5.8083858458364315,7.920528958299887,1
6.827148960673752,5.599664430328466,1.872448537928607,1
0.3904084232712446,0.1153665486774702,3.791096265317969,0
9.683021554379499,1.8856480285191435,6.8066495794645085,1
5.637128937966863,3.7969823676604877,6.353492880977754,1
4.518013533876472,2.776672640438159,6.520431683229417,0
3.3813391674475444,9.518563308032693,8.141108039529772,1
7.483138223034718,7.0238539925348835,6.358261442906416,1
9.812827196454396,9.373289082380404,3.5655807957780086,1
3.9814201773712368,2.3740844888909987,0.27990988042845055,0
9.886884506032093,3.951292460400614,8.68746250023966,1
7.218519081917115,0.25029676754956265,4.788763667695428,0
2.5330066903318826,5.958637666138165,0.7554875371969516,0
6.765199214931465,7.385638519757761,8.03228777948937,1
5.885629610029625,5.746827182562261,0.5660809738647388,1
7.761358620309764,4.361449944797964,5.11267641336573,1
6.3020373223465125,1.621948981439807,6.687544564212201,0
3.245014255544935,3.2377213505056304,6.687790447818047,0
8.81030131440593,2.879210029562315,8.234640349599577,1
8.948774978556816,0.7633494208215885,6.00886743334245,0
7.89751651268075,4.589159239971467,3.536818982930442,1
6.697596268340926,9.542007283835254,7.084045409402542,1
9.25448538736645,5.276807603238555,1.6652580598469513,1
4.711576661111118,2.1865403034983686,4.985856981136259,0
4.108520789039877,3.436970927901629,7.396277179241811,0
6.33798196136008,8.106443352990828,9.062643873667165,1
8.664487551282916,7.480350949164311,4.0251781521925,1
4.971939290497753,4.232934624410586,5.776478200503963,1
8.122261132698783,3.7221209913884676,5.371663385314603,1
8.057508703549756,5.646207776269549,1.6597033418045282,1
7.5258992071934925,0.6256898066208672,8.158017474519676,0
5.955575792753197,6.234952202139259,5.155687329425725,1
5.119703349792331,9.937895883687602,0.7317262324091234,1
1.5473199256388825,1.0713935786420359,4.960598397208523,0
7.972192083857339,5.069236220513387,9.270338320238439,1
6.541469417796679,1.9065926145781964,2.443745468926269,0
2.471500180517082,5.738739939670482,8.460664084511917,0
3.8628748469960437,0.23739860636671106,9.750822126769666,0
0.18032359928758623,6.338552674038843,7.565017420572681,0
0.880461459894899,1.1802813778236554,1.2792048584769422,0
2.5663057978358883,2.903743164470336,0.8640889189871237,1
3.1866215934659814,5.9886463880087915,8.583836761393874,1
5.416912754652593,0.7883915387521467,9.341364647907023,0
2.4580233962742772,0.48563787740170006,6.308458516323822,0
0.7795974761612501,8.186593991919878,6.541032653428531,0
0.2055473928024698,4.036417680068515,4.44098255013478,0
5.79279544017303,0.02411314634427897,1.5932112227889694,0
7.730229052733227,0.2887077464946941,1.1961290243926648,0
3.271644986195126,8.282994431898938,3.327963831292805,1
4.983461188847752,9.486054777613814,4.654979909927576,1
3.402213034657949,1.3139276126286958,0.2650127341845865,0
4.567840966420124,5.943357561705983,0.7370997157457082,1
7.401147051514051,3.9900745589884057,3.865547475309924,1
3.039047743228042,8.935189238478342,1.3029897497081544,1
9.887798625810186,3.686730809566848,9.050899394879755,1
1.1128775579984895,2.499925311222617,1.2391278857685317,0
4.612933156129882,1.183294648827028,0.6979027178193553,0
8.323165665087611,6.239279857773294,9.662048741742872,1
2.9999035696187337,9.885057144861445,5.514836772806069,1
8.865120133844615,1.9780381823740856,5.106032597588905,1
2.1043900822274733,5.535664256156696,0.5939901907154943,0
2.424482314674364,8.988682540374528,2.5921614026773665,1
4.418432048914616,3.8382513332949717,7.037634826713721,0
2.4215394946689353,5.367728590473989,8.515505291925397,0
5.640073568927245,0.5866550971419882,6.731911624598606,0
7.342075897284829,8.136572209427523,6.622376611501702,1
4.080729248503575,2.7085182874050306,6.918237893843223,0
0.30720732790307403,3.1212673337863173,4.051483291731036,0
4.1551807554669296,1.5624002582263063,4.003458127359706,0
3.986512964096316,6.20183917896105,0.033488721414949296,1
0.20747388569662628,5.054914011168639,3.226053611491958,0
2.7481851803053847,0.7019825721347839,2.3863250150239814,0
4.697838395584528,5.576966260409296,0.8160970768078857,1
4.865351844263339,4.156946482450258,1.0470578090080918,0
1.930965419077898,0.3142506948946344,0.6652988614780042,0
4.500258049249627,7.648911656431489,0.8490556564116192,1
8.582890993948794,8.922648411273448,9.074368597455186,1
8.551977382755155,3.0777181855343114,6.252417252777924,1
7.291437165872426,5.013683499742026,0.8124811285492506,1
3.3860255245718984,4.099422099644759,9.667811433895924,0
0.9852036495282779,4.095137157544915,8.537781519079019,0
6.12383378503435,1.4289790351198561,3.258209189222364,0
3.8555971869571213,3.1515795168004868,4.258943233403546,0
7.899349445945313,1.5066219382404167,4.511097447630417,1
3.551288568520663,9.100575812720079,8.346876560229312,0
8.101957911349395,0.5044335995002991,4.088438610387436,0
1.3997383071002567,9.599011627915191,1.1604146265758175,1
2.9718251501895585,9.833916696035715,2.8161946702089735,1
4.7610120564035885,4.153199252190502,5.39606751771217,0
1.0614199065700158,0.017525985367753405,5.619534436042036,0
6.153516672195596,8.615536100008882,4.786971519765736,1
0.09085549582085073,1.4636730558521505,0.39531520356999916,0
4.876567794544709,1.885480539404838,9.467807554076451,1
9.263798305630559,9.607288059036618,3.1576509371146475,1
7.779606974204917,4.415170843508683,7.295764848447682,1
2.711912723619453,8.797551476107833,8.531001506611531,1
0.3680187706336291,6.042223811555976,9.027958592863088,0
0.8588772175973092,4.503244939123865,2.586379003515974,0
3.4224416487119713,6.7808463406886785,3.125048106027102,1
7.086221800487449,3.6483979528619415,2.7606106192250754,1
8.041344204602781,5.794396860450264,9.561100107244547,1
4.602776614365193,9.678835656461311,4.094882345978013,0
6.243388931528832,3.970945847872147,4.234990746895365,1
1.9657520942910411,9.342069133931158,5.823114696426488,1
7.8977704637376025,2.3599212177444717,0.8847915913125048,1
0.05195189405692302,4.374878226243535,6.764666171051559,0
8.411025023868733,4.396502035779921,2.595718968906293,1
3.3551075662563234,2.4954274196160875,4.786189858718693,0
9.547572186718986,6.723166906816922,8.455147693386962,1
6.9438370642696245,1.2234343797780456,2.907941449833401,0
3.668402201048533,1.922608746470288,9.637035064982136,0
5.728516043171782,8.965925102901295,7.642755353074002,1
3.156656301808325,0.662303746778371,1.0378754516318744,0
2.3111052032519575,2.6468331642528464,5.388812960622675,0
1.582885744127377,1.1567254034487373,4.212066982384498,0
2.5621870264795854,4.949401380335715,7.087579198681774,0
8.132983284498522,2.8774263252449117,7.888312721414418,1
2.8619973128624165,3.5141726288917505,0.8159973945494281,0
2.2205280886471845,5.067741275618156,0.46723409843577257,0
3.2591877051916454,8.825411626443758,8.648870338478838,1
1.618861918040586,1.2098091134333366,9.72387031191827,0
5.577144687398166,7.944675982511771,8.786919969514747,1
5.192065819284464,8.914522945891996,3.9256164133652502,1
2.645737292704333,5.521770771118337,9.718251012429747,0
2.2447805709262036,5.2947269385376465,1.0892844362266463,0
8.32574029098609,9.858891197849662,8.821058608485417,1
3.301229399336869,0.2766144426508921,8.24613470246745,0
3.2432827899129837,3.0190069471734926,3.6252356587822,0
0.26484558105990486,9.631799739490566,6.359581847991887,1
0.8114838211271069,9.568731335647868,5.497240380004296,1
6.991672310791449,3.34192079240942,0.27662217113119447,1
9.987456394355128,9.486761310636162,5.038152150729229,1
3.220969873727453,9.216278402078162,6.591834983441277,1
2.2609111530866532,1.0083419508372626,1.0759590426858001,0
8.633710184973763,7.229468440034273,7.028425521374077,1
5.459376578833032,0.5023111675016845,6.409912160289646,0
1.6043484507367367,1.3743656826248107,1.0624868679045874,0
8.121706062303499,7.751055967814309,7.7331302682076055,1
3.70724113848653,8.566359022087664,3.510891059810306,0
9.9717987819111,4.129524355344354,9.660493656701494,1
3.873844808857001,2.2015563848842854,1.7939239535605422,1
2.5233357595708874,7.813356842857861,6.864225304348226,1
1.0074388760966357,0.6971848086552834,4.516946510540738,0
1.9361848970492168,9.336633104760923,8.003521729558546,1
6.7708416926841615,1.5248771486118884,5.207448420867044,0
4.462572814550182,2.4636427442297695,5.864388540992117,0
4.103614933096993,8.525616744281152,9.58079912300349,1
7.219426371089559,1.523952165463528,2.955750428283194,0
9.601788345308634,0.20129646537106805,5.608992395638457,1
3.426589073137294,8.34922672355035,7.696645163492194,1
7.991278253173398,4.159476047245034,7.6640140190041475,1
2.0420362704804704,0.7574941490076048,4.758137029792028,0
9.349700055553509,0.022746113132827706,6.23171500171923,1
8.489559079992796,3.715772690661204,1.4910989084312243,1
5.858897748054969,4.184029798306818,4.489180137676033,1
8.203218797648372,0.8195905023153005,7.296886165093715,1
3.7746869253149082,2.814151047764004,5.582672875455312,1
4.567035736238102,2.2743213294509146,3.6563112812085787,0
2.403982040252488,1.7988632077628042,9.74706014133485,0
5.841146630564103,4.270020947164195,3.2224080682372866,1
8.565288755688535,8.369373400764792,7.769442703924566,1
0.4564572414151813,4.296028224716456,5.531784673519331,1
9.53131602101029,3.340651503602723,6.163287613107318,1
1.816598388733105,3.4565308460127655,1.3724077090493725,0
0.9449024603465284,3.649557549850302,3.061039337773084,0
7.221473394307907,6.17630466798473,1.6883693460711957,1
3.4968252304951033,8.340351152181464,6.227848439313451,1
8.38118490563831,4.636398401281895,7.329875943410634,1
9.60253551190975,9.741274031502643,9.253620069879126,1
8.30054565925673,2.3695472440987118,0.5308966290617001,0
6.664577891932875,9.535399610475789,2.4620348548983206,1
9.762766618145296,1.104119883991641,2.473922731424195,1
0.42987988356081974,1.1041291738534365,0.3969057726002234,0
7.063413114615008,8.08313180500012,8.032651599809936,1
2.656663231621766,5.825851972076457,1.7143022683995912,0
4.344197195039943,7.216261094458551,6.166253033084773,1
0.17645065760438672,9.888884831966426,9.367412460059303,1
5.248266107022886,6.233680753892143,5.111352046024321,1
7.524588099361328,8.522123509016415,5.023239616250016,1
8.369768984559043,3.4337788679131354,6.68245811781667,1
8.994115848018854,8.9311456275164,6.768576396127902,1
0.3522312686120088,7.177341816789193,7.436829454529391,0
6.97871959151661,3.2190451183846367,0.04123701899943932,1
7.698038809284421,9.654101285280404,6.537776524831571,1
5.988453937778463,1.3695828457704706,5.158586592008595,1
9.401311572205657,6.865294064767545,3.156049926833485,0
7.095146318418348,4.927912614613909,9.448618333136299,1
6.6101359240257365,1.0881734125653908,7.332870408853191,0
4.727348112792144,4.742487976807096,3.960841509276153,1
5.095131692121714,6.050984675066995,3.164673296665196,1
3.2869230671841088,8.730510422629154,3.871061595988926,1
4.628032823423018,5.378478004579944,3.9865690075509095,1
3.421249440926469,8.516946841700335,3.2498165026086454,1
1.827474247213241,5.660527598055145,0.8979869467941581,0
5.782516433387829,8.05586486195058,2.8027848602077188,1
1.7151773652107927,8.398433643965035,2.0282625968705617,1
4.772472425137345,8.029626404782983,0.42089762223591065,1
8.965060299162959,7.574855725756987,4.128459763200874,0
4.095631868366417,5.934601037747202,9.287774927314683,1
0.10866341532380086,7.78600994367747,8.760271199251012,0
5.7243884316980544,5.089320869766494,1.3843098605148074,1
6.682566616955726,4.972916485590898,1.631805761193269,1
3.788524013582397,4.313914348119724,9.568525338473197,0
3.822831003167005,0.5280710060210225,6.8063942347735225,0
7.30082746414109,7.425033662199192,1.0522715248580083,0
1.9784203269891443,6.629532185471247,8.726519743652755,0
5.61009157005667,3.118672702160624,4.6173516714445775,1
8.992678783817002,3.3288463477850683,9.542037501576862,1
9.030544881148257,0.7692479717318479,7.5403384328515415,1
4.829166034481008,7.698339974662493,0.23030622349121344,1
5.309102047588014,4.4652207948318186,7.054142545876537,1
4.584300166692748,0.786699073017908,2.8276562364778055,0
3.064135034681934,9.747667129937334,1.547706848191921,1
4.094629981807038,8.557037641299576,9.15637410696973,1
6.153999224893414,0.8619217464101703,1.1548753650228138,0
1.4500667158789438,7.007501196262239,7.483312544803055,0
6.8179216945206775,6.601357805213261,0.029892199980986467,1
1.294902879906441,9.23535538707376,8.05765737959442,1
0.5999733047296507,6.795998942514543,0.7896674560713557,0
1.5785397613824736,5.858610394389599,6.159251116734119,1
3.9715208815623537,0.8859221309822107,9.587373005399222,0
5.995281050440198,1.2407911280154704,5.100858377764949,0
1.3910493838585936,5.58522435189137,6.61354461589288,0
9.981936707246618,4.991652458499236,6.255639049436235,1
5.89709553813726,3.0598131948657157,5.365822485888315,0
6.727453822133328,0.6670442375341101,3.216748526347779,0
0.523420804922845,2.3845725520973837,9.677264184229893,0
0.7449772588383152,9.630721458260902,4.872809345459393,0
5.446678682810942,0.768731676292167,0.9416389444426299,0
5.333849061161015,6.207818627418225,1.7490867777683006,1
0.3733664806000181,6.745015375111091,9.932941301116331,0
1.0644236532177898,6.249699943453839,0.44906943006083,0
3.6510010255418446,7.727428257973463,1.2384769030186382,0
3.7553594019348644,5.965582442005247,1.3513202387962098,1
9.44986577273814,5.930815917767463,9.577158900847634,1
2.8436861978730397,0.18134707498901004,9.752737529436624,0
5.814389091465609,1.5602457863591201,6.418048437761799,0
0.7176130501731592,6.071040480105823,4.116063170072104,0
3.8032324321690436,2.463376153838083,8.593716674328553,0
8.745306849911701,8.163586170705349,4.693586316223811,1
5.094638619615096,2.547093375225095,9.686967435995438,0
0.8532384163595697,8.413317754384503,8.444222421544485,1
8.335235740777545,5.068040240461588,2.6139464115592057,1
7.188558440605944,9.305719199636588,5.430184648308729,1
9.647236132207174,9.785795657777648,5.6800250724535,1
1.591646398260994,0.990770355340983,7.564199723720275,0
2.9355400802566525,2.6931554095325474,6.7831180964441025,0
0.22111557303623575,0.1385827438195597,9.366266556898484,0
9.346492509094093,3.2721530684487785,0.481861698258057,1
8.936923239212268,2.2642217370048257,9.21134673696168,1
0.42987383709885085,2.7297790192408202,7.779140577674156,0
6.572843865774466,9.706120750743278,7.712580133411011,1
2.8725111818527704,9.356608909764779,6.2402244333347925,1
4.040444462317377,5.633394974772379,3.3069528094054856,1
4.276919890384363,0.5110708172356881,4.640540711959032,0
4.565068831228677,4.188452254582048,5.670743199917528,0
8.316524095609052,6.095901177139401,6.855216933988064,1
9.478495327058035,4.937158047120823,2.786484147728366,1
7.3970022675308575,0.981804030282315,6.384350297542233,0
1.4177603137604367,1.663952954201644,0.27128331436617525,0
5.4959339448960005,3.4080132579538347,0.39433804167143705,0
0.3059504510848432,0.3415253357810455,7.489243005522827,0
1.6534940755657301,0.8133952536851119,5.384560893149973,0
5.356277388726958,2.3845937157680455,3.2368590059513047,0
5.81600575127859,8.481373163908298,5.020526639863537,1
7.43315053910263,2.737488210966154,1.4255647833106722,1
3.6285231894384316,0.7551102078163496,3.585480041862236,0
8.723703945321034,8.638015709089322,9.679956973112965,1
3.042955343390922,8.500622635010869,9.511553325461406,1
3.5414582838428266,5.903745062112903,3.1912794715952373,1
3.322741947265766,1.5579619991858984,8.38266439721463,0
5.978214260975668,7.903488027142994,7.187224227086397,1
2.882343159354729,2.9411280745401824,5.419284239341266,0
7.7092790791788275,9.246114100622354,7.929434233378662,1
1.2432012834734452,0.12848197811495154,4.551867125203324,0
2.3899146131226514,9.797723889580997,2.06386123693145,1
0.2500568069011744,5.056276878408119,3.9357549605364293,0
8.979057125823342,0.4234057323621987,6.391856097961348,1
7.595962454124615,5.752868832949894,2.1721581366574028,1
2.8095353087528396,9.189960099853959,8.853725521548695,0
4.887433378760031,3.932734105045003,7.312512984340297,0
0.29009918647071475,0.0951337718909473,3.3925304847437965,0
7.637041947456713,4.209658954561018,0.8952860910215188,0
5.892281312597674,7.001944871406669,7.325333820194873,1
0.15759367460536522,2.9102616137608717,7.776948415960863,0
8.283999946751008,9.334746160844427,9.5541502673537,1
5.916343572698626,2.636400120510319,2.0755115079781628,0
6.422913232216363,5.474475087986667,5.000856209606232,1
7.9609866970339205,9.13918072629573,9.204746962887976,1
6.4296303040029565,0.866866398783499,8.730522229981313,0
1.5279403234645728,2.25199935052696,9.702264847629936,0
6.170303762949981,4.173588885007647,8.05331027948176,1
8.562373981043486,0.558605683360347,1.0852776868036862,1
5.402573707865597,5.600947100789232,0.06149691664522616,1
7.503660532840209,3.9243237118199223,2.375644736572504,1
4.237624573007094,6.540897090557664,4.5240705687353415,0
6.410639863048355,7.194460132358148,5.644595171082757,1
6.59775686437656,6.308081858068589,1.2231796036648201,1
2.1964469088120717,2.4189328562192403,3.9291724353025015,0
8.873047388523629,8.397041319694047,9.804808460593762,1
7.782303931326916,1.0640194363597277,7.300396300359448,1
9.680752791523021,6.552549076596655,5.232571396762818,1
4.53014397270443,5.619867819689311,3.0264429407709468,1
9.83920563462725,0.23683197642603404,9.140191170543638,1
9.158572446217013,4.3930760632494,6.1901529865941765,1
0.038571857146723065,8.943841389785673,1.0294431907847945,0
0.0717572635278041,1.5713901779520079,9.023054827980626,0
9.850264416090106,4.37997710134503,7.463884789290103,1
4.8670726492879846,6.656300197632525,1.4568450631797802,1
5.439124234531297,6.68600596879158,1.0848672754452793,1
1.3330669943298246,7.688314761192602,5.5710449666417095,1
4.3845759362370345,7.751886666273199,5.573222252016539,1
1.7397347179785172,3.0882528299219647,4.759177331530532,0
5.933155115908617,3.505445700936437,2.2898679919114606,1
4.946800616217978,6.603777413210464,6.422210741736405,1
5.948677099847542,7.173048893073469,8.838644287438367,1
7.757989663886312,7.822797823133106,4.401478711838749,1
6.535270545774163,2.0409559012419476,8.392301648310182,0
5.398128320755494,2.8922952590336637,2.3252159770358616,0
4.153602170629755,9.159876669682971,1.1627610747378125,1
1.1196774739695226,4.337130297654287,7.203069078410055,0
7.222386654832661,0.3545519312691747,9.027317310766623,0
0.9285667912806606,5.191965993162665,0.06901493029400907,0
9.784749157534943,2.230399829322216,1.5494663819780607,1
8.45672699905587,1.1318016425089783,0.24187468681950763,0
9.728005434125652,1.5111372288890823,6.897242772308383,0
1.7637084638971146,2.2655037326654304,6.955383304002215,1
5.388154607466538,0.12921861075778085,2.6835126266701548,0
3.49037424506079,6.892254478737242,1.7503574119572762,1
0.14735377267300898,6.29061142810559,7.589985878539479,0
4.739579836801116,7.34214478621494,7.233510554418627,1
8.214098513279573,7.020896033374786,2.5916865199593264,1
5.006860951637584,3.1664694068957546,8.395046195928447,0
1.8785543121895987,3.617690811204246,6.789202662729188,0
6.099608689718675,8.071699839603845,3.3406792058182724,1
3.0772862524693476,5.051444898852929,9.463256592212298,0
0.2903132388817464,3.867178593066013,0.9595170194821612,1
5.504357887280658,4.771346958678833,4.8515373261586525,1
6.183685271986082,4.842290620495463,9.799810132255843,1
2.7040349521269027,4.464436174733604,1.7235515441284632,0
4.023748336447398,5.769192794114834,7.943676319819838,1
3.1819809030295976,3.8849294394442446,5.751889922971261,0
5.004882154425446,5.652496872506504,3.055597123879531,1
4.302244332301863,2.1209838936999406,6.622928609848275,0
4.970520988454173,7.320012036790073,5.002590856299392,1
1.488486709220207,9.6560767190329,4.7913367379107,1
6.474092668757341,3.6183833380563577,6.7083610963375,1
1.7395306118953358,5.46964171566649,0.03534382601498853,0
2.627410829087755,0.30605098442900824,0.5324767265039287,0
1.7178598189292038,8.007473133779774,0.00727446223304451,1
5.047893232169795,3.3115832957387106,9.944639347305541,0
9.147599352963137,2.120052084737607,2.4363209514868234,1
2.4910830717308152,9.602268428495934,4.470228538207835,1
2.8141649713127768,7.099260809867433,5.4234739715733955,1
1.6938728065103104,4.085398578110517,2.475641586533092,1
0.7542635261554154,5.788686862362463,3.6981503636264623,0
2.9397473904719105,5.858277633228406,8.750166717136405,0
3.6423997396746657,9.483986762764717,8.849766214346959,1
4.737754080934934,4.314660791851415,3.0825923556967103,1
3.014858762433952,4.820703164735689,5.418221139898093,0
5.1831049997295935,8.611379210311116,6.445397604601958,1
6.553053661455594,9.17673233580587,3.3264640512079158,1
4.918878992397152,6.858492917864818,0.6288755093326182,0
3.8771984454894692,1.281982485863138,9.970825911702011,0
3.801525068360566,8.132424449963713,9.84295941444767,1
8.3149248952677,7.31657770356934,4.1655634418806775,1
5.9697979257017755,7.20352498876135,6.9238395371942465,1
3.442502999714799,5.011788372024037,1.7986472949033172,0
2.448955539237997,2.063755273753637,0.3371596215860284,0
1.819119104775051,0.21964820594553291,4.246222975492432,0
1.4803281854808392,5.652692159623392,4.496867611512149,0
4.0215020390783796,5.499878940897409,8.06128413860407,0
3.0462516325397493,2.453177837754026,9.693331033796962,0
8.559827828655743,9.736241984935857,9.371682544344711,1
3.5287720229300046,9.929353568675454,9.641378475441208,1
2.241472724716048,4.19178209319175,2.527160120572857,0
7.799021811122497,3.5712942669931724,9.89754442799474,1
8.057646609623621,2.661273292713541,5.403117358379585,1
7.479036023471143,5.849776725653294,1.089072016443855,0
3.5164120925891273,4.240504300374574,1.393322761389667,0
9.537163765032856,5.462542958980902,9.273241262412098,1
3.1108025531291483,3.7135747209324146,6.086127672879754,0
2.961943432741103,9.804409660636205,7.540984496782009,1
9.897698569908034,3.939129870042055,0.875062024868547,1
4.936095686298927,0.6577471115539213,4.963701831339284,0
5.259427538038841,3.469293458816515,8.229585903815863,0
1.9855779946206586,6.0489597492804394,6.77353193389259,0
6.594013481937443,3.4323135960953364,0.2227692060811981,0
7.2302107869688905,6.096383163253495,5.243863046528874,1
1.0673808995575529,7.2502919538503345,1.6551202181238467,1
8.550327681545674,4.9530073492849835,5.008218948364915,1
3.7733560556704315,2.8799792136116897,7.0646210849288815,1
4.998904735436424,1.8923732163288332,0.7741427049911154,0
8.923298965684923,4.941426614540942,9.298043521340452,1
8.370401972233566,0.9433316595530428,6.13033278665272,1
7.591698740311033,9.31687049960728,4.376814229001891,1
3.7700526155886935,7.044060056907105,8.024270635037741,1
6.9144877746368145,2.1209316758712458,6.4152521534887335,1
4.20976893280402,3.8117257104303013,5.705752372270455,0
4.656098597018042,1.0188590803514364,5.153287545016418,0
9.66418754664381,7.04682888200875,4.202027097441681,1
3.029673330911462,4.7846802779145134,2.1694681087164582,0
9.905191328721493,7.076947382277229,7.710736330980126,1
4.7174204648360245,3.4718411210586133,5.157973325567963,1
3.557731196092706,3.2191933902336722,4.489424061762808,0
9.313942263835862,8.845440103632043,6.257889194605629,1
0.9446087742413345,7.285502628626576,1.685736998636217,0
7.660601794239224,2.981073017454964,9.6371944683407,1
9.582107955919097,0.5972508669253784,4.9300993969698474,0
5.664642861926421,9.978685352986652,3.8012894545304166,1
9.161539491628636,8.437812528695286,2.4731744647365375,1
8.648671116022664,9.716131770951433,3.159197675542745,1
9.847817788675757,3.779319097499243,8.483181135011408,1
7.4725268881103,3.2221676866100357,3.690096249619944,1
4.955205998247684,3.410373520951434,2.7167271035542817,0
3.3793327582089825,5.436277395873263,4.912068896849192,1
4.582688650706544,4.9970073501090715,5.461002647952008,1
4.248699486701244,6.941109628996994,5.998884676887185,0
9.80526412594707,6.429924539769361,2.3957945597520993,1
8.097452798624415,5.378551898118787,4.879235311482553,1
2.239473482320402,8.929490746233522,0.544957438995497,1
5.424459346218239,4.73713464520646,9.150813569261755,0
0.6665763336140884,6.8052689125358405,8.446912000455754,0
3.5095323672085255,3.6309180488440695,9.84100066871557,0
1.2413406319757958,5.936613334766372,6.9133570808015845,0
0.5760656863502345,6.968234097507542,5.1782064904887175,0
3.144453482679679,8.542908085176867,8.181271667777757,1
0.7723268669035122,5.788344739198213,5.607418255869997,1
4.920007717332867,2.129641207036607,8.649046201556974,0
7.036795024927768,1.589248255201271,3.842965290253356,0
2.7989439989186926,4.814418035770995,1.0351938626977786,0
1.9509780069259475,7.552900342136808,2.227350468797469,1
4.729451634293395,7.285812910740825,7.7981163475830995,1
0.060081922086754336,0.8163556682941009,2.427758304977956,1
0.23660584652785088,2.0006799899714203,6.073107775277195,0
7.904966630980239,8.160370048897814,9.06463074787652,1
7.201155139311992,2.3977760855655808,4.343496738828588,1
2.9544999023086183,4.9324892518830925,5.781634041741473,0
1.1420057924120586,9.048550376602632,5.578905547690843,1
7.574174740557006,9.785075329139488,3.9774018578451797,1
5.401387217442873,8.57885473579459,0.4013632551716473,1
4.707049299036257,9.619754383391484,0.5163415189586451,1
3.494982183750893,2.820966418765616,4.593666889508227,0
3.682457427501152,9.299688392782203,5.74229409456667,1
1.2574342987628795,0.16084710745810527,3.450849239330589,0
5.047629720121309,6.234904158407483,2.135389975373344,1
0.9232309263180605,5.027227125661058,0.05173075182153153,0
8.501198329129423,4.574820308001665,7.161194207298136,0
6.282153006277873,2.7574969691948894,4.018847539284669,1
5.405383219273384,1.108543256058826,5.088701709943866,0
9.556568558730499,7.05538665323656,2.4926955688478882,0
7.53792010310475,0.7397392775913114,1.773776490978598,1
2.5325912280206673,3.552411534551264,7.4559034560909465,1
4.206259878192108,6.390575341242792,3.2523129818270213,1
0.5765289839648713,3.8062744285241825,5.537654359185439,0
9.821489884791724,1.0552053035956754,4.041297521771905,0
5.520351907606191,6.427297836989597,6.094202021846137,1
6.118881808425528,0.2947978410653518,3.824403502557958,0
7.68379752737217,9.50520848734698,9.361108337548139,1
7.3008631320464525,5.055265654345674,8.502720730397831,1
6.024272880012105,0.19095291720744867,0.8561001158535309,0
3.549509501884507,3.3945674680795634,7.0142036988929615,0
7.321140899167629,7.843430615205643,1.3065359478393734,1
7.182486642418793,2.898927361920581,0.43812304813854897,1
7.958963657371806,9.111260145116583,1.3069222456602403,1
0.5123697564418861,2.4379375943607737,9.805965447362706,0
5.169455104971278,5.920771377018314,0.21832275390152311,1
4.694995000856789,8.15558629744616,9.680356122496626,1
6.5887132451425,2.2950041517036937,1.0879742100066148,0
1.2732092426481356,7.002171664608495,6.351929681610954,0
9.25161437351302,8.91196096905901,7.724166171074112,1
7.650044025749416,1.9694124346739161,1.5366877650674915,1
2.251865317413758,1.9009159441687873,4.837830519101289,0
0.4149295885502102,3.1804139248171692,3.7504928172101692,0
3.0989555539418703,7.592963526971551,4.922449666260144,1
1.595054527232993,4.365774759165463,8.428941183243797,1
3.5263598491239723,0.5009765095231522,1.1685405257745274,0
5.456463372191904,3.8426075997160245,7.881804499016089,1
0.6182518684679772,8.616136814750012,3.1244281776340843,1
6.62618828152259,4.754172975608552,2.4135791350209757,1
4.416899901600594,9.508451800499637,9.408887899001346,1
5.340384684512705,6.2623323988940065,4.104744714019479,1
2.3964426111605297,2.333027928054856,2.4811581907568936,0
5.815551825236479,4.042749502831782,9.751058984682864,1
9.016003735568889,3.9468687658432886,0.9033522342286826,1
7.180561861809718,4.943658889781835,5.687356250262452,1
4.643423916252019,1.994107650749951,8.593458231948532,0
5.441810828722151,7.523725388434332,2.1741984349530687,1
5.366690785526714,3.0144927459471385,6.250854922196677,0
3.0366556163611658,3.178720437468731,4.286780902784811,0
1.3409292152135177,3.112368765289527,9.257051416644819,0
9.003131203301164,7.350243188863037,6.444573101048615,1
6.459122516262358,1.0697905981282974,0.4133725618676576,0
8.284398608099107,9.547557179674666,1.2727886837639013,1
5.572665752508284,1.8128479104530437,7.1254566563738875,0
8.509502091174925,9.255064941503637,0.6391837473452533,1
8.796294475409983,3.5846753201063706,7.896449660509233,1
2.7250585266668126,1.5357243929269027,2.578029062553777,0
1.6859628550247996,5.096911248345673,8.664902872515798,0
6.440604552290825,2.6310619276619374,6.800615928677788,1
8.477781426469457,7.137506255233338,9.820683411230297,1
5.9887585035917335,4.459748688120318,8.65389644936397,1
8.70048259097436,5.4664909411858895,0.8070747757223673,1
1.6267905717752629,0.3919040992512468,0.00524800233907885,1
6.832167289070853,0.09415880769483187,5.628282949188322,0
5.3175726297428385,9.692103018625335,2.327827001589581,1
1.1510671135961414,3.4609680017956146,8.249121031724359,0
9.244525624218427,3.567006514258473,1.4170773290182115,1
5.1785810729477255,0.7939623338066015,1.2084503833544469,0
8.467535840661268,6.971014131493941,2.4291444087379688,1
3.8393116141917716,7.883506512752345,1.572060980261425,1
4.162640432500931,0.48458240370437666,0.8294867905301273,0
4.059821145131756,5.952738974366722,6.5300004427492,1
8.464552029315271,4.539960160635514,8.22818391060195,1
5.375470913616404,8.203449270604134,8.008325276789972,0
3.5495051150565016,6.006274736956044,3.8526220974576453,1
1.3517794464898136,2.846038336447231,3.433452215413725,0
3.2271515004176066,1.6297315098646104,6.488079787830453,0
4.116099228642588,2.5298208976737713,7.640121374409544,0
7.440133295448081,8.660758478838076,2.047550479231398,0
5.94792628922702,2.4642412114105694,4.395693125886174,0
8.787318451965124,6.983733675684078,8.44972148181924,1
2.4344102866567807,8.214646188758197,1.4999286511375354,1
8.821298431918816,2.965122436097375,5.676356601892255,0
6.518859325558294,6.153515060279082,7.019870439043345,1
3.8761390645561153,6.814908952231601,1.7661920313289992,1
8.084469401049414,8.464115386559444,9.013712859586319,1
9.645838237972018,7.723696532054481,8.534891951307369,1
5.274513763345995,7.782389400841111,5.246786919425231,0
9.089511476336327,5.819046649721214,2.4004500819099173,1
7.715545170378903,5.054710563273299,8.611143068248017,1
8.427020375839106,4.8750085786633,0.7358338237085726,1
4.173448054930625,5.806530581200401,5.200935350737089,1
0.5250744206202274,6.171934272424155,3.1447957820956915,0
8.931476398410046,4.4581835741317954,1.3537514280746754,0
4.051456231536336,5.458168192180746,6.956636768273873,1
9.93632180220256,1.941363023692949,1.8872551405487914,1
4.718040865574839,5.2930920665357615,9.777239766889354,1
6.337807528116864,7.305338972098802,5.9238362239450195,0
0.014672183852522114,1.6484072203888178,6.171171160215739,0
6.17964168155939,3.784550150222735,8.200398571253292,1
4.652723649390586,2.5218232067488824,8.22145929492612,0
0.03644867632364934,1.4393645261398413,8.189985026250419,0
2.225898307012415,5.444684790484137,1.3254479790123508,0
7.485215734547273,9.542763138457214,2.7971443070723065,1
0.5589280405341734,4.64580815680446,8.425551826470484,0
4.367253603751166,8.944065367387187,7.329183717718911,1
1.1154954212402912,3.5759212032070407,8.845625717121639,0
5.098424369886597,1.9881488276780002,1.0587126940506308,0
0.8074890768425946,7.841071773001667,4.24095690078195,0
1.3054450646961802,1.9437130648946987,6.744047984082833,1
7.246038996373844,4.340989383952967,3.7980855201238595,1
5.886009153077,2.471734228628378,8.72104012650938,0
8.40527930697068,9.386180730728949,6.306198230404856,0
8.844267240689637,9.96595425158991,3.9640778139203423,0
6.681492904535082,9.444281613333692,5.443059767916876,1
1.20701330813061,1.9196685186532203,0.7091716186829267,0
4.983937530863631,2.333046944249123,3.9786780928299303,0
5.558365002395368,9.88770618238495,2.6529761468987587,1
3.6819608166494353,3.185427831051549,3.7901900346367903,0
6.327897079867961,5.493497050401714,5.552242426271451,1
3.624090697363962,3.9505790738387327,6.588596502422953,0
0.08372280666176901,4.440376581731311,8.644768412758925,0
0.006785277679776103,2.57927875237837,2.500296288030275,0
2.157603723961461,8.361077500841676,5.597169083111187,0
2.9223944884127273,8.473182230700841,6.80787591910128,1
8.786764087512935,5.772927627782671,3.578230256948809,1
1.3375881179110893,6.810036809436849,9.475147608064546,0
2.4471095463957893,7.747564921819196,4.545060344226634,1
0.17553143521653047,3.720119989687988,4.548197046267081,0
7.84447968103363,0.34094345303842477,5.7642284128082135,0
6.655304994736678,8.769612911040895,9.097452708599924,1
1.5911229533107107,8.157124295589117,0.9111120677095652,1
0.925295896049454,2.2090638217138894,7.559091684988038,0
2.328946393279182,1.4323117819133013,1.0700371503311656,0
8.370182525655403,7.921873761044357,0.15672060009188526,0
1.0312776689692194,3.010433293394559,0.5067764975371869,0
4.102812577465675,1.1416232011576832,0.5414567392979464,0
5.786851140901513,6.824560419253032,3.0982508568430402,1
2.62864537805078,4.217116815356523,9.821910789587717,0
8.578251783776324,3.659145976821958,4.456428870146709,1
7.067185879187391,3.2328332281894,3.0945491079311047,1
8.924919162062046,4.608168389351923,4.129130499604638,1
6.492254456514073,0.8193294141905416,5.86645656214934,0
2.176401498940699,1.1385451590853024,5.4274719600539285,0
7.612691771831183,5.901809763945821,4.864938596954355,1
6.146452137023482,8.160959050282196,7.131299061319636,1
3.0567289535068976,6.785743472760416,8.951665163353734,1
2.5041027416266513,3.519654651062336,2.354489719494995,0
1.8959604431543842,9.417148881830666,4.772257999669268,1
8.21730974074542,7.021351718237075,6.667730259019111,1
6.4770167013117135,4.055860528218091,1.8357185833133072,0
1.955194032370251,2.3318552733842104,9.000042720790843,0
8.806128404184237,2.7469609332783165,7.775822363164529,0
8.750098079883262,9.226950683472374,8.366651681303246,1
6.180266975075193,9.886180665141778,8.571366868691063,1
7.944593328486139,1.3500938155596354,0.0861577485149978,1
4.881151233565606,7.1172849562889775,4.164027928074457,1
0.5553620893636169,0.147577980404896,4.518872907065495,0
6.143595163286873,1.6467844637251672,0.2285057195208373,0
7.93097172369655,4.7743238206849075,8.664380914760933,1
5.995549347522282,2.620346188651761,1.3593079941017239,0
5.384190525084104,5.380036998242426,7.626393730700407,1
9.31782723315803,5.334889000069463,3.5394576219903993,1
1.2016861479602414,5.26391788186319,2.9250733182247823,0
5.960751949167751,9.090770377758426,9.518538414735872,1
0.9376456657641163,0.6610332210300085,5.777963525699549,1
5.390776788551381,8.635481246037141,9.695059927674388,1
7.314145863634812,4.811194939257214,0.17883350917967,1
0.35964043392694434,3.307296389671958,9.27410671928067,0
2.09829255938721,9.61390810147738,8.575324761040546,1
8.871646118363518,9.465831145707385,4.867371335320538,1
4.47131645099267,8.524417495029704,0.5186696755091547,0
0.5712943117303593,5.272300086301982,1.5250705801416053,0
7.595124005360305,2.437057828195548,1.0826944663656857,1
3.678163661335505,8.993551173159116,4.9175868918912435,1
9.208767330006761,7.113925892698672,5.27868967692053,1
6.438533415247686,4.73288169092537,5.690404090897538,1
8.286365402935328,2.173740689365118,5.618869862461754,1
5.225148054931273,5.650098435362625,0.15185120897420856,1
5.111957940078171,3.4014798042769967,3.2753035001549327,0
1.51657821055743,8.565478729679958,8.935457427112505,0
2.0697468569520714,4.124834079983097,7.9472322393761585,0
4.621175372151194,1.9251805962921653,3.3682430552047435,0
6.2344611893074795,0.2621462899786342,5.7255941397888055,0
6.661709129925226,1.4497319806077202,5.955398919635081,0
2.3353935073878462,2.272109034783653,9.92859384845307,0
5.621473508332965,6.193103909522803,5.219016397215422,1
6.163429790702196,6.9137310358332265,3.303778241731299,1
1.9386685920814462,8.174285161790166,7.5412580922202475,0
9.684744279821405,0.6076385476812596,5.4638454687151485,0
0.0714181761893784,6.679168118548134,4.9858725734254605,0
6.834483046524436,0.8380483495325108,2.9834197332945243,0
3.7278930479849324,0.6836133555786006,8.6797085089979,0
9.265904304649093,8.196704126118938,9.639935709429722,1
3.786131685905093,7.3309594726344685,5.0938849484842885,1
0.1346772190730794,8.392286150136187,9.92692978527516,0
0.5004719763890897,6.795973334935018,9.880123424675203,0
1.0313191672821198,3.162371378091894,2.5699120133564426,0
2.196524208444618,5.942771675813571,2.401801781528421,0
7.7935169865709195,6.482122988065083,9.875272786279567,1
3.220669638036343,8.571953912112525,2.0336468744988636,1
6.1111439569504284,0.9389526949622129,3.2452957421013373,1
4.168231385297131,2.7371086992721194,4.801640316793944,0
1.1359091028247736,4.7495830749848755,9.253827851395474,0
2.6724121595049333,5.233454697260226,7.859764582137468,0
6.5124477439156205,6.811704765960018,4.650505946963669,0
6.653634312454746,3.79973470930701,4.706331796147966,1
6.889225257445705,5.400165322004005,4.882951113103861,1
8.345498563004973,9.935589658387611,6.075579345843176,1
5.79144042124509,7.498013380574258,7.871623469975631,1
1.223570420480381,3.577239969283632,1.3370044144930548,0
0.6746075716588418,9.97155706163704,8.945546771058744,1
0.7364208645140202,8.6590338184561,6.239895298606822,1
7.088012542392433,4.231340701181782,9.506534398114528,1
2.9682820343492153,6.0805574758472964,6.546394487164636,1
8.189454152010846,6.540000989777184,1.2443066645765932,1
9.1132650052398,8.066580814018174,7.9052583885440795,1
9.937552136810648,3.2275246870881835,6.48516847905886,1
0.14918633150259653,6.714958832111554,7.405663742965023,0
9.866571443615545,0.6736643423034061,3.1473427973825685,1
9.778671211191847,2.872700267767927,1.6019688351722172,0
5.1565129263523355,3.6315080026805524,4.665656722898702,1
9.685511085329342,8.716280630892255,6.581165753933984,1
7.282385739068166,1.0723883229031528,1.6856135747994483,0
9.67245334774565,0.5950225541048038,7.343257755629837,1
5.501561247360424,7.992860829981064,0.10707635047320752,1
4.902807288542307,7.172649922479071,5.246765735565832,1
5.432294345980661,9.571042052797283,8.585466066126289,1
7.538178590292327,6.447001602423443,9.063484141866718,1
9.98710829504017,3.2759634138931237,3.6479866278584163,1
1.752638984917757,3.4277480744460895,4.996259410168373,0
0.6898208447451026,1.914077155893249,5.495177970270885,0
9.806482797399509,5.515360559761455,7.683310470559902,1
9.066141316154324,8.494552804164764,2.852021289009774,1
2.2019649639897176,6.391413631482204,4.98808600418692,0
8.655615288211637,3.410344298436744,1.0397327991578476,1
2.5115970577509614,5.636858235587673,7.558092140155748,0
2.2817653725704767,7.733409909139551,9.120841550981448,1
5.923155680535183,9.740526591899632,8.888452780665453,1
2.864165620562422,3.8220115439401656,7.701067250446426,0
9.864701868412705,7.907790155515132,8.84757563444375,1
6.522792507131482,8.888911760911162,9.018087430257628,0
6.49635989075615,4.210913926288487,6.565545666862449,1
5.475726715667624,1.2955730976256497,1.8033633701243568,0
7.185247023582804,3.356502926715277,4.0046769324895255,1
2.300803151798582,0.5753820137868282,5.886571037457297,0
6.738824699735807,7.9113573579134,6.88172044891137,1
5.5075861620416,2.0661876591774178,0.35997958214640136,0
2.584982853196868,2.7829032150768396,8.995550039504124,0
4.2369017237050075,3.7997937151388896,2.5596257676171605,0
0.6434007255006902,9.804427615606414,7.256329858705865,1
2.0652613586923287,3.412475134759869,6.329491820775219,0
1.6736071970547106,1.3870584724648383,7.128054516707757,0
5.526133436962537,5.041287477196887,6.344759117552849,1
0.852135978769698,8.88521618692662,0.3216873880019888,1
7.477187000853757,2.854685835302635,3.395911772180508,1
0.3928234049792845,2.807821982616182,5.295548504988846,0
0.9522546468300197,1.9658214816668629,0.0658258564288694,0
0.19066161016015104,5.056340933777981,8.329944753784215,0
3.616318359806412,8.915853393315686,2.039138057210117,0
7.389212070472725,6.277096144331871,3.0708695847156076,1
9.065022637734163,8.185438248065811,5.454863448927733,1
1.0938276827762772,4.872770426158967,7.819431775358816,0
9.25295824518734,3.537920356153701,7.046426669188883,1
2.8263020112418635,1.4396371959045107,5.163379677693558,0
7.5098859451073094,5.105288034284952,8.84626239952055,1
5.780338229771539,3.0587871760271668,4.2141230861490255,0
4.612935533754005,5.191398839439136,9.228326129375606,1
0.6520952640573108,4.134843625778438,7.250733158958589,0
0.9132060615367188,5.202542744240381,1.297620264527084,0
3.7702887259353615,7.546213028917488,2.776903767911185,1
3.8456279026245355,5.160154734496066,9.780960111227323,0
5.738196474147851,2.197048218430008,5.80604697231792,0
3.9659290700368324,5.106337245609333,1.8906884662920298,1
8.239601310600465,4.531078185544887,5.902568115765206,0
6.612649564464449,8.83841774490142,8.162421167670102,1
2.3676253541704972,7.684536435026136,0.16859768227840077,1
2.7997071308893897,8.99727184390452,1.0933052445704328,1
3.1932127725163086,0.19716691361351457,9.825050788542915,0
6.109445868006843,4.154859500375375,4.549751269758126,1
1.8660257079358011,3.4436766471590783,2.3790082611098615,0
0.8903811932196171,3.362922042043949,1.3238627080501164,0
4.407082846890451,6.030028629824701,7.099103553759761,1
4.49142854312181,1.54209620045347,6.783652211199679,1
2.059780657541527,0.5707479181481934,9.063810236616238,0
5.626729558475704,5.620151809080696,0.9822118043074435,1
6.398969181498368,5.483547954230113,5.842068241891053,1
4.700319112921458,3.896491461824331,2.403614440309868,0
1.2377234094396738,5.136607558229413,3.4737279402730383,0
3.5134738615866015,8.977426924904904,1.5172173566659841,1
8.669554441723498,5.821236501421893,6.7978761645634584,1
4.225404498935351,1.513704578378775,6.983171027709404,0
2.6426172992376107,8.943338749662612,2.438250712229304,1
4.496502332743768,8.936179528770946,1.0074701395899543,1
8.407724957479212,1.6129869847190392,4.393023759780931,1
5.382601256576672,0.4247998705275602,5.8939197800784715,0
9.695113549691428,9.511288389280445,6.997961831257829,1
3.9586009728911264,7.638729149251895,2.247683918730903,1
5.544183847704267,6.2208191984336025,5.641835023862428,1
4.589469273235344,3.374416057569274,3.1018990899119725,0
6.345881529446072,8.842019887912949,0.5364017018381451,1
7.982978663164105,7.824192034223406,4.562598495146024,1
4.20243079678875,6.968602631032574,9.043430689499914,1
1.0382417951279288,9.948774645026578,5.218783006649771,1
4.569302667679018,1.6289939710995716,9.794417544432003,0
8.060522674294397,0.25986761975545614,1.2100154628827886,0
2.4405898648203705,5.094076851552433,5.481788220929103,1
1.6469417784692075,6.243175007189662,4.224792327433541,1
2.181427856635758,9.823331905020135,1.8701601252820321,1
3.6597974119729293,6.32416913699535,4.07593984974843,1
7.8753678096171695,6.278631568635672,1.0481743698910773,1
2.5698793927382955,8.7158681690118,7.825608707095214,1
8.231563914206667,8.105643687497329,0.5641346130584934,1
9.214828119226532,9.922376750919634,3.7924526138684547,0
8.973237079322,4.011993083061038,2.0759211554085333,1
8.586153316370272,1.3613186821704981,1.9210551427160338,1
1.24530052211978,0.6341791776016026,3.8166499959355638,0
8.936942823950782,1.4562824729162394,1.901407747431828,1
2.0950223202144014,0.4646193661576259,0.40352219484134255,1
5.914860621989541,8.498140721851685,7.111774059788817,1
2.8702348292643043,3.1708359920422247,7.819131983157346,0
2.3394082383310053,7.32473532304728,6.316602976389176,1
9.868542115489142,6.318442646860624,9.824729630371495,0
4.328937952619216,6.846418288520445,7.358218696623222,1
7.996044869608135,1.5348902294954814,4.194244880388781,1
2.98704219514946,4.929648106441001,7.269728102263716,0
2.18864082188969,7.273578004246114,6.173780607541019,1
3.6000556477753074,3.300490030949187,7.984375121078796,0
3.408608633205481,0.4735443083120272,2.684575766731534,0
6.350951358384273,8.770267612690189,6.920915978922745,1
2.622397651365578,5.050428883495169,4.82890816994118,0
2.392659044879019,8.115076141794882,6.180893437516973,1
3.433012527089967,0.11109229936412612,0.5364708887602099,0
1.9582627717006906,3.6403800472030268,6.726627661553188,0
8.715889763614339,0.7077235155289452,2.3654832066724483,1
4.66773138895877,4.937148324395167,6.3466042568145,0
9.980750532045624,6.755992067292964,0.40392231658563094,1
3.5692455828678193,6.75522979406002,5.933148377406078,1
8.612634087961776,8.280626100493825,8.387808396640386,1
6.731537486113036,8.149177976724559,6.195392745679098,1
9.819135796330134,3.0875274092788407,4.535405023047523,0
5.7742871832458595,9.727683322199562,6.744190389252735,1
0.4266278712612348,4.111105416813451,9.42082926040684,0
4.3906337951075685,6.851137444512796,6.072463347006384,1
6.821621991778163,9.659810278805272,4.371191107597029,1
9.159330573661329,1.4306983813977348,4.930738235548881,1
7.357285848301858,8.01595300521798,7.323657301836092,1
3.7146932152414527,2.1023621126674774,1.7393179962910188,0
6.250837964732457,5.768258304047715,0.8156409955854382,1
0.6128546846179428,4.013362566574665,3.1388618502320376,0
5.950871893322347,4.55564628163045,8.63841503871852,1
4.969821955366188,6.967395499706097,0.7131607929656947,1
0.8048498079737787,6.508650877193092,2.422732916926418,0
3.106313375120445,1.6122756866643007,0.7290131117614274,0
8.033338739474406,8.287859582266217,0.2218094749516497,1
9.017451181060375,5.753241612093882,9.64058517595863,1
9.973461671761356,3.2765437783357685,1.826850456825626,1
6.63287873615878,6.89426885445163,2.5643558571923384,1
7.461620422920779,4.889811667925618,7.503133691794634,1
0.3716869189205496,1.473798424298861,8.047681126353064,0
0.175934128159142,3.9290145664388367,6.966553221082693,0
1.2899268909401806,6.599511142882671,7.265678552331451,0
0.23197712003513504,8.509461932628335,9.819881451963845,0
5.009099948230666,7.009171389379275,4.88326329428496,1
9.873792423052631,3.7539896554146948,4.207413149593613,1
5.686161834272133,8.18884088993118,6.669973657632701,1
2.881273178393473,4.471333632580343,8.018438037286842,0
2.6109801827720656,2.2153227608089576,3.6466525195338595,0
2.280634878358309,9.626124108094281,8.310460012437701,1
0.9856694349872563,4.842333713120598,4.766048084194718,0
7.225169791416871,9.5516121965486,1.3586932651132055,1
8.21443727795742,4.049124750515777,9.497986107318317,1
6.051958801116739,3.102412074295523,6.473551061756612,1
8.603248957283999,2.0580419001762817,9.524620445332019,1
4.969964046162202,0.20111314534425606,7.683004357920059,0
3.124564534181169,0.8651008329210119,4.862785372711919,0
8.277735080731347,7.5242558947508495,4.271006135906629,1
9.566640291337357,2.454675626597884,1.6769888476549077,1
9.754763314901911,2.3044442134933654,4.725528580241956,1
7.608073227239595,2.7665063978794313,5.782588431629576,1
2.7831992097029925,3.713174244298169,3.3278483354503163,0
6.183969165664465,4.927635716287763,3.6040616635207967,1
5.839206063314155,6.008633224100518,3.740144399885331,0
1.4059919648366281,3.2021457283743757,9.0927887754952,0
2.952331613846748,5.811019927085258,8.803397847778795,0
3.3149409910803875,3.725863410448611,0.6485773464640932,0
6.529084288693029,1.7428870504869998,4.675287415157148,0
2.8696038315383685,9.932493736862295,4.734010301589198,1
1.5256780359642075,5.927589699830768,8.257996138659083,0
2.2517398474244543,3.332879676054067,9.023736548943717,0
4.07681759467534,1.4099128851757348,5.752158280038594,1
3.7839071683596694,6.679034055182158,9.774814701682928,1
8.810256362345543,4.192654093057605,7.988249265542374,1
6.073785575216911,7.118239693794221,5.320969042335518,1
9.223369823265255,3.7040970440907306,8.307703350495,1
7.284409517788401,6.947768055202475,2.535401341727966,1
5.9137506635576065,0.7083100281739807,3.411050691524773,0
1.0467174935160695,4.788357805165986,4.771699457303965,0
8.749188062270397,8.167241110135246,9.413136199001972,1
8.12766011233639,4.00384774948051,0.3921243985388867,1
5.636180895398714,1.8724821723271534,3.244259126624894,0
4.981223873700266,3.7648703219042092,9.84000886618797,0
4.829187813591675,6.711701901686865,2.308857507058246,1
2.7189703987307645,2.185258400177521,2.092750100351145,0
1.8967663058027673,5.175446162413047,3.9804513446914025,0
4.83639448003248,8.154820328962094,9.456039586941703,1
0.06450892782084106,8.425625387255643,5.81255461694187,0
5.351403433942362,4.689200345502548,0.7478040155725996,1
9.637419661504971,1.40725614081878,9.106593113929826,1
2.7236494599140935,1.1940844422215446,7.878616909858578,0
6.6843206387278915,7.246218374665748,4.2328100846320105,1
4.031236850462264,7.748787015500294,2.953251120241643,1
3.341709473834725,9.272497262369491,3.5324925726036205,1
0.913259547643408,0.5315265905624278,2.5283816447358056,0
0.4356801033709201,7.98410109198527,5.098332049896545,0
5.8633480072287005,5.43717558314674,0.9570053950958013,1
0.17238860036192571,5.676186567524768,6.318960313982349,0
2.6320302419757047,2.9079798310854765,2.4820081272810013,1
7.4384297604537455,3.862940680124206,2.3042462566854596,1
7.395725474096523,8.982276912841154,1.4630164891351738,1
6.513682565808444,1.8759918693838618,6.825900875673737,0
0.12765692773690662,5.4467415799811505,5.079846377228831,0
2.074178984330217,4.580744733751619,1.6618456067508791,0
8.569726744235494,8.8325375413018,6.972322123140349,1
6.877137836870171,5.715042445680455,0.3330686988239917,1
4.516062839082214,4.5299246188714415,2.2833106033870965,1
2.571134589551065,3.498066369927817,6.865607869007167,0
1.329660770095633,2.261434955480268,3.7346262977268796,0
5.881432649338252,8.14907451847549,7.742619831441898,1
1.769987620563166,2.050667256034613,2.1281095936553918,0
8.076255568707435,3.228439460286711,9.578732306008355,1
1.6934216951183623,8.107572785912385,7.014556193724493,1
5.7553255082076005,6.122776961663656,0.5923549623159763,1
5.391220754354178,9.51147083373394,3.55217347934091,1
1.8779737304885658,2.1807669925765416,3.6722664270376137,0
0.7006177845211647,8.484607791570411,6.895404267087604,0
8.665829778863943,6.8630950885806,1.9498600057530069,1
1.9699179389871069,7.134234580378045,5.8239639856685335,1
3.230397563463614,8.734145340451297,2.0881284588994866,1
8.505091395410803,3.7204487628095584,1.0252674514161275,1
9.486456538035604,2.1407174180335433,7.197582518192881,1
0.2009285273163508,1.85198732093671,1.1424600388101203,0
8.576043331687984,2.1833713910410713,4.756864520757446,1
2.6777608857493265,6.251752460359992,9.175196022157072,1
6.457410056361623,6.772590981268177,6.852920362190641,1
4.8212781049296085,1.1038232464532582,1.2030583600030942,0
8.480086384143144,9.567627607171854,7.3793303186508075,1
7.090027848023331,5.154989491299565,5.189143333987868,1
4.834158920992337,8.334433126057679,8.710105862444866,1
3.270861748239784,9.934711559258322,4.696148316293735,1
1.3549335077628766,8.393781665411153,6.539037012404063,1
9.457919890189903,9.980248227700336,6.66781823245247,1
9.07479457101877,4.927877945322935,5.275248347645553,1
7.169839377585399,5.536113624523063,2.9932470067769215,1
9.118441656491216,7.216301131176372,4.87868619864035,1
1.486864943775612,8.703275651101968,0.6933602221221147,0
8.600726014875516,3.0759748496774653,7.944302812852606,1
1.5546397845656068,4.42081034706592,9.439065883549185,0
3.809916218664026,8.383688981072478,7.249296457187131,1
5.654378796825585,4.15353025771351,4.063232793947515,1
8.619002626516377,7.045795333748841,4.1166482247133604,1
9.417185728684835,3.618920782187854,3.560257629932849,1
1.3714346361361485,1.0710541453541589,1.5908558448004084,1
1.9346483448449192,9.03350552611289,0.1977556956134252,1
3.076108261679421,5.729255717540143,1.6338813439864008,0
5.739939240144192,4.168428715390141,3.5701111623224078,1
8.243160048244427,3.273118637773187,6.565949308111804,1
8.48039855282859,5.5332930540522804,8.297900907760171,1
0.3993807233498947,0.732974764226052,4.9925111047014505,0
5.7974026940842895,5.65299569643285,8.33413933433119,1
5.043921844199168,0.7336101551095731,6.847406695751166,1
4.552671460317422,9.074055160681135,6.983767714344884,1
2.368985711463578,4.5839244691066945,4.827464256885229,0
4.981327634307588,7.356596233826219,6.5991234479781715,1
6.805081671137071,0.05628133003223179,9.631482740614848,0
6.2911323964662,0.48828326604595684,7.908651261026715,1
2.0650674591631812,6.467336627334613,0.5463867653598053,0
8.374326293519772,9.846423617873265,6.006229832895102,1
1.3578358459714612,5.419200427084862,6.052039406249749,0
5.5528646546086025,9.160703992793179,0.4317351514950707,1
2.3845095001247127,3.163155693012248,1.7770668988339622,0
5.410874707990629,0.39425487570171724,5.029578521868769,0
2.3717680802786987,0.5556589513311072,5.319948921726994,0
5.66673352199785,4.602456739580361,6.900794617259406,1
2.8716244885851583,8.792342211036022,7.75517189799693,1
9.485610940047128,3.877388930276693,6.421139497575721,1
5.004444101513056,3.849014386283278,9.685564676023706,0
2.04742758339484,2.4974957878425483,7.34530210357796,0
9.527755006659893,0.5483660831906656,1.9287797347538538,1
1.6498759207813019,4.782558049540484,3.51080926059952,0
4.415731576980427,7.610714732894245,4.769438330096203,1
9.026097104061341,6.422552640849583,0.15410506933190793,1
1.5456594645617905,1.1648567762556783,8.110642233645416,0
7.5258851203689145,5.132714388006979,9.410516547877055,1
7.762662304202471,7.685101621264155,2.945084950530774,1
0.664772248340163,9.772733825399808,1.6982991649396428,1
6.4638764230291095,7.818935795838692,2.408173056605476,1
4.3047733493491105,1.8739844638320113,1.0004577719378493,0
1.4260903560837945,5.484557372139458,0.7738253322613242,0
3.754818529866152,6.589891303495325,7.790679409055884,1
3.6809779699653378,2.3213104289123287,4.063011666762004,0
0.8147884765615521,7.1487279103442125,2.8251259937511355,0
7.802996622759167,7.156101352487509,3.9406557236961195,1
6.5247455790957956,1.2501103454211993,5.6236257851476354,0
7.455413516933725,7.59760088151432,7.113644921050178,1
4.877639660560538,7.434698121312572,2.5813863572334386,1
1.1705945449256172,8.786359697167667,1.6455384632221937,1
0.012587463392325082,7.673475359483875,8.516575605720696,0
8.007994760760907,9.888169402640042,1.5516504908410278,1
3.8366896350076174,6.587643240216262,7.719036730203495,1
4.001753564251055,9.055382994823383,4.359037456209473,1
8.649483365543912,9.820998820967953,1.8952895872452202,1
0.9241472484472346,7.02225311293772,7.189134038309561,0
2.6563459774468665,2.066981391505741,8.36828994538352,0
3.265743160753024,2.4592641474912624,4.616190508397038,0
7.754384580628191,8.781239932352396,6.724523583302568,1
5.223849817305779,8.26155888740583,9.82505297851884,1
9.367410197684277,9.076792581132478,3.0244805750406325,1
8.232747146011409,4.7638727879918985,5.9279698301258,1
3.5991431694664824,3.3574446669342173,2.7739043426942245,1
2.949359480638175,6.232466536667216,8.24332603542256,1
5.971804814200072,9.886452414645502,1.417766586903676,1
5.132569534496488,4.572982778029173,3.7344779328077857,1
4.056480179776589,2.4735561551037333,5.107891275915149,0
3.353864501768953,2.517206981021245,2.0665900235547294,0
8.91928262692268,3.419676149637141,1.1282100417531338,1
0.6838025724729846,9.35806108174762,8.875733801533817,1
7.022151730130993,9.24640919512368,1.8925879094156317,1
2.4163021424627376,4.664147715352254,6.215680724869642,0
2.719442624806967,6.374172951022134,6.721617820759178,1
2.464497749366962,3.7872326335239204,5.5508412470191075,0
9.58238163467435,9.637865375784461,3.686481091841748,1
9.83568940322767,8.285707703179078,3.5945455138366675,1
2.539402706573086,2.0569480224982772,9.519947038245908,0
3.7629385273989504,2.209371800216732,4.8795916342181425,0
2.8974944126377933,8.214337190042421,4.854341399169351,0
6.468134482182552,6.088281578929146,6.260315222021094,1
2.2393273429167557,7.036643008065063,3.2166697644725817,1
8.820003524603555,4.416615978023132,2.645953828909536,1
7.95551374637162,0.8055839486815775,7.482616295370916,0
2.6756865106951153,9.13942750697723,8.594382144676938,1
7.286933794961186,1.212086073936085,2.1307848631860993,0
9.114184012097187,4.76429200978031,6.7330243585999305,1
2.5219613415606035,8.467133685243828,0.393631298604048,1
3.791541703241802,0.40982720071324086,7.426975984747647,0
2.5341316402842917,1.4070671333400586,0.28541715575584714,0
5.876637518908421,4.029498053165731,0.26518488042319155,1
3.9245563149860163,9.902184932245905,8.611379201660464,1
1.12280246792121,8.08621075842049,1.4681325836193893,1
1.6938517236761474,6.900643872190332,7.114162655723145,0
9.655570800537323,2.4153521801257516,0.13551468639107167,1
9.758163853744295,4.7741494729008505,7.324037224655001,1
3.08070102366187,5.760391564598841,0.26404265940905947,0
3.3763900485668294,2.009171009624593,9.450312235761995,0
6.2443019868152,1.4528922677986866,4.963759906829226,0
5.514004913442264,8.618624683620979,4.261742345775501,1
0.33838197979133455,8.251364948315747,4.9502740534621745,0
1.1795269324921887,2.9136188208756453,5.644307921821979,0
4.381910879653894,4.531259424894123,9.619951620361535,0
5.709513308571167,0.4157929439093977,3.050470194630729,0
4.776211448534595,8.373392820934123,4.751700442161844,1
7.116265851124743,5.1802334113597865,0.8805301305957958,1
4.5344938719485555,6.932316555564998,6.247422789970475,1
1.8466638965308524,6.4770571354187725,9.945727781833103,0
4.5110856620094,9.753236384110288,4.141391240082067,1
6.743053917903598,4.004608639050426,8.816799423362342,0
7.942556950417352,9.810181271970013,0.6815577011545282,1
4.826257411098628,2.8929026678264727,7.168603475819796,0
5.865062021953146,0.12299767353634583,2.1941326069920555,0
4.94831111307383,0.11289347529054528,2.933567441927484,0
9.6185614136101,1.0100341824779835,2.710978692850776,1
2.006414692056561,3.2360318924437736,7.480627066957181,0
8.774265281636861,5.139014181973842,3.55038347645022,1
6.298262526254571,1.817076713449114,6.9331725060607985,0
9.709411757258927,3.1533880833658245,3.6585759303509047,1
5.472050243561082,6.962024571841372,8.60580246772003,1
0.154661254249161,4.4381963429953135,6.85777546354172,0
7.030470991427157,4.125681998859697,1.2450351876195964,1
1.6818457196981562,4.43705050714109,3.1321754723773387,0
1.178751237557375,6.540150984071036,9.44469204169079,0
2.128868199392171,4.546227969059981,3.1129333644188097,0
4.744851686982454,2.5821794028317715,7.336254722832065,1
8.193040264385672,5.227159510614822,1.838770353602216,1
1.1934284167202924,0.9142605273937776,6.876976909893663,0
9.998407025204326,0.5709624158339965,1.2383915253387168,0
0.1708463373413116,6.010115111462672,1.858532315421202,0
1.7919078247501008,8.123683975618775,0.370961947059002,0
8.363207498775795,8.666411742925643,6.309610725252021,1
1.3581325887741402,3.991736388680388,8.968399145389839,0
5.285108278748312,4.29925348910741,3.535183764608326,1
6.24480906242209,6.7890675794180915,6.627133206826042,0
4.334954643687693,4.056365822979931,7.335423646203077,0
9.952226940835866,3.902512953628532,2.87291271031316,1
6.80749491389575,5.32758050710111,0.5534953881727878,1
9.247870887526586,9.760489557928445,1.7542369653942325,0
5.1959489880687215,1.8542402183154771,9.103463730675903,0
9.641046037982795,5.863825568017544,5.529250681069289,1
0.5991869172514053,6.980202069417766,9.618825668146457,0
0.5005587759176322,6.700447818561659,6.409014424226421,0
1.2306784596635756,5.081292253752915,6.792864373470577,0
8.280975344312635,6.114273604727228,0.5827137628107659,1
3.703819815368601,3.7421382471226075,7.882439188584415,0
2.9642326627463,2.3057610187669244,3.8937816461797823,1
7.852435760274887,2.028478603249939,9.295750930291113,0
3.2297405497872744,9.804371212706611,7.066621123779963,1
8.282940830115331,2.59565778115618,9.903578135903865,1
4.976393197438504,5.330079207305997,2.9792130175787546,1
7.977960106191837,2.43138440540175,9.564527842802162,1
8.610521539496599,3.6302206223586184,3.943174427953621,1
8.16685405286129,4.875744574181504,6.470017759396476,1
7.5663365312107835,9.037792593789012,2.590147072927481,1
3.619209212834299,5.734355794738955,8.621470168929692,1
5.151699407919495,4.7168412422890995,9.662497265568303,1
0.43081336668364667,1.6049397716630576,4.396307255317218,0
3.6197475695427728,3.7747888766235205,0.08141149813770454,0
7.762587204412654,8.860957479914633,4.864260940445087,1
1.335822457940118,5.7548597110382405,1.6200955535795147,0
3.668021094796101,1.760304167544685,3.85484920787337,0
2.736010075063362,0.3095361951607445,9.617844415470158,0
0.5304906787323715,4.800740630269502,4.774114862388331,0
6.430857813405418,8.622246054596129,7.9435297992676945,1
2.4123117109078187,0.3834674850372277,5.975433990401601,0
9.948973848606347,3.980909010200805,2.7136449518564065,1
4.854510537417921,3.195998865882228,4.53130104891163,0
2.6472223173697285,5.386171308218469,1.996736129090536,0
5.505714835894936,5.736340271562192,0.5710661245571147,1
5.644716752510974,8.520239596623506,7.767268376794521,1
2.4594274347714853,7.63273764774021,4.297857236658452,1
2.7923772425190574,2.508973005965337,5.5133919743449695,0
0.7441015407259477,8.480428831470997,5.202950298780971,1
3.682263494048239,5.446209213534664,3.404340713420283,1
6.7314113543292855,2.767246917314089,5.314475660060626,0
8.226676235878651,5.07543827780435,3.235941105813053,1
0.5963057202667343,7.610966836371167,9.270066562230518,0
1.0478858764477172,0.13310830503043491,3.536353882277937,0
3.23545468067574,5.106952389021765,1.5970628475204685,0
8.224081170162993,7.183766345507902,3.4400709062792845,1
4.500777299917314,6.446146024578761,3.3774117977023845,1
4.461800749626615,0.715135916929458,2.6497808260681666,0
4.312707320623959,0.158925463802414,2.371240307904261,0
8.792545638559183,9.535940773810193,9.580034722995585,1
3.6149497157426005,1.038237172530685,6.4739596660023535,1
1.7879238517832718,6.819981279871767,3.3200561026372677,0
1.7283868006779712,2.802522093295666,2.7566842757159247,0
6.113240002107631,8.429945417337713,7.53143220278759,0
8.93587786541046,3.9627177126609983,3.8227181557775705,1
1.4216223817680151,4.350890587144764,5.12767590205976,0
0.9994895401243009,7.768917605636501,0.2581047777186074,0
5.7360732881199015,2.4700905848899035,6.286851748628624,0
4.529839222486802,9.422832470514743,4.030708401017672,1
4.064724498704681,2.003472305560363,3.838309037421952,0
5.396494685499491,9.748269164709498,4.829963710655512,1
3.9605996247397024,5.515279033708705,2.446843086443459,0
3.9007312573863007,4.193163044445983,5.479760528657974,0
4.427737320096739,8.476083010811399,1.1628597011530328,1
4.11628086865025,3.2171869872372127,4.495638574232727,0
7.0945892581535475,0.7896481289752533,7.133493227707382,0
0.08330172010768022,1.1734462362393594,2.5069996398724026,0
6.881342225789659,4.193972019659714,0.8732070076202536,1
2.5399582342463223,7.00110052356755,5.400268596069279,1
8.894244818524534,1.2657653393771784,8.944603411597534,1
3.2522328468913377,3.6334272626528366,1.6277774028059633,0
8.336632948554337,2.3193981240191297,4.219950014016581,1
7.438389205519008,7.867762334187026,0.7853872620553037,1
7.045959525750952,2.946246551913551,5.8900819911002475,1
3.970418543646408,3.845107708324036,3.6083713146450314,0
3.5587999744791876,4.583365967579384,2.153725833727309,0
3.432732386893905,7.193046159274369,3.5617774580544648,1
8.364099137087726,8.53289171623823,9.754376617781958,1
4.731671682689162,7.308254343672629,0.009528827962050901,1
5.573379269936263,3.4889192670292,9.9341424287166,0
0.7640237698262864,9.645624663755585,0.13767182409318401,1
5.985738521946104,0.16952791893892205,6.57400861890812,1
7.35059815958548,5.610084744841903,3.2571590993570085,1
5.137850379840078,3.3592761095515886,0.4313766240369332,0
7.625000611334842,8.694089548369877,1.989115826952813,1
3.4935627368007016,7.9307778541224,9.690773816091438,1
2.775235924043369,6.896069833189758,8.769162880943442,1
4.723118440814657,4.913451827449833,0.36513430523668733,1
1.9532350267825194,9.933346135817537,6.538383022476162,0
3.062943974432332,9.927767183331062,6.640855026538015,1
2.8998107385653293,2.584888121841422,1.187327837702361,0
0.8468219562309487,7.143081270274058,1.4327715234771465,0
9.01503031087285,5.235214179037636,0.47894430369214924,1
1.5979896318355302,5.205937485615079,6.68869138484858,0
9.382848842879051,4.29965932967402,5.433916102728099,1
3.6598003140577218,3.551397791117852,8.770506652621554,0
8.506122921760044,2.6233463090893294,9.339526212763838,1
8.802317037577154,9.880946698755688,2.5513882148396636,1
1.870948210841037,2.8162999886775597,6.831272755715258,1
9.613520881990956,8.831932933770752,8.455149759852093,1
1.78339146966506,3.720849498505314,4.246877009126405,0
9.350415781603724,3.526212866507005,2.442961137166627,1
0.5254956520823661,5.298565503621626,3.6805513055794217,0
5.003611768832403,5.062429889274859,5.243716976423148,1
9.590655757874995,1.380151732372653,5.302408576148769,1
2.1303955145146283,7.98881502601064,8.374718927625903,1
4.577045847950892,2.1922291430366236,4.877195412348156,0
8.83548080530199,0.939429723693157,0.8884953133307372,0
8.964128726051552,9.532173738936457,5.351016708009508,1
8.98314679055828,6.3367753006815,4.274319070007097,1
7.612222666449508,7.225774160383512,4.824705415329716,1
9.403617162626713,2.6704213967820967,2.048183693226645,1
5.455829426011201,8.833051791695347,5.154003558019054,1
3.7496722548392967,0.2665474304616178,5.245924653157507,1
0.3468649408278812,4.1935956506581915,7.166666229690866,0
2.296683355905901,4.281569075190982,7.902955750972139,0
1.2966313193444334,9.882486902134348,2.8887651662699545,1
6.7595189310853225,0.2299074569785975,3.7206584989091085,0
5.2665019552690575,1.1053903892667694,7.856084974936689,0
8.284710498889169,8.416790639027571,9.40277433129564,1
9.378785536109929,8.773069589382555,6.636170474138263,1
6.369565255556938,1.9481971864260728,2.5921365871751822,0
3.324600877407302,4.241334209583477,0.5805100051643941,0
8.230201485668648,5.5440493559486645,0.932847297161018,1
7.058574777565854,1.7331416485217144,7.076472326555723,1
5.733352685095831,4.511607383287472,2.1669797986977333,1
8.077673390015729,2.3696566932445595,3.414710569288655,0
2.2780580918926727,0.9116177558305294,7.835332934824914,0
7.694902818728532,9.469172160117639,0.33404093307510596,0
1.804884492988228,0.5232132722312555,1.0742970196764656,0
5.495247010680061,0.4179925103023685,3.227160108906629,1
1.0750408616434937,9.893945709676363,9.418611950660885,1
3.8244555681574797,1.413280009858091,3.971872326436646,0
3.5343164393567426,4.821893698875255,9.579408234204163,0
0.0966885651156002,5.142797568053734,3.363178953367366,1
4.571782435295576,5.53560164031941,2.0197163844467516,1
6.047759892826741,2.947169318064274,6.064031767227091,0
5.391926081948438,0.25386936614790856,2.1624937048182957,0
8.014413343204934,5.556300188406539,3.6011455486340074,1
6.461792308932758,8.36323860607391,3.5356694688788357,1
0.5258776536851884,8.408890440623916,1.4371432701339892,0
0.5756253078167395,2.277006504650043,9.098099485481232,0
1.6363998421765868,3.1358216322176427,8.557178009887439,0
9.873725994335688,0.8291187582319592,3.24813179071462,1
4.771266398596291,1.490758370273353,6.283582126927475,0
9.549283817829446,7.361534468474079,0.17098274598266738,1
6.306157570336937,1.087465257903143,9.420389628492616,1
8.385523494379237,4.233626844380102,5.344184492201006,1
2.8088921361349284,5.796466779472293,2.965824127438853,0
4.676200942989199,7.150536776394788,7.870809416730209,1
8.415151264569342,5.440546874560328,3.0512516991746375,1
9.570704812087143,8.525361650390984,3.3643970817955537,1
3.2791407903532557,8.727692031166766,8.853848766364852,1
0.6249161752156929,3.087288815519286,9.424713180534521,0
3.46466139295482,0.6298533179430088,4.57951639233766,0
0.3856777436034764,8.091506722089202,5.936348615028601,0
6.490329293865633,4.493816570498238,4.20970486392148,1
4.62262232360797,7.096839207942663,3.0733547609489653,1
8.248443611361683,7.942763556156235,3.2990815162273037,1
1.9987383504656508,4.342722962321513,2.095077984040763,0
2.4873129838846464,8.455060802446463,4.5432418964364345,1
6.422965020056987,8.287469090604262,2.012371188627001,1
0.25533997837562605,1.0740896469768924,4.072373080851797,0
8.851570369890466,7.5989586142255305,0.7378549511194243,1
2.909205404360823,7.885327765057147,7.4422076871772544,1
7.666899651864218,4.343913789674745,1.5651475081669275,1
0.3469632583426163,0.6935798478202004,5.917316163731941,0
3.506329986160802,2.247305368344845,2.2642769497060753,0
5.632711749313194,9.83619837906464,4.9038186682023435,1
5.993271418700243,8.117304142655943,0.30166371710516615,1
8.458248142632968,0.8835181860382424,7.840497900056702,1
6.308399919614142,5.34102776788078,8.137818241983913,0
6.150927651044936,7.4512749896404165,1.7826532722070387,1
4.364307683878385,4.1442707528988665,2.067434781026164,0
1.8202778287554655,8.384644953112375,7.279243675391594,1
1.1979371816874884,6.429637486795469,3.3641845285206284,0
1.3772967423618754,2.7677314072941073,3.58419473305052,0
8.393486960259695,8.685882156982615,3.0507643264384408,1
7.4314046543609305,9.47934110492769,5.295269846323488,1
5.712525242421548,6.361544821650576,8.076478441303875,1
5.491157792498842,8.790505631040434,1.7812117354321577,1
8.501217773404552,8.071117710289426,0.12883439768989646,1
5.214019937101942,5.067079434775615,2.5893691709823363,1
1.887360577102598,2.7103755704079937,3.3773246849866534,1
8.799076269971199,2.068812990222977,8.7617720969059,1
3.1981378860316436,9.333266524895787,4.545549576779307,1
1.5939265675475156,7.917653803984189,2.740004985582071,1
3.3960800527823833,6.18918433667051,7.1125949416852885,1
6.962839856257512,0.8731174376948969,3.9272162938042654,1
0.14606903505894442,0.48354133075791395,8.457205383146372,0
9.824394119236917,5.435585975350495,1.1622263622662732,1
3.8708522461326567,4.497979938155864,1.6077594533254513,1
1.7722500533343677,3.6855933214336756,6.183729739076883,0
2.530943477333132,4.385654105281851,2.7254527319575903,0
9.038627964786354,9.59097850853389,6.084264056374752,0
8.349833720008567,0.2824066241589951,4.822522888916016,0
5.6940340058403125,9.494498578776016,9.793916401761141,1
6.077326376236981,4.658177395222509,8.448845061914374,1
8.137355622284101,3.3683512572873155,8.388515135514245,1
8.647322698651243,7.767053079278007,1.5773451293087293,1
0.326501878269182,0.3324998189206818,1.3003494190726017,0
2.3361502876559594,6.887055251726538,4.731469964800055,0
8.681005643431398,0.3997951957997059,1.0961664801308524,1
9.019524494663695,6.886391427443462,3.150540746591124,0
5.5958432669467655,8.724374068303707,5.870632580742164,1
4.000471954184469,6.696200005889038,2.9354648163184303,0
7.030832039362301,3.969995647333314,3.318923992160283,1
8.668107333120934,4.809231584343255,2.7794546050393807,0
8.850861716124399,7.907907929270466,5.155909222346812,1
9.481595031439044,3.886042177198612,6.718054116174008,1
5.236297822445043,0.7399526795695022,2.979511875353693,0
5.714730526630449,7.297015056532522,5.535073304794819,1
5.098857830744863,1.654262030200374,3.658669942388447,0
5.061781042521515,0.363277899104143,5.296337855761789,0
1.3568662728859937,8.108961946760793,3.930763045883381,0
4.591326858064817,7.729229389418332,3.25642170488302,1
5.470442925740739,7.625308155779318,2.0714988317501426,1
1.1006609458281758,8.373699538613598,9.116334016496895,1
7.888569977434164,6.739738959104624,6.291029238211593,1
7.090663577768639,0.46638412341918234,6.278034866127249,0
6.943180927488881,3.9440116544981074,9.320234719100114,1
3.1998400616269995,4.5064846658231446,6.147477329127944,0
5.1865812025682,8.372379229801675,9.964797522946476,1
1.3459567179488463,9.816827360107666,1.5782734102994334,0
3.574755538757526,2.092082498000517,7.710765675145438,0
3.33224567054729,6.923985167222726,8.819302528061852,0
9.775544292601078,5.455777553997959,5.129089828045085,1
2.962102317574139,2.761383323671752,2.7045941520168473,0
6.521245848723945,0.5528601029402014,0.06998957721283561,0
9.84645963258543,6.6159707261724146,5.821648313196027,1
3.3543778352693474,2.4805760481656494,5.729434932045441,0
6.578301219527566,6.021312767885611,6.849161872518719,1
5.314183058347085,6.546524772560374,3.8637332177368267,0
8.307313740496218,4.480286337007049,5.980319637076671,1
1.3601572759801694,8.19980845997171,2.128734568705836,1
2.945011463366755,8.501159901462824,3.1782443436494443,1
6.95426994484608,7.612710597184722,4.586777012524818,1
8.396848012141074,1.4605340634996256,8.792472874119063,1
2.9787982499539556,4.510061397706337,2.466690796975465,0
7.7586382799074585,2.7880729462806277,8.854223794682783,0
7.906604354570853,9.129752758290973,1.215476608899081,1
0.8575566523705391,8.562037852101957,5.274474539521943,0
1.394595324723763,7.8188005253128035,3.0888819355448938,1
1.095215763979479,2.6514050922283214,2.991131021603949,0
9.952331002776218,7.661100997916295,6.998424390371593,0
4.714606479672151,2.5250605714280336,5.072842350716032,0
1.365995781949062,5.767925283873812,1.7591193046455078,0
5.36838792545116,2.4877506408978145,7.383428846026251,0
6.8090311539735175,6.422672627330109,3.4855825015667516,1
9.98614260459601,4.4328439030595295,9.568064927533568,1
4.50482387760999,9.5887383847071,2.036100078443143,1
0.824833746237057,3.74276167021355,7.542181571058445,0
9.56469997841573,7.398594652880449,8.45544348180174,1
7.720313657576129,6.21412120203261,3.432299883150789,1
3.117774752779429,5.842262095781953,8.029158929338644,0
9.168231611824588,8.576571900795123,0.13030442781154616,1
5.2095197671127424,2.519180204811302,5.630955561273748,0
4.6424803421511305,0.4766236900675902,7.97464101876539,1
4.43338971917346,1.4078090958990686,9.195340926025713,1
1.9259966364688264,2.7076280266761668,8.045644340515953,0
1.1711937552082896,2.7700959711716044,6.9598178380164155,0
7.833170369867894,4.459856925843413,2.0300151017672796,1
5.369675296888867,0.22234892237848913,9.44211396901068,0
2.565184564104187,4.4721602033131855,2.3622537120246987,0
6.882513506275018,1.6352891427633953,5.2986820021285155,0
8.78238893667949,9.170884070305537,0.24677754008423203,0
6.67554217623163,7.18761364039107,1.6915473543686677,1
2.5177106510591485,1.894088417018639,9.28023514534376,0
0.49695982545266637,6.491852996544642,4.95297327023423,1
0.6933780960498992,0.48359451833331124,3.749418850632993,0
5.875593362159783,3.9389616747832266,2.471255175610154,1
6.5517090396444875,1.9123552442847402,8.795511160793634,0
9.226153490609068,5.669898712635164,0.3972943513356586,1
7.072004600523333,3.626290392825556,5.360931642310795,1
3.6284899062932006,7.7414119016117535,3.8470664238103125,1
3.1555487842631855,8.017650213594766,1.594159528668555,1
7.052242934763935,8.155678767683535,5.192406103105341,1
9.188624891614799,5.009476871577602,6.147526117836044,1
4.133947727778901,0.9193443322318373,6.0182880508073575,0
9.58252572425515,3.285253115966782,8.781608730422825,1
5.262994340976456,9.23642709138887,6.523928076398706,1
9.908219670063383,2.6792955965371457,3.998451069077432,1
9.445862621590003,6.056302401635575,0.6683108812605387,0
8.205182947333862,3.2509224671771833,0.5238608866087446,1
3.2053266934279243,6.739190398308011,8.659343215033786,0
8.341262806664444,6.214713806212851,9.496424200776993,1
0.916410154738373,6.182994332841845,6.304706209161427,0
3.0848664647297266,7.076897446684313,0.023551304429220155,1
7.535947382616941,5.475550765226883,6.04149556997959,1
4.680394187636833,8.97965956708164,2.4090002270894892,1
0.5492301490674967,8.611632957078742,4.53113039143633,1
0.8796000062886034,0.02832372792313631,6.96442178425981,1
4.090976636220503,9.735622283161886,3.640193491650936,1
5.083456051181891,6.124886473482759,0.8963557487787155,1
6.413743582382714,2.6235619214090553,3.7593068166458177,1
4.065484862617618,6.178740044052713,3.58873425100127,1
3.1691648346127943,6.437810131971348,5.844147585208768,1
9.387538205752252,4.4072704125395825,8.863374491336627,1
1.1957809186315582,1.368819711000695,1.1778676525206533,0
3.076169088079718,7.457358968983062,8.847123003626116,1
4.7383620266598765,2.18904654555704,2.712442464794649,0
8.355786847611611,9.024070986086672,7.879282995329752,1
1.754299819267181,5.928805943423503,7.824418441381972,0
6.482820382776396,5.330208311936903,3.971953880900092,1
7.888971537913868,1.9908494546542432,3.2809335850255774,1
4.852116045003418,5.482756295204206,3.5608755741392506,1
1.636036711832336,8.208154281198123,6.930093547693126,1
9.323560804948153,0.47995842388130816,1.7347446080111817,1
9.171566685885962,2.680591194237707,4.141035820316674,1
4.310508346205778,3.7483708926497226,1.298770830446856,0
2.8792452307367276,0.1846860011285012,4.988151883308371,0
1.6952903071956993,6.442406042399506,2.385703970172565,0
7.512838458761807,1.0595853602815675,9.326708675730407,1
2.836072258003639,8.203957303590013,8.452124283425492,1
9.217746316322238,0.9260583757883567,4.499523839571586,0
5.7598394325954105,7.116827874669806,0.637770363831226,1
1.7924428906455447,1.7585154462960095,6.15417793468071,0
6.683835626429579,1.467779309143683,4.616475350223328,0
9.674603048486205,2.891315219837879,9.422249561731029,1
5.376761940835091,8.957187463944239,9.316262677807547,1
8.314785677598149,8.548603495003519,4.89597939740523,1
9.366638185002333,6.945404114845914,4.971390599246726,1
0.3018583629125604,3.4316447817617703,9.945646985121595,0
0.1118869678709955,4.254707447603248,8.684735998775649,0
4.0997014319978,1.4397669505154076,6.717877534655905,1
3.6223721820156776,3.735116679470666,4.94748814294476,0
6.863711154911592,1.487634656748421,4.3648803243779035,0
3.807836739905576,6.741541125216366,3.682918206631718,1
2.7634896160050824,0.524606036036277,0.18951948610393732,1
5.518928212085603,5.7005235847843005,5.143224559242547,1
3.053750340996877,8.494326772405204,8.182095071656828,1
7.132636729086855,8.500893062171547,0.047536885226791004,1
9.729774346050016,2.232910192076333,7.766448087101152,0
9.406967125983673,2.192121624641876,0.4162260861841205,1
6.454711365620916,4.038314074263397,5.8349856212736935,1
6.406651182579143,3.3004277271158253,0.6739995667238619,1
4.4047638730007055,9.152744017341675,8.145228745425344,1
1.7792861437798424,2.0263783451794026,4.936371536292555,0
8.057646063350614,3.2946155505641626,8.974816823999273,1
5.876429658633844,5.631327181648931,4.7275944858568595,1
7.924124189475394,6.642083645375977,1.3715717942517935,1
2.6130064305578857,1.3715970425186252,8.501521904935053,0
4.516206621751993,4.480520686310559,8.399553107274713,0
3.7554859070654767,3.3119148654893737,8.507209398433375,0
5.122971528024665,7.484185731671685,1.4338454706443848,0
6.927799395855713,4.568317289438316,8.083663737847791,1
5.274429108083467,0.11812933243742885,9.603620193349887,0
0.5541290899780338,0.09801715416914325,1.451352571728316,0
9.834315466566219,5.308904686967548,6.0454219668576314,1
1.2793435931602581,9.520844203919976,1.1140156854831984,1
7.720227930325324,7.759845897722245,5.537458060143634,0
1.2095430138647811,0.6466587985195793,5.9730863307333255,0
9.666316273762225,2.4832891206029273,7.996769762105506,1
8.130348292100416,3.9969976316329925,3.869778424037531,1
2.1228158137603206,0.8082349030741243,4.274670522144049,0
5.508462844179222,4.938494385038207,2.003658110927949,1
3.570306493869577,3.8340113825210977,4.273727997453922,1
0.6287755148614038,9.29544556237866,4.150903841834902,1
7.44518016161274,2.3038070618802564,4.653275847937824,1
7.441838571682053,1.1294836084363635,7.669250468783778,1
6.158853843843948,2.66125848034358,2.8673866611375267,0
5.62001346886928,4.582814231424665,3.609456288677201,1
8.41112370818098,8.055626862937874,3.975045126075316,1
7.086383965151953,2.2444797340737113,5.845153985906491,1
2.5790575035630114,4.892192479959085,7.4625629901961865,0
9.79117554242237,0.5337829499908053,2.212556578099373,1
1.272442757139438,6.5879993326010275,8.991741375114978,0
4.983228709276987,2.3340137051931196,2.3194116435639756,0
7.347450934413877,4.3491851702620465,3.9489289120251314,0
2.9746143324141014,9.462849264484607,7.696983952015986,1
9.481636566207701,3.25354443161555,3.751461559971785,1
0.8590756887335882,5.098872866445144,7.814896662248879,1
7.809691929339083,1.5148246865704906,1.7580191857196048,1
0.8260971285398166,1.1215083271665793,3.042462763870618,0
3.438820654001912,3.0440966645733103,5.5882868610128344,0
5.9591686994107365,2.6720148973685607,1.4949537648564404,0
5.5448155560912085,7.996884306171967,6.541050852572906,1
2.5616093853839264,6.923040001999818,8.203434115240244,1
9.251828299561275,9.485216423875931,7.373811709058176,1
1.7515495694583227,3.5796381859689,4.111980010103564,0
7.1780928867041505,3.360600044214195,7.660830914973823,0
6.12486600671006,9.191511541043903,1.0664220099124344,1
7.223057389515777,6.240553656449288,9.96336664728936,1
0.8048842681882762,7.947308922077942,1.4182312212686055,0
4.630107397158691,2.924959701584479,5.713931289159216,0
5.223536563063931,7.723328813752167,1.0313759903160835,1
9.846477545681541,9.235511119768349,2.010149257495968,1
7.192615495118739,0.05611297573615004,2.5800342228786333,0
6.087948418898948,8.430294586359068,8.008390447494342,1
8.99288034580017,0.5787579472132154,5.158849435118422,0
3.348134626666306,3.1359939952501668,4.528030947928338,0
0.7582064369722041,5.389819708024476,9.325543989856527,1
5.056530638556303,5.686036725780333,7.122860974087956,1
3.7166304015669462,4.636151932534766,6.607457689078199,0
4.211970775602861,9.63166575458218,7.893294180975281,1
9.382332195228487,2.5677135682519383,2.58604131735092,1
0.19691140278771946,8.003591585827113,2.734503205006461,0
6.8710424093747955,9.56069543099671,2.4535161239014327,1
9.272100070186909,1.2619147642616246,8.615488869365938,1
6.38440951552999,2.9685250399781182,8.10408771455041,1
2.5907032625467297,3.6071287191117785,5.537913033562764,0
0.7922014416476175,4.948686730012279,9.001474082662842,0
2.488852939247975,3.4183535831860032,2.3379546596924428E-4,1
2.1978708349163534,9.576973494775714,7.489987343692112,0
6.235668243543381,2.5857408016591332,4.842602475272986,0
7.250948368808798,8.4627608412605,7.6429997044694105,1
4.718682517837652,5.935474811971587,3.6881548692984234,1
4.279956330048361,5.502777760276409,8.590997675520281,1
8.471484004575684,1.1886103375486545,6.232432856987704,1
5.124819783476497,4.69687041315192,0.20623454981649192,1
1.990957054837308,1.4602417486208563,0.49401527199832374,0
1.120056685698091,4.828294994825713,8.844452010768073,0
8.49436216748275,1.3491019059409837,0.24105346263916805,0
2.871664660183111,2.6948426710321414,5.775573624552495,0
8.964965184329987,0.034778687539475106,7.59194679427318,0
2.4321481382162347,8.749674463163238,8.0339408213834,1
7.826330695653374,2.826288853329891,7.430725748179268,1
1.543296185580001,9.854266253381546,9.095745451101024,1
4.399202246259543,2.340582178406756,2.093839844570793,0
0.8616805228848867,7.420753757537239,6.043311043798692,0
7.584950176715312,6.9393803522942115,4.48955147028185,1
5.256627232506752,2.2083838593505267,6.0602160917110695,0
5.256907026169744,9.488202811806694,6.7393652537132995,1
1.4792402451664,8.24084493865313,5.761533285826758,1
4.521156913149814,0.8015845660896248,2.2594632252360745,0
6.209906803710142,4.591446014291712,3.2999302911998205,1
2.2254217014477318,6.587269086509195,3.6425841949731685,0
5.114996786444453,9.517746200180605,8.156308798132288,1
4.269715869567494,1.5886377516388905,2.0935200214725,0
4.0573939433524355,8.22513882802312,4.629872962585296,1
7.264516153655122,4.435960072716379,4.800150785938678,1
4.3206747130884295,1.1752445906391362,3.098189643168806,0
4.145038511518379,2.6508373896961688,6.078965681744225,0
2.520262039689797,0.05162177851943728,6.892308780036917,0
9.736344322218782,7.208185903954209,9.931991482608053,1
6.0096584496176995,2.368222525704773,6.141333404318101,0
4.515303522265782,9.23691475731682,8.758799324905944,0
4.016693596137721,5.387426940888085,5.5900611721923905,1
1.7169949057881628,0.016229084570120733,0.8630818346175073,0
0.16965062303048062,7.145229506189384,3.9818406993120425,0
2.5440172616597367,6.878284137058829,9.689662704673003,1
9.560672738029814,8.855850534612895,7.382761958623274,1
1.350119127649787,4.5555565140599885,8.324290070047365,0
7.483663917337849,0.5037033663758061,3.5188060857931913,0
2.488270596211841,1.811581720773906,3.9818082592445347,0
1.6464129613226597,4.216049438695514,1.9943549119755644,0
0.2741911458089752,1.9098235258182716,9.104738362551256,0
1.2203363096173947,6.881403631258378,5.604280967827252,0
5.218639395158242,0.5182560698965233,0.7156706137970825,0
1.9618185763681006,0.7562037315206138,2.040713637616147,0
3.0275406529519753,2.0644071019030505,4.875010387934784,0
6.818718065196493,4.102230481227619,1.9226740128486575,1
5.95231194414827,5.948285959234867,0.500754606749273,1
9.936864357191391,6.935870182737841,1.640246604049429,1
2.29420927979045,0.14651382860817797,5.760828331959672,0
0.6196027082457245,7.547423982377451,4.692738258582603,0
2.9877524764765937,6.280669593093498,4.461572707777869,1
7.926980501049035,3.4978783477441966,6.0447596486004675,1
9.377393540940446,0.1231303775392445,2.5152913578565963,1
2.0777419016775345,0.5748507939852776,4.710076009406109,0
3.458931323065805,9.25963848559827,8.471358009168897,1
1.571885007952808,1.3403830123770832,6.768330550888515,0
8.448045189285004,0.23275368132068985,7.642932689574206,0
9.388236883899296,8.399156985153418,4.787586173620176,1
1.596480209589537,0.9298943044337804,1.720117282278416,0
1.0900470073177126,0.03129962809625075,3.3629819395514082,0
1.0801065622453843,8.23454232312953,3.3929791695359626,1
0.1060880924508556,8.43219651279813,7.016826503042858,0
4.842492033113704,2.7675460466854043,5.755938795993062,1
9.220019056356763,2.415422835400507,1.8747080867203192,1
3.110628092671339,3.4047062797282015,9.57829483888875,1
7.329172649492773,1.8432824244694068,3.0449427816566588,1
7.409184389138545,0.15059909654282944,4.377704790029559,0
1.6729600909830344,8.73284788492488,5.613885416118039,1
3.806166283487531,0.7137088055960139,6.7003369962505275,0
0.1193535873084961,9.428162675454173,4.2884390289436745,0
5.837207942318473,8.31235941201437,1.4276201512690079,1
5.505235258771577,9.928498840747778,9.910968506843854,1
1.1236691758188044,7.742104807800878,5.972544234404572,0
8.790351823664986,2.0886403730889103,1.7042373823622403,1
7.978609210228682,8.445193284354115,0.22115983103415338,1
3.1642224603561675,7.247916400336805,4.441100281952693,0
1.0655092423608592,8.444202690324374,2.232205025776959,1
1.6995033370837964,8.854652050011453,3.396498136945356,1
4.1277862122848195,6.6367735182436505,7.4917789704920725,1
5.231340565903194,2.114062527623355,4.148051063302061,0
1.8792270416096135,8.997621821850343,4.205010677419451,1
8.417410189603409,6.679327375202142,9.409642437363738,1
5.120301201685679,5.585996245394834,6.093437236864366,1
2.4295328119953674,2.962587614395076,9.155695354823335,0
9.371377460046585,8.677359799940719,8.521957058953932,1
3.257349206069761,8.67579792545997,0.9677519447910388,1
7.827063328099673,3.4146852648018076,3.9147730914565715,1
8.342447835953003,0.9463474865383537,0.9197474893840196,1
0.7139226932212472,4.303064094713135,4.763549275315379,0
4.736458998193892,5.231739508861252,1.0606084615446154,1
9.146781918901908,3.811282384381668,3.477545470464877,1
3.792578953490601,3.9402928418918814,3.558149473768133,1
4.736886318694164,6.509474133644537,2.6936229844726234,1
7.69326075766376,3.9420341437181805,2.508390623316099,1
8.243127534578814,6.754973933702832,4.325360421698392,1
3.947563316450158,3.290248586704955,7.33855723196068,0
4.332246108864094,3.4078508148656574,4.910565383137896,0
0.549810529915491,4.668477929827324,1.7905579539371441,0
6.128845407286727,2.307864030475594,2.7071094889387726,0
1.1884639854500567,3.4273967271024928,3.947733732477192,0
4.844818042986459,5.50977491109553,7.147060791811905,0
6.099301586806371,9.61383714628795,3.2985436562500245,1
6.855052661604255,0.6574407659632664,4.217121645272645,0
3.520560620035723,4.457032158400364,7.891061958909502,0
3.3934170728085555,0.7868678682634733,9.24418793526732,0
8.707575386485527,1.1502210807314983,1.0341287473161043,1
5.4517414874876415,7.563893741110784,1.3086456679736802,1
6.994196945211533,8.736730164586094,4.360258977800954,1
1.2409261476728495,0.9974164210169256,5.85907250072892,0
7.894827568469434,2.5519105777532025,7.86211131979749,1
1.6605127701072753,4.532905220599135,0.13058017233548158,0
5.107512542886717,6.365503044761699,4.571936604441258,1
1.4997743844307976,7.823941759064246,1.778315516271487,0
9.835637143095767,5.752382067931226,6.44218169050045,1
2.521895526462986,9.904079436808479,8.47474834513447,1
1.5801331535731544,1.4606671992663467,5.045845270136093,0
0.5982915114785647,7.678599004478302,0.4368802175441222,0
6.773897844778444,1.9950450320308122,9.084624103647261,0
0.49018976214218357,9.221723602269872,7.131614323951517,1
0.03154980143514452,1.6205774282842011,6.9051697116677655,0
5.615687159003917,7.333807339403514,0.1125131235468424,1
5.055586457143645,3.716565060537177,4.640118440603214,0
1.255209865501249,7.935523045764716,1.3490394339796286,1
4.00320129104303,0.5454266105801397,6.1065753476254265,0
3.4850469119183423,3.755334279918908,3.1013907630091087,0
6.266687291356887,1.3488292751736175,0.7569011728167541,0
8.503020963993354,4.954762129556082,2.928136443533739,0
9.181129690360365,7.370040143477944,0.8280167415113726,0
8.424492971761058,2.9295902768792423,2.8975130965489027,1
1.624779001221719,5.827544032374416,6.498879966076947,0
2.940876874258791,3.7359088917150016,9.672867817611365,0
1.577206345932145,2.775852449476106,0.05959511804784823,0
3.1400435231111565,6.205254722183582,0.5061942589304991,1
6.578413184240068,4.547851983487821,8.46485425668,1
3.882979187802743,6.3981191904571775,0.17991475969736936,1
