Dataset,metric,CleanMLPFill0,CleanMLPFill0WelfordZScore,CleanMLPMaskInputWelfordZScore,DualNet,DualNetAdaptiveFastGateNoReplayWelfordZScore,DualNetAdaptiveFastGatePrototypeMemoryWelfordZScore,DualNetAdaptiveFastGateTrainStepWelfordZScore,DualNetAdaptiveFastGateWelfordZScore,DualNetGradientConflictAdaptiveFastGateWelfordZScoreDiagnostics,DualNetLearnedReliabilityAdaptiveFastGateWelfordZScore,DualNetNoAdaptiveFastAdapterAdaptiveFastGateWelfordZScoreDiagnostics,DualNetNoMaskFastGateZeroInitScaledSoftBoundedDeltaGradientConflictAdaptiveFastGateWelfordZScoreDiagnostics,DualNetNoReplay,DualNetNoReplayWelfordZScore,DualNetNoReplayWelfordZScoreNoSSL,DualNetPrototypeMemory,DualNetPrototypeMemoryWelfordZScore,DualNetReliabilityAdaptiveFastGateWelfordZScore,DualNetReliabilityTrainStepAdaptiveFastGateWelfordZScore,DualNetResidualAdvantageWeightedConsolidationZeroInitScaledSoftBoundedWelfordZScoreDiagnostics,DualNetResidualConsolidationZeroInitScaledSoftBoundedWelfordZScoreDiagnostics,DualNetResidualSelectiveConsolidationWeight1ZeroInitScaledSoftBoundedWelfordZScoreDiagnostics,DualNetResidualUncertaintyAttentiveFastZeroInitScaledSoftBoundedWelfordZScoreDiagnostics,DualNetResidualUncertaintyGatedZeroInitScaledSoftBoundedWelfordZScoreDiagnostics,DualNetResidualWelfordZScoreDiagnostics,DualNetResidualZeroInitScaledSoftBoundedWelfordZScoreDiagnostics,DualNetScaledGradientConflictAdaptiveFastGateWelfordZScoreDiagnostics,DualNetSlowOnlyZeroInitScaledSoftBoundedDeltaGradientConflictAdaptiveFastGateWelfordZScoreDiagnostics,DualNetWelfordZScore,DualNetZeroInitHardBoundedDeltaGradientConflictAdaptiveFastGateWelfordZScoreDiagnostics,DualNetZeroInitLearnableScaledGradientConflictAdaptiveFastGateWelfordZScoreDiagnostics,DualNetZeroInitScaledGradientConflictAdaptiveFastGateWelfordZScoreDiagnostics,DualNetZeroInitScaledNoSoftBoundedDeltaGradientConflictAdaptiveFastGateNoWelfordZScoreDiagnostics,DualNetZeroInitScaledNoSoftBoundedDeltaGradientConflictAdaptiveFastGateWelfordZScoreDiagnostics,DualNetZeroInitScaledSoftBoundedDeltaGradientConflictAdaptiveFastGateNoWelfordZScoreDiagnostics,DualNetZeroInitScaledSoftBoundedDeltaGradientConflictAdaptiveFastGateSSLWelfordZScoreDiagnostics,DualNetZeroInitScaledSoftBoundedDeltaGradientConflictAdaptiveFastGateTemporalGatedSSLWelfordZScoreDiagnostics,DualNetZeroInitScaledSoftBoundedDeltaGradientConflictAdaptiveFastGateWelfordZScoreDiagnostics,DualNetZeroInitSoftBoundedDeltaGradientConflictAdaptiveFastGateWelfordZScoreDiagnostics,DualNetZeroInitSoftBoundedDeltaNoAdapterScaleGradientConflictAdaptiveFastGateWelfordZScoreDiagnostics,FSNet,FSNetFill0,FSNetFill0WelfordZScore,HBP,HBP_WelfordZScore,MLPZeroInitScaledSoftBoundedDeltaGradientConflictWelfordZScoreDiagnostics,MODL,MODLWelfordZScore,MODL_only_mlpNoScaler,MODL_only_oblr,MODL_only_oblrNoScaler,MODL_only_oblr_mlpNoScaler,MODL_three_learners_25Packet,MODL_three_learners_25PacketNoScaler,OVFMWelfordZScore,OneNetFSNetFill0WelfordZScore,OneNetFSNetFixedWeightLazyFSNetWelfordZScore,OneNetFSNetNoBiasWelfordZScore,OneNetFill0,OneNetFill0WelfordZScore,OneNetFixedWeightWelfordZScore,OneNetNoBiasWelfordZScore,OneNetWelfordZScore,OnlineDualNet_Simple_L1,OnlineDualNet_Simple_L2,OnlineNet,OnlineNetSlowOnlyMLPWelfordZScore,OnlineNetSlowWelfordFastRaw,OnlineNetSlowWelfordFastRawPrequentialLogitAdjustmentTau025,RGC-DualNet,adam_HI2,auxdrop,auxdropWelfordZScore,olifl,olvf,orf3v,ovfm,packetLSTM
Agrawal_f1_15000_to_f2_25000_to_f3_35000_to_f4_w1_total50000,Num. Errors,,,,,,,,,,,,,,,,,,,,,,,,,,,,,,,,,,,,,,,,,,,,23474.33(727.74),,,24900.33(1.15),,,,,,,,,,,,,,,,,,18132.00(84.02),18132.00(84.02),,,,,18060.33(127.29),19743.67(132.30),,22495.00(nan),22623.0,24668.00(8.19),20105.33(28.73),
Agrawal_f1_15000_to_f2_25000_to_f3_35000_to_f4_w1_total50000,Accuracy,,,,,,,,,,,,,,,,,,,,,,,,,,,,,,,,,,,,,,,,,,,,53.05(1.46),,,50.20(0.00),,,,,,,,,,,,,,,,,,63.74(0.17),63.74(0.17),,,,,63.88(0.25),60.51(0.26),,55.01(nan),54.75,50.66(0.02),59.79(0.06),
Agrawal_f1_15000_to_f2_25000_to_f3_35000_to_f4_w1_total50000,AUROC,,,,,,,,,,,,,,,,,,,,,,,,,,,,,,,,,,,,,,,,,,,,54.21(0.81),,,50.00(0.00),,,,,,,,,,,,,,,,,,68.88(0.23),68.88(0.23),,,,,69.04(0.28),62.02(0.25),,44.99(nan),48.93,48.00(0.02),61.81(0.02),
Agrawal_f1_15000_to_f2_25000_to_f3_35000_to_f4_w1_total50000,AUPRC,,,,,,,,,,,,,,,,,,,,,,,,,,,,,,,,,,,,,,,,,,,,52.03(0.91),,,53.18(3.14),,,,,,,,,,,,,,,,,,68.75(0.37),68.75(0.37),,,,,68.41(0.60),58.12(0.19),,59.88(nan),49.33,48.28(0.03),59.07(0.02),
Agrawal_f1_15000_to_f2_25000_to_f3_35000_to_f4_w1_total50000,Bal. Accuracy,,,,,,,,,,,,,,,,,,,,,,,,,,,,,,,,,,,,,,,,,,,,53.06(1.54),,,50.00(0.00),,,,,,,,,,,,,,,,,,63.74(0.17),63.74(0.17),,,,,63.89(0.25),60.51(0.27),,54.99(nan),54.74,50.49(0.02),59.80(0.06),
Agrawal_f1_15000_to_f2_25000_to_f3_35000_to_f4_w1_total50000,Time,,,,,,,,,,,,,,,,,,,,,,,,,,,,,,,,,,,,,,,,,,,,514.27(1.12),,,238.91(0.67),,,,,,,,,,,,,,,,,,321.24(4.26),321.24(4.26),,,,,1216.70(0.78),147.05(0.76),,2.78(nan),1.98,83.53(12.93),95.51(0.54),
Agrawal_f1_15000_to_f2_25000_to_f3_35000_to_f4_w5000_total50000,Num. Errors,,,,,,,,,,,,,,,,,,,,,,,,,,,,,,,,,,,,,,,,,,,,23870.00(665.55),,,24910.33(1.15),,,,,,,,,,,,,,,,,,18994.00(61.22),18994.00(61.22),,,,,18969.67(207.77),20416.33(193.68),,22831.00(nan),23070.0,24728.67(43.36),20224.33(35.16),
Agrawal_f1_15000_to_f2_25000_to_f3_35000_to_f4_w5000_total50000,Accuracy,,,,,,,,,,,,,,,,,,,,,,,,,,,,,,,,,,,,,,,,,,,,52.26(1.33),,,50.18(0.00),,,,,,,,,,,,,,,,,,62.01(0.12),62.01(0.12),,,,,62.06(0.42),59.17(0.39),,54.34(nan),53.86,50.54(0.09),59.55(0.07),
Agrawal_f1_15000_to_f2_25000_to_f3_35000_to_f4_w5000_total50000,AUROC,,,,,,,,,,,,,,,,,,,,,,,,,,,,,,,,,,,,,,,,,,,,53.98(1.18),,,50.00(0.00),,,,,,,,,,,,,,,,,,67.07(0.19),67.07(0.19),,,,,67.14(0.69),61.33(0.73),,45.68(nan),49.21,48.51(0.03),62.17(0.05),
Agrawal_f1_15000_to_f2_25000_to_f3_35000_to_f4_w5000_total50000,AUPRC,,,,,,,,,,,,,,,,,,,,,,,,,,,,,,,,,,,,,,,,,,,,51.63(1.17),,,53.19(3.14),,,,,,,,,,,,,,,,,,66.70(0.29),66.70(0.29),,,,,66.35(1.34),57.86(0.32),,60.24(nan),49.46,48.57(0.01),59.27(0.10),
Agrawal_f1_15000_to_f2_25000_to_f3_35000_to_f4_w5000_total50000,Bal. Accuracy,,,,,,,,,,,,,,,,,,,,,,,,,,,,,,,,,,,,,,,,,,,,52.26(1.41),,,50.00(0.00),,,,,,,,,,,,,,,,,,62.02(0.12),62.02(0.12),,,,,62.07(0.41),59.18(0.43),,54.32(nan),53.85,50.38(0.09),59.57(0.07),
Agrawal_f1_15000_to_f2_25000_to_f3_35000_to_f4_w5000_total50000,Time,,,,,,,,,,,,,,,,,,,,,,,,,,,,,,,,,,,,,,,,,,,,516.40(1.66),,,239.59(0.24),,,,,,,,,,,,,,,,,,326.58(4.19),326.58(4.19),,,,,1217.93(1.68),147.49(0.01),,2.78(nan),1.97,80.81(11.05),94.87(0.43),
Agrawal_f1_2500_to_f2_2500_w1_total5000,Num. Errors,,,,,,,,,,,,,,,,,,,,,,,,,,,,,,,,,,,,,,,,,,,,2384.33(13.01),,,2357.00(1.00),,,,,,,,,,,,,,,,,,1866.00(9.54),1866.00(9.54),,,,,1866.33(19.66),1975.67(41.04),,2196.00(nan),2201.0,2358.67(0.58),1965.33(7.64),
Agrawal_f1_2500_to_f2_2500_w1_total5000,Accuracy,,,,,,,,,,,,,,,,,,,,,,,,,,,,,,,,,,,,,,,,,,,,52.31(0.26),,,52.86(0.02),,,,,,,,,,,,,,,,,,62.68(0.19),62.68(0.19),,,,,62.67(0.39),60.49(0.82),,56.08(nan),55.98,52.82(0.01),60.69(0.15),
Agrawal_f1_2500_to_f2_2500_w1_total5000,AUROC,,,,,,,,,,,,,,,,,,,,,,,,,,,,,,,,,,,,,,,,,,,,52.44(0.85),,,50.02(0.02),,,,,,,,,,,,,,,,,,64.87(0.17),64.87(0.17),,,,,65.11(0.47),61.48(1.39),,44.29(nan),49.79,46.18(0.08),61.76(0.10),
Agrawal_f1_2500_to_f2_2500_w1_total5000,AUPRC,,,,,,,,,,,,,,,,,,,,,,,,,,,,,,,,,,,,,,,,,,,,48.49(0.97),,,49.54(3.92),,,,,,,,,,,,,,,,,,60.43(0.49),60.43(0.49),,,,,58.73(0.85),56.45(0.99),,58.36(nan),46.96,43.61(0.08),57.25(0.11),
Agrawal_f1_2500_to_f2_2500_w1_total5000,Bal. Accuracy,,,,,,,,,,,,,,,,,,,,,,,,,,,,,,,,,,,,,,,,,,,,52.47(0.81),,,50.01(0.02),,,,,,,,,,,,,,,,,,62.59(0.19),62.59(0.19),,,,,62.55(0.49),60.06(1.03),,55.66(nan),55.25,50.08(0.02),60.20(0.17),
Agrawal_f1_2500_to_f2_2500_w1_total5000,Time,,,,,,,,,,,,,,,,,,,,,,,,,,,,,,,,,,,,,,,,,,,,54.00(0.49),,,24.14(0.21),,,,,,,,,,,,,,,,,,24.98(0.33),24.98(0.33),,,,,121.65(0.10),14.77(0.08),,0.27(nan),0.2,4.02(0.53),9.51(0.01),
Agrawal_f1_2500_to_f2_2500_w500_total5000,Num. Errors,,,,,,,,,,,,,,,,,,,,,,,,,,,,,,,,,,,,,,,,,,,,2383.67(29.57),,,2357.00(1.00),,,,,,,,,,,,,,,,,,1901.00(6.08),1901.00(6.08),,,,,1897.00(9.85),2019.00(79.98),,2225.00(nan),2230.0,2289.33(13.28),1976.00(2.65),
Agrawal_f1_2500_to_f2_2500_w500_total5000,Accuracy,,,,,,,,,,,,,,,,,,,,,,,,,,,,,,,,,,,,,,,,,,,,52.33(0.59),,,52.86(0.02),,,,,,,,,,,,,,,,,,61.98(0.12),61.98(0.12),,,,,62.06(0.20),59.62(1.60),,55.50(nan),55.4,54.20(0.27),60.48(0.05),
Agrawal_f1_2500_to_f2_2500_w500_total5000,AUROC,,,,,,,,,,,,,,,,,,,,,,,,,,,,,,,,,,,,,,,,,,,,52.35(1.05),,,50.02(0.02),,,,,,,,,,,,,,,,,,64.95(0.21),64.95(0.21),,,,,64.92(0.77),60.65(1.39),,44.82(nan),49.55,48.19(0.07),61.51(0.07),
Agrawal_f1_2500_to_f2_2500_w500_total5000,AUPRC,,,,,,,,,,,,,,,,,,,,,,,,,,,,,,,,,,,,,,,,,,,,48.51(1.33),,,49.54(3.92),,,,,,,,,,,,,,,,,,60.88(0.53),60.88(0.53),,,,,59.13(0.56),55.99(1.24),,58.39(nan),46.6,45.70(0.12),56.48(0.18),
Agrawal_f1_2500_to_f2_2500_w500_total5000,Bal. Accuracy,,,,,,,,,,,,,,,,,,,,,,,,,,,,,,,,,,,,,,,,,,,,52.54(0.51),,,50.01(0.02),,,,,,,,,,,,,,,,,,61.88(0.11),61.88(0.11),,,,,61.85(0.23),59.07(2.16),,55.15(nan),54.72,51.85(0.28),60.06(0.06),
Agrawal_f1_2500_to_f2_2500_w500_total5000,Time,,,,,,,,,,,,,,,,,,,,,,,,,,,,,,,,,,,,,,,,,,,,53.72(1.51),,,23.92(0.25),,,,,,,,,,,,,,,,,,25.32(0.57),25.32(0.57),,,,,121.61(0.16),14.77(0.05),,0.28(nan),0.19,4.58(0.25),9.58(0.01),
LED_f1_15000_to_f2_25000_to_f3_35000_to_f4_w1_total50000,Num. Errors,,,,,,,,,,,,,,,,,,,,,,,,,,,,,,,,,,,,,,,,,,,,24567.67(145.73),,,22981.33(115.11),,,,,,,,,,,,,,,,,,,18980.67(44.06),,18990.00(82.07),18968.67(8.08),,19910.33(198.17),23983.00(106.52),,23650.00(0.00),24206.0,29287.00(14.18),20439.00(0.00),
LED_f1_15000_to_f2_25000_to_f3_35000_to_f4_w1_total50000,Accuracy,,,,,,,,,,,,,,,,,,,,,,,,,,,,,,,,,,,,,,,,,,,,50.86(0.29),,,54.04(0.23),,,,,,,,,,,,,,,,,,,62.04(0.09),,62.02(0.16),62.06(0.02),,60.18(0.40),52.03(0.21),,52.70(0.00),51.59,41.42(0.03),59.12(0.00),
LED_f1_15000_to_f2_25000_to_f3_35000_to_f4_w1_total50000,AUROC,,,,,,,,,,,,,,,,,,,,,,,,,,,,,,,,,,,,,,,,,,,,50.77(0.65),,,55.95(0.42),,,,,,,,,,,,,,,,,,,67.69(0.03),,67.62(0.07),67.69(0.04),,64.83(0.32),53.29(0.36),,47.32(0.00),52.73,48.62(0.01),63.32(0.00),
LED_f1_15000_to_f2_25000_to_f3_35000_to_f4_w1_total50000,AUPRC,,,,,,,,,,,,,,,,,,,,,,,,,,,,,,,,,,,,,,,,,,,,51.62(0.87),,,56.93(0.25),,,,,,,,,,,,,,,,,,,67.74(0.04),,67.72(0.05),67.78(0.04),,64.43(0.26),54.19(0.42),,60.78(0.00),53.99,49.57(0.02),62.84(0.00),
LED_f1_15000_to_f2_25000_to_f3_35000_to_f4_w1_total50000,Bal. Accuracy,,,,,,,,,,,,,,,,,,,,,,,,,,,,,,,,,,,,,,,,,,,,50.29(0.60),,,54.05(0.23),,,,,,,,,,,,,,,,,,,61.99(0.09),,61.98(0.17),62.03(0.01),,60.10(0.40),51.72(0.28),,52.68(0.00),50.99,41.44(0.03),59.05(0.00),
LED_f1_15000_to_f2_25000_to_f3_35000_to_f4_w1_total50000,Time,,,,,,,,,,,,,,,,,,,,,,,,,,,,,,,,,,,,,,,,,,,,529.05(2.14),,,253.93(2.49),,,,,,,,,,,,,,,,,,,417.81(73.21),,438.11(10.86),381.21(6.53),,1145.44(0.88),166.91(1.18),,6.20(0.04),2.07,16.46(0.03),303.48(0.09),
LED_f1_15000_to_f2_25000_to_f3_35000_to_f4_w5000_total50000,Num. Errors,,,,,,,,,,,,,,,,,,,,,,,,,,,,,,,,,,,,,,,,,,,,24603.67(101.69),,,23128.00(132.50),,,,,,,,,,,,,,,,,,,18845.67(80.96),,18909.67(32.15),18904.00(37.64),,19938.00(173.52),24117.67(84.95),,23836.00(0.00),24249.0,29181.00(29.82),20444.00(0.00),
LED_f1_15000_to_f2_25000_to_f3_35000_to_f4_w5000_total50000,Accuracy,,,,,,,,,,,,,,,,,,,,,,,,,,,,,,,,,,,,,,,,,,,,50.79(0.20),,,53.74(0.27),,,,,,,,,,,,,,,,,,,62.31(0.16),,62.18(0.06),62.19(0.08),,60.12(0.35),51.76(0.17),,52.33(0.00),51.5,41.64(0.06),59.11(0.00),
LED_f1_15000_to_f2_25000_to_f3_35000_to_f4_w5000_total50000,AUROC,,,,,,,,,,,,,,,,,,,,,,,,,,,,,,,,,,,,,,,,,,,,50.77(0.41),,,55.60(0.18),,,,,,,,,,,,,,,,,,,67.51(0.07),,67.45(0.07),67.45(0.06),,64.51(0.35),52.85(0.21),,47.70(0.00),52.64,48.72(0.01),63.37(0.00),
LED_f1_15000_to_f2_25000_to_f3_35000_to_f4_w5000_total50000,AUPRC,,,,,,,,,,,,,,,,,,,,,,,,,,,,,,,,,,,,,,,,,,,,51.44(0.66),,,56.15(0.11),,,,,,,,,,,,,,,,,,,67.54(0.04),,67.49(0.03),67.47(0.06),,64.11(0.24),53.59(0.24),,60.76(0.00),53.74,49.60(0.02),62.97(0.00),
LED_f1_15000_to_f2_25000_to_f3_35000_to_f4_w5000_total50000,Bal. Accuracy,,,,,,,,,,,,,,,,,,,,,,,,,,,,,,,,,,,,,,,,,,,,50.24(0.49),,,53.73(0.27),,,,,,,,,,,,,,,,,,,62.25(0.16),,62.12(0.05),62.15(0.07),,60.05(0.35),51.44(0.21),,52.30(0.00),50.94,41.67(0.06),59.04(0.00),
LED_f1_15000_to_f2_25000_to_f3_35000_to_f4_w5000_total50000,Time,,,,,,,,,,,,,,,,,,,,,,,,,,,,,,,,,,,,,,,,,,,,533.18(1.78),,,247.11(1.66),,,,,,,,,,,,,,,,,,,433.04(124.10),,432.22(9.23),385.28(4.77),,1145.35(1.37),155.34(10.20),,6.22(0.05),2.1,16.43(0.08),304.04(0.13),
LED_f1_2500_to_f2_2500_w1_total5000,Num. Errors,,,,,,,,,,,,,,,,,,,,,,,,,,,,,,,,,,,,,,,,,,,,2503.33(32.88),,,2389.67(23.63),,,,,,,,,,,,,,,,,,,1878.00(7.21),1884.67(4.93),1864.00(16.82),1879.67(7.57),,2126.67(50.86),2509.00(25.36),,2390.00(0.00),2384.0,2933.67(12.66),2106.00(0.00),
LED_f1_2500_to_f2_2500_w1_total5000,Accuracy,,,,,,,,,,,,,,,,,,,,,,,,,,,,,,,,,,,,,,,,,,,,49.93(0.66),,,52.21(0.47),,,,,,,,,,,,,,,,,,,62.44(0.14),62.31(0.10),62.72(0.34),62.41(0.15),,57.47(1.02),49.82(0.51),,52.20(0.00),52.32,41.31(0.25),57.88(0.00),
LED_f1_2500_to_f2_2500_w1_total5000,AUROC,,,,,,,,,,,,,,,,,,,,,,,,,,,,,,,,,,,,,,,,,,,,50.67(0.39),,,52.52(0.23),,,,,,,,,,,,,,,,,,,67.30(0.28),67.26(0.01),67.23(0.29),67.25(0.28),,60.80(0.80),49.55(0.19),,47.85(0.00),51.97,47.86(0.05),61.44(0.00),
LED_f1_2500_to_f2_2500_w1_total5000,AUPRC,,,,,,,,,,,,,,,,,,,,,,,,,,,,,,,,,,,,,,,,,,,,50.36(0.53),,,51.85(0.32),,,,,,,,,,,,,,,,,,,66.56(0.11),66.49(0.10),66.36(0.06),66.39(0.13),,58.69(1.13),49.57(0.26),,62.62(0.00),51.93,47.70(0.04),60.17(0.00),
LED_f1_2500_to_f2_2500_w1_total5000,Bal. Accuracy,,,,,,,,,,,,,,,,,,,,,,,,,,,,,,,,,,,,,,,,,,,,50.16(0.53),,,52.20(0.46),,,,,,,,,,,,,,,,,,,62.43(0.14),62.30(0.11),62.71(0.33),62.40(0.15),,57.47(1.02),49.75(0.36),,52.15(0.00),52.34,41.19(0.25),57.86(0.00),
LED_f1_2500_to_f2_2500_w1_total5000,Time,,,,,,,,,,,,,,,,,,,,,,,,,,,,,,,,,,,,,,,,,,,,57.84(4.48),,,39.73(1.14),,,,,,,,,,,,,,,,,,,31.00(2.49),3.97(0.02),31.84(2.18),29.67(2.02),,136.41(3.44),15.12(0.10),,0.62(0.01),0.21,1.65(0.00),30.49(0.06),
LED_f1_2500_to_f2_2500_w500_total5000,Num. Errors,,,,,,,,,,,,,,,,,,,,,,,,,,,,,,,,,,,,,,,,,,,,2531.67(15.50),,,2386.33(23.54),,,,,,,,,,,,,,,,,,,1878.67(23.29),,1873.00(23.52),1872.33(13.32),,2121.33(69.96),2512.33(29.37),,2376.00(0.00),2375.0,2885.67(6.03),2124.00(0.00),
LED_f1_2500_to_f2_2500_w500_total5000,Accuracy,,,,,,,,,,,,,,,,,,,,,,,,,,,,,,,,,,,,,,,,,,,,49.37(0.31),,,52.27(0.47),,,,,,,,,,,,,,,,,,,62.43(0.47),,62.54(0.47),62.55(0.27),,57.57(1.40),49.75(0.59),,52.48(0.00),52.5,42.28(0.12),57.52(0.00),
LED_f1_2500_to_f2_2500_w500_total5000,AUROC,,,,,,,,,,,,,,,,,,,,,,,,,,,,,,,,,,,,,,,,,,,,50.38(0.27),,,52.30(0.38),,,,,,,,,,,,,,,,,,,67.24(0.26),,67.19(0.25),67.20(0.24),,60.86(1.33),49.48(0.04),,47.58(0.00),51.23,47.14(0.02),61.69(0.00),
LED_f1_2500_to_f2_2500_w500_total5000,AUPRC,,,,,,,,,,,,,,,,,,,,,,,,,,,,,,,,,,,,,,,,,,,,50.27(0.67),,,51.59(0.39),,,,,,,,,,,,,,,,,,,66.40(0.20),,66.28(0.13),66.26(0.16),,58.87(1.59),49.37(0.21),,62.60(0.00),51.27,47.35(0.03),60.43(0.00),
LED_f1_2500_to_f2_2500_w500_total5000,Bal. Accuracy,,,,,,,,,,,,,,,,,,,,,,,,,,,,,,,,,,,,,,,,,,,,49.60(0.44),,,52.27(0.45),,,,,,,,,,,,,,,,,,,62.41(0.46),,62.53(0.46),62.54(0.27),,57.57(1.40),49.66(0.42),,52.43(0.00),52.5,42.12(0.12),57.50(0.00),
LED_f1_2500_to_f2_2500_w500_total5000,Time,,,,,,,,,,,,,,,,,,,,,,,,,,,,,,,,,,,,,,,,,,,,53.08(0.13),,,25.68(0.25),,,,,,,,,,,,,,,,,,,34.81(7.27),,30.86(1.66),30.25(1.13),,114.58(0.13),16.55(0.06),,0.63(0.04),0.21,1.64(0.00),30.28(0.08),
LUdata,Num. Errors,789.00(nan),630.00(nan),646.00(nan),773.00(nan),635.00(nan),629.00(nan),640.00(nan),640.00(nan),624.00(nan),647.00(nan),646.60(13.35),646.20(8.87),798.00(nan),640.00(nan),637.00(nan),792.00(nan),636.00(nan),646.00(nan),646.00(nan),636.60(10.71),639.80(10.03),638.60(9.94),641.00(10.65),637.20(12.68),639.60(12.60),639.80(10.89),632.00(nan),640.60(12.46),644.00(nan),635.00(nan),635.00(nan),637.00(nan),791.80(17.46),646.00(11.00),791.40(17.57),637.00(nan),641.00(nan),644.60(9.18),636.00(nan),644.20(12.42),841.00(nan),804.00(nan),648.00(nan),928.60(9.29),920.40(12.64),665.20(11.17),832.00(12.65),656.00(nan),808.00(nan),627.00(0.00),777.00(nan),810.00(nan),638.20(9.55),820.00(nan),691.00(nan),631.00(nan),641.00(nan),639.00(nan),816.00(nan),628.00(nan),640.00(nan),644.00(nan),643.00(nan),653.00(nan),653.00(10.93),653.00(10.93),640.60(12.46),646.20(12.83),639.60(11.87),640.60(7.23),777.40(23.36),949.40(30.69),923.00(nan),910.00(nan),910.0,1074.60(12.52),707.00(2.92),
LUdata,Accuracy,58.50(nan),66.86(nan),66.02(nan),59.34(nan),66.60(nan),66.91(nan),66.33(nan),66.33(nan),67.18(nan),65.97(nan),65.99(0.70),66.01(0.47),58.02(nan),66.33(nan),66.49(nan),58.34(nan),66.54(nan),66.02(nan),66.02(nan),66.51(0.56),66.34(0.53),66.41(0.52),66.28(0.56),66.48(0.67),66.35(0.66),66.34(0.57),66.75(nan),66.30(0.66),66.12(nan),66.60(nan),66.60(nan),66.49(nan),58.35(0.92),66.02(0.58),58.37(0.92),66.49(nan),66.28(nan),66.09(0.48),66.54(nan),66.11(0.65),55.76(nan),57.71(nan),65.91(nan),51.15(0.49),51.58(0.66),65.01(0.59),56.23(0.67),65.49(nan),57.50(nan),67.02(0.00),59.13(nan),57.39(nan),66.43(0.50),56.86(nan),63.65(nan),66.81(nan),66.28(nan),66.39(nan),57.08(nan),66.96(nan),66.33(nan),66.12(nan),66.18(nan),65.65(nan),65.65(0.58),65.65(0.58),66.30(0.66),66.01(0.68),66.35(0.62),66.30(0.38),59.11(1.23),50.06(1.61),51.45(nan),52.13(nan),52.13,43.44(0.66),62.81(0.15),
LUdata,AUROC,59.36(nan),75.05(nan),72.96(nan),61.44(nan),74.38(nan),74.46(nan),73.80(nan),73.80(nan),74.50(nan),73.53(nan),73.94(0.54),73.93(0.46),59.93(nan),74.40(nan),74.50(nan),60.20(nan),74.49(nan),73.61(nan),73.61(nan),74.02(0.49),74.02(0.41),73.99(0.48),73.95(0.47),74.04(0.46),73.92(0.40),74.00(0.46),74.67(nan),73.99(0.48),73.59(nan),74.50(nan),74.54(nan),74.68(nan),60.21(0.65),74.05(0.46),60.20(0.64),74.41(nan),74.38(nan),74.05(0.47),74.66(nan),74.00(0.50),57.53(nan),58.42(nan),73.88(nan),47.54(1.51),52.20(4.00),72.67(0.28),57.63(0.26),72.19(nan),58.53(nan),75.89(0.00),59.17(nan),58.68(nan),74.53(0.09),58.33(nan),72.41(nan),74.49(nan),74.51(nan),74.61(nan),59.26(nan),74.31(nan),74.01(nan),74.06(nan),73.89(nan),73.91(nan),73.84(0.43),73.84(0.43),73.99(0.48),73.97(0.44),74.04(0.35),74.20(0.43),62.74(2.28),47.54(0.91),52.99(nan),47.54(nan),54.37,48.38(0.29),68.86(0.05),
LUdata,AUPRC,61.87(nan),74.63(nan),72.66(nan),61.88(nan),74.15(nan),74.27(nan),73.88(nan),73.88(nan),74.27(nan),73.66(nan),73.90(0.69),73.60(0.49),62.94(nan),74.24(nan),74.41(nan),63.30(nan),74.39(nan),73.71(nan),73.71(nan),73.77(0.31),73.76(0.29),73.75(0.34),73.69(0.31),73.77(0.32),73.92(0.30),73.74(0.30),74.51(nan),73.72(0.34),73.70(nan),74.41(nan),74.33(nan),74.53(nan),63.04(0.67),74.01(0.53),63.05(0.69),74.21(nan),74.12(nan),74.02(0.53),74.52(nan),73.91(0.58),56.84(nan),60.46(nan),73.79(nan),47.37(1.89),50.35(3.47),72.75(0.17),58.55(0.51),70.84(nan),59.93(nan),75.30(0.00),62.10(nan),60.08(nan),74.62(0.14),59.41(nan),72.19(nan),74.24(nan),74.48(nan),74.52(nan),61.92(nan),74.09(nan),74.04(nan),74.08(nan),73.78(nan),73.60(nan),73.77(0.34),73.77(0.34),73.72(0.34),74.09(0.26),74.17(0.16),74.07(0.33),60.36(2.62),46.63(0.82),49.44(nan),57.91(nan),53.29,46.86(0.26),69.66(0.04),
LUdata,Bal. Accuracy,58.04(nan),66.63(nan),66.00(nan),58.87(nan),66.43(nan),66.74(nan),66.20(nan),66.20(nan),67.00(nan),65.78(nan),65.87(0.71),65.89(0.42),57.45(nan),66.16(nan),66.31(nan),57.76(nan),66.37(nan),65.85(nan),65.85(nan),66.38(0.57),66.22(0.54),66.27(0.53),66.15(0.57),66.35(0.67),66.24(0.66),66.21(0.58),66.58(nan),66.17(0.66),65.90(nan),66.43(nan),66.42(nan),66.31(nan),57.85(0.82),65.90(0.58),57.87(0.83),66.32(nan),66.09(nan),65.98(0.47),66.38(nan),66.00(0.66),55.48(nan),57.22(nan),65.72(nan),49.78(0.45),50.25(0.69),64.91(0.62),55.87(0.63),65.29(nan),57.21(nan),66.56(0.00),58.31(nan),57.07(nan),66.34(0.50),56.52(nan),63.48(nan),66.69(nan),66.17(nan),66.27(nan),56.64(nan),66.83(nan),66.24(nan),66.01(nan),66.05(nan),65.42(nan),65.55(0.63),65.55(0.63),66.17(0.66),65.91(0.72),66.30(0.67),66.20(0.36),58.89(1.22),49.36(0.80),50.66(nan),52.30(nan),52.06,43.11(0.64),62.45(0.15),
LUdata,Time,1.02(nan),1.13(nan),1.36(nan),6.50(nan),16.75(nan),19.26(nan),19.39(nan),18.45(nan),10.05(nan),23.89(nan),2.03(0.01),10.21(0.18),5.11(nan),5.08(nan),2.98(nan),6.26(nan),6.33(nan),21.70(nan),22.39(nan),8.04(0.09),4.11(0.07),3.62(0.01),7.08(0.10),4.16(0.13),2.96(0.01),3.80(0.03),10.10(nan),1.70(0.04),6.63(nan),17.92(nan),18.26(nan),10.09(nan),11.64(0.58),8.15(0.27),11.32(0.64),16.94(nan),31.74(nan),9.70(0.60),11.01(nan),8.73(0.20),5.28(nan),4.90(nan),4.67(nan),26.24(0.24),19.64(0.06),13.46(0.39),9.93(0.07),9.36(nan),16.10(nan),23.60(0.02),7.31(nan),9.46(nan),34.59(0.18),61.82(nan),8.61(nan),8.10(nan),6.87(nan),6.90(nan),1.49(nan),1.58(nan),2.62(nan),3.18(nan),4.57(nan),8.61(nan),12.38(0.51),8.91(0.20),1.53(0.02),11.24(0.58),11.59(0.34),19.29(0.58),51.68(0.23),6.47(0.04),6.66(nan),0.30(nan),0.08,1.11(0.01),13.87(0.11),
SEA_f1_15000_to_f2_25000_to_f3_35000_to_f4_w1_total50000,Num. Errors,,,,,,,,,,,,,,,,,,,,,,,,,,,,,,,,,,,,,,,,,,,,19821.67(24.09),,,16525.67(83.19),,,,,,,,,,,,,,,,,,15566.33(38.08),15566.33(38.08),,15531.33(15.95),15679.67(26.95),,15934.67(60.09),17375.33(60.18),,23409.00(nan),19769.0,24657.67(70.50),17091.00(0.00),
SEA_f1_15000_to_f2_25000_to_f3_35000_to_f4_w1_total50000,Accuracy,,,,,,,,,,,,,,,,,,,,,,,,,,,,,,,,,,,,,,,,,,,,60.36(0.05),,,66.95(0.17),,,,,,,,,,,,,,,,,,68.87(0.08),68.87(0.08),,68.94(0.03),68.64(0.05),,68.13(0.12),65.25(0.12),,53.18(nan),60.46,50.68(0.14),65.82(0.00),
SEA_f1_15000_to_f2_25000_to_f3_35000_to_f4_w1_total50000,AUROC,,,,,,,,,,,,,,,,,,,,,,,,,,,,,,,,,,,,,,,,,,,,60.33(5.36),,,70.80(0.11),,,,,,,,,,,,,,,,,,73.57(0.04),73.57(0.04),,73.59(0.02),73.61(0.01),,72.69(0.16),69.31(0.08),,48.47(nan),67.03,45.82(0.10),70.11(0.00),
SEA_f1_15000_to_f2_25000_to_f3_35000_to_f4_w1_total50000,AUPRC,,,,,,,,,,,,,,,,,,,,,,,,,,,,,,,,,,,,,,,,,,,,71.51(3.00),,,77.28(0.11),,,,,,,,,,,,,,,,,,79.68(0.02),79.68(0.02),,79.68(0.04),79.69(0.03),,79.03(0.16),76.26(0.16),,67.62(nan),75.22,57.92(0.05),77.56(0.00),
SEA_f1_15000_to_f2_25000_to_f3_35000_to_f4_w1_total50000,Bal. Accuracy,,,,,,,,,,,,,,,,,,,,,,,,,,,,,,,,,,,,,,,,,,,,50.05(0.17),,,62.51(0.23),,,,,,,,,,,,,,,,,,64.35(0.10),64.35(0.10),,64.29(0.09),65.09(0.04),,64.17(0.16),60.91(0.25),,51.53(nan),50.0,43.40(0.14),61.38(0.00),
SEA_f1_15000_to_f2_25000_to_f3_35000_to_f4_w1_total50000,Time,,,,,,,,,,,,,,,,,,,,,,,,,,,,,,,,,,,,,,,,,,,,698.17(215.72),,,241.52(0.75),,,,,,,,,,,,,,,,,,337.85(2.43),337.85(2.43),,358.13(9.47),404.34(5.56),,1221.34(8.86),147.20(0.51),,1.42(nan),1.92,117.88(5.39),41.99(0.10),
SEA_f1_15000_to_f2_25000_to_f3_35000_to_f4_w5000_total50000,Num. Errors,,,,,,,,,,,,,,,,,,,,,,,,,,,,,,,,,,,,,,,,,,,,19819.67(21.46),,,16556.00(37.24),,,,,,,,,,,,,,,,,,15530.67(8.50),15530.67(8.50),,15529.33(10.41),15576.00(5.29),,15963.33(68.06),17374.00(123.12),,23582.00(nan),19770.0,24537.67(82.80),17264.00(0.00),
SEA_f1_15000_to_f2_25000_to_f3_35000_to_f4_w5000_total50000,Accuracy,,,,,,,,,,,,,,,,,,,,,,,,,,,,,,,,,,,,,,,,,,,,60.36(0.04),,,66.89(0.07),,,,,,,,,,,,,,,,,,68.94(0.02),68.94(0.02),,68.94(0.02),68.85(0.01),,68.07(0.14),65.25(0.25),,52.84(nan),60.46,50.92(0.17),65.47(0.00),
SEA_f1_15000_to_f2_25000_to_f3_35000_to_f4_w5000_total50000,AUROC,,,,,,,,,,,,,,,,,,,,,,,,,,,,,,,,,,,,,,,,,,,,59.85(5.46),,,70.23(0.36),,,,,,,,,,,,,,,,,,73.13(0.01),73.13(0.01),,73.15(0.01),73.16(0.01),,72.18(0.15),68.93(0.11),,48.96(nan),66.56,45.28(0.11),69.51(0.00),
SEA_f1_15000_to_f2_25000_to_f3_35000_to_f4_w5000_total50000,AUPRC,,,,,,,,,,,,,,,,,,,,,,,,,,,,,,,,,,,,,,,,,,,,71.19(2.92),,,76.92(0.31),,,,,,,,,,,,,,,,,,79.40(0.01),79.40(0.01),,79.41(0.01),79.41(0.01),,78.67(0.11),76.21(0.07),,67.85(nan),74.64,57.40(0.13),77.21(0.00),
SEA_f1_15000_to_f2_25000_to_f3_35000_to_f4_w5000_total50000,Bal. Accuracy,,,,,,,,,,,,,,,,,,,,,,,,,,,,,,,,,,,,,,,,,,,,50.05(0.16),,,62.53(0.43),,,,,,,,,,,,,,,,,,64.74(0.11),64.74(0.11),,64.66(0.06),65.41(0.04),,64.13(0.17),60.51(0.26),,51.04(nan),50.0,43.64(0.15),60.78(0.00),
SEA_f1_15000_to_f2_25000_to_f3_35000_to_f4_w5000_total50000,Time,,,,,,,,,,,,,,,,,,,,,,,,,,,,,,,,,,,,,,,,,,,,622.19(186.45),,,241.48(0.48),,,,,,,,,,,,,,,,,,338.97(3.70),338.97(3.70),,358.37(7.69),422.93(28.38),,1270.15(25.66),147.56(0.91),,1.51(nan),1.87,121.56(9.61),41.70(0.12),
SEA_f1_2500_to_f2_2500_w1_total5000,Num. Errors,,,,,,,,,,,,,,,,,,,,,,,,,,,,,,,,,,,,,,,,,,,,2033.33(17.24),,,1701.67(12.50),,,,,,,,,,,,,,,,,,1547.67(9.02),1547.67(9.02),1544.33(2.08),1552.33(8.50),1569.00(3.00),,1663.33(27.23),1953.00(11.79),,2389.00(nan),1987.0,2490.00(35.93),1721.00(0.00),
SEA_f1_2500_to_f2_2500_w1_total5000,Accuracy,,,,,,,,,,,,,,,,,,,,,,,,,,,,,,,,,,,,,,,,,,,,59.33(0.34),,,65.97(0.25),,,,,,,,,,,,,,,,,,69.05(0.18),69.05(0.18),69.11(0.04),68.95(0.17),68.62(0.06),,66.73(0.54),60.94(0.24),,52.22(nan),60.26,50.19(0.72),65.58(0.00),
SEA_f1_2500_to_f2_2500_w1_total5000,AUROC,,,,,,,,,,,,,,,,,,,,,,,,,,,,,,,,,,,,,,,,,,,,57.79(6.13),,,68.57(0.28),,,,,,,,,,,,,,,,,,72.04(0.19),72.04(0.19),72.09(0.09),72.13(0.16),72.16(0.13),,69.98(0.63),64.69(0.74),,49.39(nan),61.46,44.69(0.49),69.28(0.00),
SEA_f1_2500_to_f2_2500_w1_total5000,AUPRC,,,,,,,,,,,,,,,,,,,,,,,,,,,,,,,,,,,,,,,,,,,,69.49(3.38),,,75.31(0.30),,,,,,,,,,,,,,,,,,78.24(0.13),78.24(0.13),78.28(0.09),78.35(0.10),78.40(0.08),,76.05(0.59),73.56(0.47),,68.20(nan),71.54,57.20(0.37),76.24(0.00),
SEA_f1_2500_to_f2_2500_w1_total5000,Bal. Accuracy,,,,,,,,,,,,,,,,,,,,,,,,,,,,,,,,,,,,,,,,,,,,49.56(0.47),,,61.93(0.34),,,,,,,,,,,,,,,,,,64.62(0.22),64.62(0.22),64.79(0.04),64.52(0.24),64.86(0.10),,62.73(0.70),51.55(0.30),,50.63(nan),49.98,43.49(0.51),60.36(0.00),
SEA_f1_2500_to_f2_2500_w1_total5000,Time,,,,,,,,,,,,,,,,,,,,,,,,,,,,,,,,,,,,,,,,,,,,60.98(7.27),,,40.27(0.62),,,,,,,,,,,,,,,,,,26.36(1.31),31.33(1.86),4.04(0.01),27.20(1.44),31.18(0.95),,127.89(3.19),18.30(1.81),,0.15(nan),0.18,5.30(0.05),4.21(0.00),
SEA_f1_2500_to_f2_2500_w500_total5000,Num. Errors,,,,,,,,,,,,,,,,,,,,,,,,,,,,,,,,,,,,,,,,,,,,2034.00(17.09),,,1679.00(4.36),,,,,,,,,,,,,,,,,,1547.67(10.97),1547.67(10.97),,1555.67(9.29),1567.00(7.00),,1660.67(35.53),1973.33(12.86),,2370.00(nan),1986.0,2517.00(32.36),1729.00(0.00),
SEA_f1_2500_to_f2_2500_w500_total5000,Accuracy,,,,,,,,,,,,,,,,,,,,,,,,,,,,,,,,,,,,,,,,,,,,59.32(0.34),,,66.42(0.09),,,,,,,,,,,,,,,,,,69.05(0.22),69.05(0.22),,68.89(0.19),68.66(0.14),,66.79(0.71),60.53(0.26),,52.60(nan),60.28,49.65(0.65),65.42(0.00),
SEA_f1_2500_to_f2_2500_w500_total5000,AUROC,,,,,,,,,,,,,,,,,,,,,,,,,,,,,,,,,,,,,,,,,,,,57.23(6.09),,,68.35(0.17),,,,,,,,,,,,,,,,,,72.00(0.18),72.00(0.18),,72.11(0.19),72.12(0.17),,69.88(0.63),64.26(0.67),,49.41(nan),61.13,44.39(0.24),68.55(0.00),
SEA_f1_2500_to_f2_2500_w500_total5000,AUPRC,,,,,,,,,,,,,,,,,,,,,,,,,,,,,,,,,,,,,,,,,,,,69.01(3.27),,,75.21(0.03),,,,,,,,,,,,,,,,,,78.11(0.12),78.11(0.12),,78.28(0.07),78.33(0.11),,76.23(0.60),73.32(0.27),,67.82(nan),71.2,56.43(0.13),75.54(0.00),
SEA_f1_2500_to_f2_2500_w500_total5000,Bal. Accuracy,,,,,,,,,,,,,,,,,,,,,,,,,,,,,,,,,,,,,,,,,,,,49.55(0.47),,,62.53(0.31),,,,,,,,,,,,,,,,,,64.51(0.33),64.51(0.33),,64.27(0.23),64.80(0.17),,62.71(0.95),50.97(0.33),,50.61(nan),50.0,43.17(0.48),59.97(0.00),
SEA_f1_2500_to_f2_2500_w500_total5000,Time,,,,,,,,,,,,,,,,,,,,,,,,,,,,,,,,,,,,,,,,,,,,51.30(0.28),,,24.29(0.19),,,,,,,,,,,,,,,,,,26.42(1.57),26.42(1.57),,26.29(1.37),30.57(1.31),,119.79(0.23),14.56(0.04),,0.14(nan),0.19,5.17(0.17),4.19(0.02),
STAGGER_f1_20000_to_f2_40000_to_f3_w1_total50000,Num. Errors,,,,,,,,,,,,,,,,,,,,,,,,,,,,,,,,,,,,,,,,,,,,15440.00(596.26),,,10663.67(68.97),,,,,,,,,,,,,,,,,,10091.00(32.51),10081.33(23.63),,10042.33(31.39),10356.67(138.51),,10302.67(46.05),13087.67(336.32),,15761.00(nan),19713.0,19911.33(17.95),12234.00(0.00),
STAGGER_f1_20000_to_f2_40000_to_f3_w1_total50000,Accuracy,,,,,,,,,,,,,,,,,,,,,,,,,,,,,,,,,,,,,,,,,,,,69.12(1.19),,,78.67(0.14),,,,,,,,,,,,,,,,,,79.82(0.07),79.84(0.05),,79.92(0.06),79.29(0.28),,79.39(0.09),73.82(0.67),,68.48(nan),60.57,60.18(0.04),75.53(0.00),
STAGGER_f1_20000_to_f2_40000_to_f3_w1_total50000,AUROC,,,,,,,,,,,,,,,,,,,,,,,,,,,,,,,,,,,,,,,,,,,,63.38(7.45),,,87.84(0.11),,,,,,,,,,,,,,,,,,88.90(0.01),88.91(0.03),,88.93(0.02),88.79(0.07),,88.24(0.07),77.50(1.05),,32.54(nan),44.88,45.18(0.07),83.99(0.00),
STAGGER_f1_20000_to_f2_40000_to_f3_w1_total50000,AUPRC,,,,,,,,,,,,,,,,,,,,,,,,,,,,,,,,,,,,,,,,,,,,51.49(10.58),,,84.11(0.19),,,,,,,,,,,,,,,,,,85.90(0.01),85.91(0.03),,85.93(0.04),85.74(0.07),,84.95(0.13),67.82(1.26),,44.20(nan),36.17,35.51(0.04),76.27(0.00),
STAGGER_f1_20000_to_f2_40000_to_f3_w1_total50000,Bal. Accuracy,,,,,,,,,,,,,,,,,,,,,,,,,,,,,,,,,,,,,,,,,,,,69.40(2.92),,,77.71(0.13),,,,,,,,,,,,,,,,,,77.67(0.13),77.69(0.09),,77.87(0.06),78.75(0.24),,77.22(0.10),72.15(0.66),,67.46(nan),51.07,50.42(0.03),74.92(0.00),
STAGGER_f1_20000_to_f2_40000_to_f3_w1_total50000,Time,,,,,,,,,,,,,,,,,,,,,,,,,,,,,,,,,,,,,,,,,,,,585.69(14.98),,,306.32(38.77),,,,,,,,,,,,,,,,,,306.91(6.72),384.02(38.86),,325.72(6.46),276.34(9.56),,1299.56(64.79),156.32(10.70),,1.53(nan),1.76,4.51(0.16),56.61(0.35),
STAGGER_f1_20000_to_f2_40000_to_f3_w5000_total50000,Num. Errors,,,,,,,,,,,,,,,,,,,,,,,,,,,,,,,,,,,,,,,,,,,,15864.33(744.85),,,11491.00(90.00),,,,,,,,,,,,,,,,,,10814.67(35.47),10814.67(35.47),,10849.67(22.14),11172.00(76.32),,11100.67(34.24),13262.00(188.26),,16342.00(nan),19841.0,19985.00(20.07),12878.00(0.00),
STAGGER_f1_20000_to_f2_40000_to_f3_w5000_total50000,Accuracy,,,,,,,,,,,,,,,,,,,,,,,,,,,,,,,,,,,,,,,,,,,,68.27(1.49),,,77.02(0.18),,,,,,,,,,,,,,,,,,78.37(0.07),78.37(0.07),,78.30(0.04),77.66(0.15),,77.80(0.07),73.48(0.38),,67.32(nan),60.32,60.03(0.04),74.24(0.00),
STAGGER_f1_20000_to_f2_40000_to_f3_w5000_total50000,AUROC,,,,,,,,,,,,,,,,,,,,,,,,,,,,,,,,,,,,,,,,,,,,60.68(7.13),,,85.78(0.10),,,,,,,,,,,,,,,,,,87.03(0.04),87.03(0.04),,87.03(0.01),86.92(0.02),,86.28(0.11),77.73(0.61),,33.99(nan),44.88,46.49(0.12),82.73(0.00),
STAGGER_f1_20000_to_f2_40000_to_f3_w5000_total50000,AUPRC,,,,,,,,,,,,,,,,,,,,,,,,,,,,,,,,,,,,,,,,,,,,49.70(9.91),,,81.68(0.12),,,,,,,,,,,,,,,,,,83.48(0.11),83.48(0.11),,83.36(0.03),83.31(0.03),,82.22(0.25),69.15(1.03),,45.86(nan),36.34,36.66(0.08),75.03(0.00),
STAGGER_f1_20000_to_f2_40000_to_f3_w5000_total50000,Bal. Accuracy,,,,,,,,,,,,,,,,,,,,,,,,,,,,,,,,,,,,,,,,,,,,67.19(3.29),,,75.36(0.12),,,,,,,,,,,,,,,,,,76.19(0.18),76.19(0.18),,75.95(0.02),77.12(0.04),,75.52(0.15),71.87(0.31),,66.01(nan),50.76,50.33(0.04),73.64(0.00),
STAGGER_f1_20000_to_f2_40000_to_f3_w5000_total50000,Time,,,,,,,,,,,,,,,,,,,,,,,,,,,,,,,,,,,,,,,,,,,,524.65(2.78),,,241.04(0.34),,,,,,,,,,,,,,,,,,318.33(6.59),318.33(6.59),,331.41(6.71),313.09(15.23),,1219.33(26.88),148.24(1.85),,1.49(nan),1.78,4.23(0.14),56.48(0.07),
STAGGER_f1_2500_to_f2_2500_w1_total5000,Num. Errors,,,,,,,,,,,,,,,,,,,,,,,,,,,,,,,,,,,,,,,,,,,,2209.67(272.49),,,1243.67(20.21),,,,,,,,,,,,,,,,,,1029.33(7.77),1029.33(7.77),1043.67(8.62),1048.33(12.34),1152.33(18.50),,1109.67(17.67),1610.33(14.57),,1519.00(nan),1650.0,1657.67(3.79),1272.00(0.00),
STAGGER_f1_2500_to_f2_2500_w1_total5000,Accuracy,,,,,,,,,,,,,,,,,,,,,,,,,,,,,,,,,,,,,,,,,,,,55.81(5.45),,,75.13(0.40),,,,,,,,,,,,,,,,,,79.41(0.16),79.41(0.16),79.13(0.17),79.03(0.25),76.95(0.37),,77.81(0.35),67.79(0.29),,69.62(nan),67.0,66.84(0.08),74.56(0.00),
STAGGER_f1_2500_to_f2_2500_w1_total5000,AUROC,,,,,,,,,,,,,,,,,,,,,,,,,,,,,,,,,,,,,,,,,,,,41.81(8.74),,,82.64(0.11),,,,,,,,,,,,,,,,,,84.89(0.07),84.89(0.07),84.33(0.28),85.00(0.16),84.98(0.10),,83.94(0.14),60.12(0.85),,35.75(nan),60.21,41.93(0.15),81.09(0.00),
STAGGER_f1_2500_to_f2_2500_w1_total5000,AUPRC,,,,,,,,,,,,,,,,,,,,,,,,,,,,,,,,,,,,,,,,,,,,30.75(9.67),,,69.65(0.28),,,,,,,,,,,,,,,,,,77.73(0.09),77.73(0.09),77.28(0.27),77.70(0.19),77.61(0.14),,76.19(0.38),44.29(0.72),,45.79(nan),40.55,27.23(0.03),65.28(0.00),
STAGGER_f1_2500_to_f2_2500_w1_total5000,Bal. Accuracy,,,,,,,,,,,,,,,,,,,,,,,,,,,,,,,,,,,,,,,,,,,,43.24(3.20),,,71.52(0.37),,,,,,,,,,,,,,,,,,70.82(0.26),70.82(0.26),70.86(0.34),70.55(0.11),71.87(0.10),,70.18(0.25),52.27(0.07),,64.23(nan),49.97,49.88(0.08),71.91(0.00),
STAGGER_f1_2500_to_f2_2500_w1_total5000,Time,,,,,,,,,,,,,,,,,,,,,,,,,,,,,,,,,,,,,,,,,,,,51.43(0.30),,,24.25(0.05),,,,,,,,,,,,,,,,,,25.83(0.76),25.83(0.76),4.01(0.05),26.79(1.25),22.88(0.47),,127.20(1.93),14.62(0.05),,0.15(nan),0.19,0.41(0.02),5.63(0.01),
STAGGER_f1_2500_to_f2_2500_w500_total5000,Num. Errors,,,,,,,,,,,,,,,,,,,,,,,,,,,,,,,,,,,,,,,,,,,,2210.67(273.24),,,1263.67(21.50),,,,,,,,,,,,,,,,,,1076.67(13.20),1076.67(13.20),,1073.00(9.17),1168.67(19.60),,1151.33(15.28),1625.33(15.18),,1543.00(nan),1650.0,1654.33(2.52),1354.00(0.00),
STAGGER_f1_2500_to_f2_2500_w500_total5000,Accuracy,,,,,,,,,,,,,,,,,,,,,,,,,,,,,,,,,,,,,,,,,,,,55.79(5.46),,,74.73(0.43),,,,,,,,,,,,,,,,,,78.47(0.26),78.47(0.26),,78.54(0.18),76.63(0.39),,76.97(0.31),67.49(0.30),,69.14(nan),67.0,66.91(0.05),72.92(0.00),
STAGGER_f1_2500_to_f2_2500_w500_total5000,AUROC,,,,,,,,,,,,,,,,,,,,,,,,,,,,,,,,,,,,,,,,,,,,41.70(9.85),,,81.22(0.28),,,,,,,,,,,,,,,,,,83.17(0.08),83.17(0.08),,83.45(0.11),83.47(0.11),,82.29(0.08),58.03(0.50),,36.98(nan),60.87,43.95(0.28),78.67(0.00),
STAGGER_f1_2500_to_f2_2500_w500_total5000,AUPRC,,,,,,,,,,,,,,,,,,,,,,,,,,,,,,,,,,,,,,,,,,,,30.94(10.39),,,68.94(0.59),,,,,,,,,,,,,,,,,,75.65(0.18),75.65(0.18),,75.96(0.07),75.91(0.18),,74.04(0.68),42.13(0.23),,47.42(nan),40.42,28.28(0.09),61.02(0.00),
STAGGER_f1_2500_to_f2_2500_w500_total5000,Bal. Accuracy,,,,,,,,,,,,,,,,,,,,,,,,,,,,,,,,,,,,,,,,,,,,43.22(3.21),,,70.13(0.76),,,,,,,,,,,,,,,,,,69.71(0.33),69.71(0.33),,70.05(0.24),71.09(0.22),,69.19(0.26),51.43(0.35),,63.01(nan),49.97,49.91(0.05),68.05(0.00),
STAGGER_f1_2500_to_f2_2500_w500_total5000,Time,,,,,,,,,,,,,,,,,,,,,,,,,,,,,,,,,,,,,,,,,,,,51.35(0.09),,,24.30(0.14),,,,,,,,,,,,,,,,,,25.59(0.49),25.59(0.49),,25.99(0.72),24.12(0.67),,128.60(0.61),14.60(0.02),,0.14(nan),0.22,0.40(0.02),5.62(0.01),
a8a,Num. Errors,7143.00(nan),6873.00(nan),6961.00(nan),7409.00(nan),6835.00(nan),6891.00(nan),7328.00(nan),7328.00(nan),6867.00(nan),7363.00(nan),6849.00(25.83),6841.20(18.55),7106.00(nan),6812.00(nan),6842.00(nan),7072.00(nan),6893.00(nan),7323.00(nan),7323.00(nan),6836.20(20.00),6850.60(13.35),6850.60(19.54),6854.80(24.79),6852.00(26.73),6852.00(16.88),6836.20(15.96),6883.00(nan),6842.00(14.07),7281.00(nan),6872.00(nan),6822.00(nan),6878.00(nan),7109.20(28.47),6841.80(26.99),7088.40(11.72),6813.00(nan),6854.00(nan),6844.80(16.69),6856.00(nan),6864.00(15.70),7203.00(nan),7148.00(nan),6858.00(nan),7583.00(118.78),7121.80(74.64),6966.60(11.67),7807.00(20.31),7253.00(nan),7140.00(nan),6979.00(0.00),7560.00(nan),7155.00(nan),7070.20(25.14),7163.00(nan),7093.00(nan),6838.00(nan),6829.00(nan),6828.00(nan),7141.00(nan),6839.00(nan),6817.00(nan),6829.00(nan),6886.00(nan),6890.00(nan),6861.00(8.31),6795.00(26.73),6782.60(26.86),6787.00(26.18),7036.80(30.19),6829.20(12.05),7456.20(63.67),7865.00(22.56),7304.00(nan),7886.00(0.00),9056.0,7846.00(0.00),7021.00(0.00),7204.00(17.33)
a8a,Accuracy,78.06(nan),78.89(nan),78.62(nan),77.25(nan),79.01(nan),78.84(nan),77.49(nan),77.49(nan),78.91(nan),77.39(nan),78.97(0.08),78.99(0.06),78.18(nan),79.08(nan),78.99(nan),78.28(nan),78.83(nan),77.51(nan),77.51(nan),79.00(0.06),78.96(0.04),78.96(0.06),78.95(0.08),78.96(0.08),78.96(0.05),79.00(0.05),78.86(nan),78.99(0.04),77.64(nan),78.89(nan),79.05(nan),78.88(nan),78.17(0.09),78.99(0.08),78.23(0.04),79.08(nan),78.95(nan),78.98(0.05),78.94(nan),78.92(0.05),77.88(nan),78.05(nan),78.94(nan),76.71(0.36),78.13(0.23),78.60(0.04),76.02(0.06),77.72(nan),78.07(nan),78.57(0.00),76.78(nan),78.03(nan),78.29(0.08),78.00(nan),78.22(nan),79.00(nan),79.03(nan),79.03(nan),78.07(nan),79.00(nan),79.06(nan),79.03(nan),78.85(nan),78.84(nan),78.93(0.03),79.13(0.08),79.17(0.08),79.16(0.08),78.39(0.09),79.03(0.04),77.10(0.20),75.85(0.07),77.57(nan),75.78(0.00),72.19,75.90(0.00),78.44(0.00),77.88(0.05)
a8a,AUROC,77.76(nan),79.83(nan),78.81(nan),76.04(nan),79.62(nan),79.36(nan),77.48(nan),77.48(nan),79.59(nan),77.62(nan),79.58(0.06),79.64(0.04),77.84(nan),79.67(nan),79.64(nan),77.49(nan),79.37(nan),77.54(nan),77.54(nan),79.69(0.06),79.71(0.06),79.69(0.03),79.68(0.03),79.68(0.05),79.67(0.04),79.71(0.04),79.58(nan),79.73(0.04),77.54(nan),79.60(nan),79.58(nan),79.70(nan),77.82(0.03),79.55(0.06),77.86(0.05),79.63(nan),79.68(nan),79.56(0.04),79.57(nan),79.51(0.05),76.90(nan),77.55(nan),79.75(nan),68.43(3.00),76.33(0.89),78.65(0.09),74.45(0.34),78.39(nan),76.94(nan),79.41(0.00),75.96(nan),77.20(nan),78.69(0.04),77.16(nan),78.28(nan),79.82(nan),79.88(nan),79.87(nan),77.50(nan),79.76(nan),79.53(nan),79.68(nan),79.37(nan),79.72(nan),79.56(0.08),80.07(0.06),80.16(0.06),80.08(0.08),80.12(0.07),79.59(0.06),73.95(0.28),55.92(3.39),73.28(nan),46.27(0.00),63.25,47.88(0.05),78.58(0.00),76.77(0.15)
a8a,AUPRC,91.44(nan),92.16(nan),91.68(nan),90.58(nan),92.01(nan),91.92(nan),91.17(nan),91.17(nan),92.03(nan),91.27(nan),91.98(0.05),92.00(0.02),91.41(nan),92.05(nan),92.02(nan),91.19(nan),91.94(nan),91.19(nan),91.19(nan),92.08(0.03),92.09(0.05),92.07(0.03),92.08(0.02),92.09(0.03),92.09(0.02),92.09(0.04),91.94(nan),92.09(0.04),91.10(nan),91.99(nan),91.98(nan),92.07(nan),91.42(0.01),91.96(0.03),91.43(0.03),92.02(nan),92.06(nan),91.96(0.02),91.95(nan),91.93(0.03),91.00(nan),91.32(nan),92.09(nan),87.26(1.49),90.80(0.39),91.56(0.06),89.62(0.22),91.31(nan),90.93(nan),92.06(0.00),90.59(nan),91.05(nan),91.49(0.03),91.01(nan),91.26(nan),92.13(nan),92.17(nan),92.15(nan),91.30(nan),92.09(nan),92.02(nan),92.06(nan),91.91(nan),92.07(nan),91.97(0.06),92.30(0.03),92.35(0.02),92.31(0.04),92.34(0.04),91.95(0.04),89.32(0.09),81.27(2.08),88.88(nan),66.67(0.00),85.07,74.49(0.03),91.75(0.00),90.87(0.11)
a8a,Bal. Accuracy,60.69(nan),63.27(nan),62.28(nan),62.40(nan),62.46(nan),63.88(nan),63.04(nan),63.04(nan),61.90(nan),63.67(nan),62.31(0.35),62.14(0.24),60.47(nan),62.33(nan),62.23(nan),60.53(nan),63.56(nan),63.43(nan),63.43(nan),62.40(0.17),62.44(0.07),62.35(0.14),62.44(0.16),62.39(0.14),62.42(0.21),62.60(0.10),61.93(nan),62.53(0.14),63.36(nan),62.10(nan),62.36(nan),61.96(nan),60.55(0.08),62.24(0.12),60.48(0.11),62.43(nan),62.34(nan),62.31(0.17),62.24(nan),62.13(0.12),59.87(nan),60.41(nan),62.62(nan),53.15(1.38),57.98(0.58),61.48(0.14),50.29(0.15),56.25(nan),59.78(nan),59.04(0.00),52.71(nan),59.57(nan),61.36(0.11),59.67(nan),61.44(nan),62.83(nan),62.69(nan),62.75(nan),60.31(nan),62.42(nan),61.99(nan),62.08(nan),62.06(nan),63.16(nan),62.16(0.16),63.51(0.11),63.49(0.04),63.57(0.07),67.08(0.09),63.30(0.43),57.23(0.59),50.00(0.01),56.92(nan),53.57(0.00),60.67,49.99(0.00),60.70(0.00),59.95(0.17)
a8a,Time,25.22(nan),23.90(nan),28.62(nan),137.64(nan),597.60(nan),717.36(nan),639.98(nan),548.05(nan),441.68(nan),737.38(nan),46.08(0.42),318.24(4.61),114.98(nan),105.67(nan),68.15(nan),136.45(nan),127.71(nan),696.43(nan),714.27(nan),175.58(10.15),86.24(1.24),76.45(0.56),121.74(2.27),86.44(1.12),64.67(0.66),82.31(2.09),391.75(nan),34.44(0.66),124.15(nan),780.93(nan),817.08(nan),377.68(nan),924.31(42.45),336.10(10.15),613.82(40.45),334.36(nan),535.96(nan),208.58(7.64),362.22(nan),196.28(9.19),244.06(nan),230.97(nan),98.34(nan),374.32(12.36),341.44(0.33),188.70(15.40),158.84(0.88),163.68(nan),775.40(nan),1247.53(0.68),359.80(nan),400.51(nan),1865.21(366.10),2913.46(nan),882.98(nan),165.53(nan),141.72(nan),144.29(nan),32.62(nan),30.56(nan),54.40(nan),66.34(nan),89.82(nan),451.56(nan),339.57(17.98),198.08(13.69),22.65(0.18),594.47(17.43),256.33(7.54),594.56(63.11),878.47(0.52),141.19(1.88),135.56(nan),18.87(0.07),2.19,63.49(0.15),1084.03(97.05),1990.86(18.54)
airlines,Num. Errors,211377.00(nan),207201.00(nan),207517.00(nan),212866.00(nan),,,,,,,,,209971.00(nan),207464.00(nan),207489.00(nan),209452.00(nan),207922.00(nan),,,,,,,,,,,,210143.00(nan),,,,,,,,,,,,205736.00(nan),205817.00(nan),203676.00(nan),208727.00(21.99),,,240264.80(1.30),207094.00(nan),215293.00(nan),240246.00(0.00),240319.00(nan),216183.00(nan),209092.20(78.43),216003.00(nan),244275.00(nan),203556.00(nan),204241.00(nan),203574.00(nan),209303.00(nan),207733.00(nan),207387.00(nan),207335.00(nan),207508.00(nan),,,,,,,,202882.00(325.90),210071.60(323.86),207700.00(nan),,,,,
airlines,Accuracy,60.81(nan),61.59(nan),61.53(nan),60.54(nan),,,,,,,,,61.07(nan),61.54(nan),61.53(nan),61.17(nan),61.45(nan),,,,,,,,,,,,61.04(nan),,,,,,,,,,,,61.86(nan),61.84(nan),62.24(nan),61.30(0.00),,,55.46(0.00),61.61(nan),60.09(nan),55.46(0.00),55.45(nan),59.92(nan),61.23(0.01),59.95(nan),54.71(nan),62.26(nan),62.13(nan),62.26(nan),61.20(nan),61.49(nan),61.55(nan),61.56(nan),61.53(nan),,,,,,,,62.39(0.06),61.05(0.06),61.49(nan),,,,,
airlines,AUROC,63.69(nan),65.16(nan),65.12(nan),63.51(nan),,,,,,,,,64.29(nan),65.13(nan),65.13(nan),64.48(nan),64.87(nan),,,,,,,,,,,,64.43(nan),,,,,,,,,,,,65.42(nan),65.42(nan),66.14(nan),64.76(0.02),,,50.00(0.00),65.29(nan),62.45(nan),57.37(0.00),52.35(nan),62.25(nan),64.66(0.02),62.31(nan),52.51(nan),66.18(nan),66.07(nan),66.17(nan),64.52(nan),65.09(nan),65.19(nan),65.18(nan),65.15(nan),,,,,,,,66.36(0.09),63.34(0.08),64.64(nan),,,,,
airlines,AUPRC,55.56(nan),57.82(nan),57.79(nan),55.34(nan),,,,,,,,,56.43(nan),57.80(nan),57.80(nan),56.83(nan),57.57(nan),,,,,,,,,,,,57.42(nan),,,,,,,,,,,,57.60(nan),58.09(nan),59.93(nan),57.21(0.03),,,47.84(1.71),58.15(nan),54.03(nan),50.52(0.00),46.80(nan),53.87(nan),56.90(0.03),53.93(nan),52.90(nan),59.81(nan),59.62(nan),59.81(nan),56.75(nan),57.74(nan),57.87(nan),57.86(nan),57.84(nan),,,,,,,,60.83(0.14),56.36(0.09),57.65(nan),,,,,
airlines,Bal. Accuracy,59.56(nan),60.41(nan),60.34(nan),59.33(nan),,,,,,,,,59.88(nan),60.38(nan),60.38(nan),60.04(nan),60.25(nan),,,,,,,,,,,,59.88(nan),,,,,,,,,,,,60.64(nan),60.59(nan),60.79(nan),60.04(0.00),,,50.00(0.00),60.44(nan),58.85(nan),50.01(0.00),49.99(nan),58.63(nan),60.05(0.04),58.68(nan),53.90(nan),60.87(nan),60.92(nan),60.87(nan),60.08(nan),60.27(nan),60.41(nan),60.36(nan),60.34(nan),,,,,,,,61.11(0.08),59.81(0.05),60.26(nan),,,,,
airlines,Time,301.13(nan),326.81(nan),352.53(nan),2301.42(nan),,,,,,,,,1780.63(nan),1780.14(nan),835.07(nan),2095.38(nan),2129.78(nan),,,,,,,,,,,,2116.07(nan),,,,,,,,,,,,1993.29(nan),1569.34(nan),1490.06(nan),7308.62(306.28),,,2577.82(129.03),2639.93(nan),1778.90(nan),2906.50(6.42),982.98(nan),1504.26(nan),7170.54(1153.32),13697.14(nan),777.60(nan),2594.12(nan),2169.16(nan),2196.59(nan),504.23(nan),522.03(nan),905.52(nan),1073.71(nan),1480.52(nan),,,,,,,,12718.96(34.78),1620.15(88.64),1629.00(nan),,,,,
australian,Num. Errors,293.00(nan),224.00(nan),233.00(nan),286.00(nan),216.00(nan),221.00(nan),209.00(nan),209.00(nan),217.00(nan),215.00(nan),222.40(13.69),226.00(13.95),293.00(nan),221.00(nan),214.00(nan),287.00(nan),221.00(nan),216.00(nan),216.00(nan),226.20(6.42),226.20(6.50),226.20(5.59),227.60(6.54),226.60(6.19),228.20(10.06),226.80(6.38),220.00(nan),226.40(6.54),225.00(nan),218.00(nan),221.00(nan),217.00(nan),287.00(14.78),224.60(7.44),285.60(12.26),220.00(nan),220.00(nan),224.40(7.77),221.00(nan),223.40(8.76),275.00(nan),274.00(nan),226.00(nan),319.60(22.37),323.80(14.99),235.20(2.59),312.60(4.39),227.00(nan),295.00(nan),202.00(0.00),329.00(nan),306.00(nan),221.00(2.74),306.00(nan),285.00(nan),230.00(nan),231.00(nan),231.00(nan),288.00(nan),223.00(nan),218.00(nan),217.00(nan),222.00(nan),238.00(nan),234.60(11.48),234.60(11.48),226.40(6.54),230.40(13.72),231.00(11.98),223.00(16.67),252.60(8.20),328.60(23.37),296.00(nan),336.00(0.00),314.0,387.00(5.43),229.40(2.97),
australian,Accuracy,57.54(nan),67.54(nan),66.23(nan),58.55(nan),68.70(nan),67.97(nan),69.71(nan),69.71(nan),68.55(nan),68.84(nan),67.77(1.98),67.25(2.02),57.54(nan),67.97(nan),68.99(nan),58.41(nan),67.97(nan),68.70(nan),68.70(nan),67.22(0.93),67.22(0.94),67.22(0.81),67.01(0.95),67.16(0.90),66.93(1.46),67.13(0.92),68.12(nan),67.19(0.95),67.39(nan),68.41(nan),67.97(nan),68.55(nan),58.41(2.14),67.45(1.08),58.61(1.78),68.12(nan),68.12(nan),67.48(1.13),67.97(nan),67.62(1.27),60.14(nan),60.29(nan),67.25(nan),53.68(3.24),53.07(2.17),65.91(0.38),54.70(0.64),67.10(nan),57.25(nan),70.72(0.00),52.32(nan),55.65(nan),67.97(0.40),55.65(nan),58.70(nan),66.67(nan),66.52(nan),66.52(nan),58.26(nan),67.68(nan),68.41(nan),68.55(nan),67.83(nan),65.51(nan),66.00(1.66),66.00(1.66),67.19(0.95),66.61(1.99),66.52(1.74),67.68(2.42),63.39(1.19),52.38(3.39),57.10(nan),51.30(0.00),54.49,43.83(0.79),66.75(0.43),
australian,AUROC,57.35(nan),72.78(nan),70.84(nan),58.85(nan),73.20(nan),73.04(nan),74.94(nan),74.94(nan),73.33(nan),74.42(nan),72.72(1.62),72.48(1.63),59.04(nan),73.15(nan),73.59(nan),58.24(nan),72.97(nan),74.52(nan),74.52(nan),72.98(0.39),73.00(0.42),72.98(0.38),72.98(0.44),73.03(0.42),72.97(0.71),73.01(0.43),73.33(nan),72.99(0.43),73.33(nan),73.29(nan),73.02(nan),73.31(nan),58.27(1.59),72.52(1.52),58.25(1.61),73.06(nan),72.95(nan),72.55(1.53),72.95(nan),72.37(1.46),60.27(nan),59.18(nan),73.08(nan),55.43(1.50),52.37(3.16),70.71(0.39),50.52(0.39),70.84(nan),57.14(nan),76.76(0.00),47.23(nan),55.55(nan),74.69(0.28),55.69(nan),59.05(nan),72.41(nan),72.32(nan),72.27(nan),58.53(nan),73.04(nan),73.23(nan),73.20(nan),73.20(nan),71.58(nan),71.54(1.32),71.54(1.32),72.99(0.43),72.03(1.11),72.03(1.04),72.67(1.72),67.50(0.64),50.14(3.40),54.21(nan),46.06(0.00),60.3,49.23(0.23),71.43(0.08),
australian,AUPRC,54.54(nan),68.32(nan),67.69(nan),56.50(nan),68.83(nan),68.50(nan),70.63(nan),70.63(nan),68.86(nan),69.66(nan),69.04(2.18),68.33(2.42),55.57(nan),68.74(nan),69.24(nan),54.69(nan),68.59(nan),70.18(nan),70.18(nan),69.14(0.77),69.16(0.77),69.13(0.78),69.17(0.78),69.22(0.75),69.15(0.97),69.18(0.77),68.91(nan),69.19(0.77),69.00(nan),69.00(nan),68.46(nan),68.95(nan),55.41(1.81),68.40(2.12),55.42(1.68),68.56(nan),68.54(nan),68.50(2.17),68.39(nan),68.36(2.14),56.97(nan),55.89(nan),69.35(nan),51.69(0.83),47.52(2.54),66.15(0.53),47.12(1.19),66.00(nan),54.72(nan),74.37(0.00),46.53(nan),53.23(nan),71.27(0.52),53.37(nan),53.97(nan),67.40(nan),67.25(nan),67.17(nan),55.31(nan),68.67(nan),68.91(nan),68.82(nan),68.97(nan),66.42(nan),67.69(1.42),67.69(1.42),69.19(0.77),68.53(0.99),68.58(0.94),68.37(3.09),62.49(0.88),46.99(2.38),48.84(nan),49.11(0.00),55.66,44.71(0.23),65.28(0.05),
australian,Bal. Accuracy,57.06(nan),65.91(nan),63.22(nan),57.36(nan),67.79(nan),66.85(nan),68.13(nan),68.13(nan),67.28(nan),67.18(nan),66.05(2.47),65.47(2.35),56.55(nan),66.98(nan),67.83(nan),56.97(nan),66.92(nan),67.12(nan),67.12(nan),65.29(1.71),65.30(1.81),65.28(1.65),65.08(1.73),65.25(1.67),65.34(1.79),65.21(1.80),66.82(nan),65.27(1.78),65.97(nan),67.18(nan),66.72(nan),67.28(nan),57.22(2.09),65.72(1.44),57.49(1.78),67.27(nan),67.08(nan),65.76(1.49),66.72(nan),65.97(1.49),59.12(nan),58.44(nan),64.39(nan),52.91(1.82),51.50(1.94),64.47(0.42),50.04(0.74),65.32(nan),55.67(nan),68.85(0.00),49.75(nan),54.01(nan),66.73(0.40),53.98(nan),56.72(nan),65.29(nan),65.09(nan),65.09(nan),57.75(nan),66.75(nan),66.27(nan),66.37(nan),65.27(nan),64.60(nan),64.69(1.77),64.69(1.77),65.27(1.78),65.43(1.88),65.55(1.54),65.92(2.14),60.82(1.34),50.76(1.99),54.02(nan),53.42(0.00),53.09,45.11(0.86),65.23(0.40),
australian,Time,0.36(nan),0.41(nan),0.43(nan),2.28(nan),5.10(nan),6.01(nan),6.49(nan),6.22(nan),2.92(nan),7.75(nan),0.70(0.00),3.31(0.03),1.75(nan),1.81(nan),1.04(nan),2.18(nan),2.19(nan),7.28(nan),7.31(nan),1.30(0.04),1.38(0.02),1.29(0.01),1.99(0.04),1.39(0.01),1.04(0.00),1.27(0.03),2.90(nan),0.58(0.03),2.36(nan),5.23(nan),5.18(nan),2.94(nan),3.17(0.02),2.54(0.02),3.31(0.20),5.18(nan),5.86(nan),2.96(0.05),3.26(nan),2.71(0.04),1.69(nan),1.50(nan),1.54(nan),7.09(0.06),7.20(0.01),2.57(0.02),3.31(0.03),3.37(nan),4.03(nan),5.47(0.04),1.78(nan),2.45(nan),12.70(0.08),14.44(nan),1.57(nan),2.67(nan),2.24(nan),2.21(nan),0.53(nan),0.57(nan),0.89(nan),1.12(nan),1.62(nan),2.62(nan),2.69(0.06),2.69(0.06),0.54(0.00),3.09(0.02),3.03(0.01),8.07(0.02),16.46(0.27),1.84(0.04),2.06(nan),0.06(0.00),0.03,0.19(0.00),2.39(0.05),
chessweka,Num. Errors,204.00(nan),184.00(nan),193.00(nan),205.00(nan),191.00(nan),194.00(nan),193.00(nan),193.00(nan),,195.00(nan),,,203.00(nan),190.00(nan),190.00(nan),193.00(nan),194.00(nan),193.00(nan),193.00(nan),,,,,,,,,,196.00(nan),,,,,,,,,,,,226.00(nan),207.00(nan),194.00(nan),203.20(8.20),,,293.20(1.10),201.00(nan),225.00(nan),177.00(0.00),203.00(nan),214.00(nan),186.80(2.77),225.00(nan),189.00(nan),187.00(nan),189.00(nan),187.00(nan),217.00(nan),183.00(nan),186.00(nan),180.00(nan),180.00(nan),,,,,,,,214.80(5.54),207.20(11.19),198.00(nan),,,,,
chessweka,Accuracy,59.44(nan),63.42(nan),61.63(nan),59.24(nan),62.03(nan),61.43(nan),61.63(nan),61.63(nan),,61.23(nan),,,59.64(nan),62.23(nan),62.23(nan),61.63(nan),61.43(nan),61.63(nan),61.63(nan),,,,,,,,,,61.03(nan),,,,,,,,,,,,55.07(nan),58.85(nan),61.43(nan),59.60(1.63),,,41.71(0.22),60.04(nan),55.27(nan),64.81(0.00),59.64(nan),57.46(nan),62.86(0.55),55.27(nan),62.43(nan),62.82(nan),62.43(nan),62.82(nan),56.86(nan),63.62(nan),63.02(nan),64.21(nan),64.21(nan),,,,,,,,57.30(1.10),58.81(2.22),60.64(nan),,,,,
chessweka,AUROC,59.01(nan),58.70(nan),59.91(nan),56.19(nan),59.30(nan),58.53(nan),57.03(nan),57.03(nan),,58.90(nan),,,56.55(nan),59.31(nan),60.01(nan),57.38(nan),58.25(nan),58.15(nan),58.15(nan),,,,,,,,,,56.89(nan),,,,,,,,,,,,55.23(nan),55.94(nan),57.53(nan),57.51(3.19),,,51.53(0.17),57.34(nan),51.77(nan),63.44(0.00),61.14(nan),53.43(nan),60.87(0.42),52.74(nan),64.56(nan),59.94(nan),60.07(nan),59.96(nan),55.06(nan),60.63(nan),60.03(nan),59.68(nan),59.68(nan),,,,,,,,50.60(0.40),55.37(2.16),55.28(nan),,,,,
chessweka,AUPRC,72.24(nan),68.80(nan),69.29(nan),69.27(nan),67.67(nan),67.38(nan),66.60(nan),66.60(nan),,67.73(nan),,,70.48(nan),68.12(nan),68.57(nan),66.68(nan),67.51(nan),67.02(nan),67.02(nan),,,,,,,,,,68.28(nan),,,,,,,,,,,,66.36(nan),69.73(nan),66.54(nan),64.91(2.63),,,68.33(0.66),65.61(nan),66.62(nan),72.70(0.00),73.04(nan),67.42(nan),69.85(0.55),67.24(nan),73.10(nan),68.45(nan),68.16(nan),68.28(nan),68.55(nan),70.67(nan),67.84(nan),68.48(nan),68.39(nan),,,,,,,,60.85(0.48),64.47(2.21),65.92(nan),,,,,
chessweka,Bal. Accuracy,54.42(nan),54.51(nan),53.03(nan),54.17(nan),52.65(nan),51.63(nan),51.71(nan),51.71(nan),,51.20(nan),,,54.14(nan),52.55(nan),52.99(nan),54.89(nan),51.36(nan),51.62(nan),51.62(nan),,,,,,,,,,51.04(nan),,,,,,,,,,,,52.23(nan),55.52(nan),52.25(nan),56.59(1.39),,,51.30(0.20),53.76(nan),49.65(nan),56.19(0.00),54.41(nan),51.81(nan),57.44(0.60),50.89(nan),58.47(nan),54.99(nan),54.66(nan),55.08(nan),52.73(nan),55.74(nan),53.12(nan),55.25(nan),55.25(nan),,,,,,,,50.42(0.62),51.31(2.33),50.18(nan),,,,,
chessweka,Time,0.26(nan),0.29(nan),0.30(nan),1.75(nan),3.55(nan),4.19(nan),4.56(nan),4.29(nan),,5.63(nan),,,1.30(nan),1.29(nan),0.60(nan),1.58(nan),1.62(nan),5.11(nan),5.21(nan),,,,,,,,,,1.71(nan),,,,,,,,,,,,1.21(nan),1.05(nan),1.09(nan),6.53(0.12),,,2.41(0.08),2.50(nan),2.12(nan),2.92(0.01),0.99(nan),1.47(nan),4.79(0.03),7.35(nan),0.78(nan),1.92(nan),1.61(nan),1.59(nan),0.38(nan),0.41(nan),0.65(nan),0.81(nan),1.22(nan),,,,,,,,11.94(0.09),1.34(0.03),1.53(nan),,,,,
diabetes_f,Num. Errors,363.00(nan),266.00(nan),282.00(nan),345.00(nan),269.00(nan),273.00(nan),277.00(nan),277.00(nan),266.00(nan),265.00(nan),259.40(6.58),263.00(9.54),369.00(nan),274.00(nan),268.00(nan),370.00(nan),277.00(nan),273.00(nan),273.00(nan),262.40(6.43),263.00(7.07),262.40(6.43),263.00(6.96),263.00(7.07),261.60(6.27),262.20(6.87),267.00(nan),262.40(5.94),264.00(nan),263.00(nan),265.00(nan),268.00(nan),357.20(14.32),261.20(7.85),355.20(10.13),273.00(nan),274.00(nan),261.00(7.42),265.00(nan),260.20(6.38),328.00(nan),351.00(nan),272.00(nan),305.40(14.93),277.00(15.76),265.40(6.77),281.80(8.29),259.00(nan),351.00(nan),233.00(0.00),310.00(nan),338.00(nan),245.40(2.88),339.00(nan),268.00(nan),260.00(nan),257.00(nan),257.00(nan),347.00(nan),260.00(nan),259.00(nan),260.00(nan),258.00(nan),271.00(nan),258.80(8.04),258.80(8.04),262.40(5.94),252.20(6.91),253.40(10.53),261.60(10.38),257.60(4.51),339.00(64.72),489.00(nan),320.00(0.00),273.0,387.20(4.32),254.00(0.00),
diabetes_f,Accuracy,52.73(nan),65.36(nan),63.28(nan),55.08(nan),64.97(nan),64.45(nan),63.93(nan),63.93(nan),65.36(nan),65.49(nan),66.22(0.86),65.76(1.24),51.95(nan),64.32(nan),65.10(nan),51.82(nan),63.93(nan),64.45(nan),64.45(nan),65.83(0.84),65.76(0.92),65.83(0.84),65.76(0.91),65.76(0.92),65.94(0.82),65.86(0.89),65.23(nan),65.83(0.77),65.62(nan),65.76(nan),65.49(nan),65.10(nan),53.49(1.87),65.99(1.02),53.75(1.32),64.45(nan),64.32(nan),66.02(0.97),65.49(nan),66.12(0.83),57.29(nan),54.30(nan),64.58(nan),60.23(1.94),63.93(2.05),65.44(0.88),63.31(1.08),66.28(nan),54.30(nan),69.66(0.00),59.64(nan),55.99(nan),68.05(0.38),55.86(nan),65.10(nan),66.15(nan),66.54(nan),66.54(nan),54.82(nan),66.15(nan),66.28(nan),66.15(nan),66.41(nan),64.71(nan),66.30(1.05),66.30(1.05),65.83(0.77),67.16(0.90),67.01(1.37),65.94(1.35),66.46(0.59),55.86(8.43),36.33(nan),58.33(0.00),64.45,49.52(0.56),66.93(0.00),
diabetes_f,AUROC,44.03(nan),61.31(nan),57.46(nan),46.60(nan),61.05(nan),61.03(nan),64.14(nan),64.14(nan),61.45(nan),63.45(nan),63.43(1.25),62.94(1.78),45.78(nan),60.99(nan),61.65(nan),45.21(nan),60.48(nan),64.07(nan),64.07(nan),63.04(1.07),63.11(1.07),63.01(1.08),63.07(1.11),63.11(1.06),63.16(1.02),63.11(1.07),61.10(nan),63.10(1.11),63.48(nan),61.11(nan),61.15(nan),61.05(nan),43.90(1.21),63.03(1.82),44.32(0.85),60.59(nan),60.02(nan),63.02(1.82),61.13(nan),63.02(1.87),46.59(nan),43.83(nan),59.43(nan),46.29(1.01),50.97(0.95),61.94(0.95),50.57(0.95),61.77(nan),46.23(nan),66.88(0.00),47.59(nan),47.55(nan),65.48(0.17),46.04(nan),59.79(nan),60.99(nan),60.54(nan),60.62(nan),42.09(nan),62.36(nan),62.17(nan),62.37(nan),62.44(nan),57.16(nan),63.85(1.03),63.85(1.03),63.10(1.11),63.86(1.16),64.14(1.10),62.54(1.21),61.92(0.68),49.15(1.22),54.58(nan),50.16(0.00),55.49,50.62(0.87),61.91(0.00),
diabetes_f,AUPRC,32.60(nan),43.10(nan),37.51(nan),35.62(nan),43.12(nan),42.77(nan),47.63(nan),47.63(nan),43.82(nan),47.43(nan),47.63(3.05),46.45(3.56),34.66(nan),41.47(nan),43.16(nan),33.61(nan),40.59(nan),48.28(nan),48.28(nan),46.75(2.31),46.79(2.29),46.73(2.31),46.71(2.31),46.76(2.25),46.68(2.06),46.77(2.27),42.92(nan),46.78(2.26),47.01(nan),43.26(nan),43.13(nan),42.80(nan),32.20(0.56),46.67(3.53),32.50(0.39),41.65(nan),40.95(nan),46.69(3.52),43.36(nan),46.75(3.43),35.12(nan),30.96(nan),44.07(nan),34.15(0.86),36.01(0.60),45.25(1.37),37.04(2.19),46.46(nan),33.21(nan),54.52(0.00),36.30(nan),34.01(nan),52.38(0.22),32.90(nan),44.71(nan),43.81(nan),43.26(nan),43.54(nan),31.07(nan),46.44(nan),45.62(nan),45.84(nan),45.81(nan),38.20(nan),48.20(2.77),48.20(2.77),46.78(2.26),48.89(2.55),49.37(2.40),46.63(2.68),48.66(0.61),35.56(1.10),38.71(nan),60.45(0.00),39.27,35.04(0.49),49.34(0.00),
diabetes_f,Bal. Accuracy,46.73(nan),51.93(nan),49.38(nan),48.45(nan),51.89(nan),51.84(nan),52.74(nan),52.74(nan),52.45(nan),53.94(nan),53.15(1.29),52.46(1.47),48.21(nan),50.79(nan),51.56(nan),47.76(nan),50.40(nan),53.57(nan),53.57(nan),52.00(1.15),51.92(1.22),52.00(1.15),51.92(1.23),51.92(1.22),52.30(1.09),52.05(1.17),51.92(nan),52.00(1.14),53.86(nan),52.75(nan),52.38(nan),51.82(nan),46.91(0.92),52.77(1.17),47.10(0.41),51.06(nan),50.70(nan),52.81(1.09),52.46(nan),52.94(0.91),48.76(nan),47.24(nan),52.02(nan),48.68(0.87),50.33(0.38),52.25(0.76),50.49(0.61),55.23(nan),47.50(nan),57.22(0.00),51.25(nan),49.23(nan),58.96(0.41),47.57(nan),56.49(nan),51.93(nan),52.23(nan),52.23(nan),46.51(nan),52.36(nan),52.29(nan),52.19(nan),52.47(nan),49.96(nan),53.57(1.33),53.57(1.33),52.00(1.14),55.13(1.60),55.96(1.65),52.91(1.30),53.12(0.85),49.51(0.70),50.67(nan),49.82(0.00),49.5,45.74(0.31),58.15(0.00),
diabetes_f,Time,0.41(nan),0.45(nan),0.47(nan),2.51(nan),5.34(nan),6.44(nan),6.94(nan),6.63(nan),3.08(nan),8.64(nan),0.77(0.01),3.69(0.10),1.98(nan),2.02(nan),1.10(nan),2.40(nan),2.45(nan),7.82(nan),7.99(nan),2.77(0.05),1.52(0.01),1.43(0.00),2.21(0.02),1.50(0.01),1.14(0.01),1.43(0.09),3.16(nan),0.66(0.02),2.65(nan),5.21(nan),5.23(nan),3.16(nan),3.45(0.05),2.72(0.02),3.55(0.07),5.58(nan),6.32(nan),3.26(0.07),3.49(nan),2.94(0.04),1.84(nan),1.64(nan),1.66(nan),8.06(0.18),7.94(0.02),2.75(0.01),3.78(0.06),3.79(nan),3.12(nan),4.39(0.01),1.48(nan),2.22(nan),11.04(0.04),10.82(nan),1.18(nan),2.96(nan),2.43(nan),2.38(nan),0.60(nan),0.63(nan),0.99(nan),1.24(nan),1.83(nan),3.37(nan),2.98(0.05),2.98(0.05),0.60(0.01),3.45(0.05),3.33(0.04),8.91(0.09),17.98(0.17),2.06(0.01),2.26(nan),0.04(0.00),0.04,0.15(0.00),1.24(0.05),
elec,Num. Errors,17190.00(nan),14937.00(nan),14240.00(nan),15666.00(nan),12851.00(nan),13137.00(nan),12907.00(nan),12907.00(nan),13027.00(nan),12898.00(nan),14737.40(84.31),13798.20(92.62),16771.00(nan),14360.00(nan),14612.00(nan),16687.00(nan),14232.00(nan),12980.00(nan),12980.00(nan),14479.80(89.91),14366.60(42.54),14487.20(95.05),14382.60(44.43),14336.00(70.61),14337.60(51.76),14302.20(47.01),13696.00(nan),14831.20(51.75),13629.00(nan),13065.00(nan),12753.00(nan),13295.00(nan),16203.40(172.95),12815.80(167.38),16077.80(267.50),12853.00(nan),13029.00(nan),12858.60(152.66),13280.00(nan),13218.20(150.91),12419.00(nan),12169.00(nan),10557.00(nan),18226.60(201.06),13960.20(77.00),11928.40(94.79),16503.60(63.52),12738.00(nan),18498.00(nan),17005.00(0.00),19144.00(nan),18589.00(nan),14773.80(206.61),18580.00(nan),15378.00(nan),10601.00(nan),10954.00(nan),10879.00(nan),17310.00(nan),14865.00(nan),14288.00(nan),14310.00(nan),14699.00(nan),13232.00(nan),13012.20(129.98),12979.60(131.39),14827.00(40.54),13760.80(205.48),13746.20(222.61),14162.40(150.61),14682.40(432.22),19073.40(78.49),15385.00(nan),20550.00(nan),20307.0,23597.40(46.12),15997.00(89.81),11867.00(39.76)
elec,Accuracy,62.06(nan),67.04(nan),68.57(nan),65.43(nan),71.64(nan),71.01(nan),71.52(nan),71.52(nan),71.25(nan),71.54(nan),67.48(0.19),69.55(0.20),62.99(nan),68.31(nan),67.75(nan),63.17(nan),68.59(nan),71.35(nan),71.35(nan),68.04(0.20),68.29(0.09),68.03(0.21),68.26(0.10),68.36(0.16),68.36(0.11),68.44(0.10),69.77(nan),67.27(0.11),69.92(nan),71.17(nan),71.86(nan),70.66(nan),64.24(0.38),71.72(0.37),64.52(0.59),71.63(nan),71.25(nan),71.62(0.34),70.69(nan),70.83(0.33),72.59(nan),73.14(nan),76.70(nan),59.78(0.44),69.19(0.17),73.67(0.21),63.58(0.14),71.89(nan),59.18(nan),62.47(0.00),57.75(nan),58.98(nan),67.40(0.46),59.00(nan),66.06(nan),76.60(nan),75.83(nan),75.99(nan),61.80(nan),67.19(nan),68.47(nan),68.42(nan),67.56(nan),70.80(nan),71.28(0.29),71.36(0.29),67.28(0.09),69.63(0.45),69.66(0.49),68.74(0.33),67.60(0.95),57.91(0.17),66.05(nan),54.65(nan),55.18,47.92(0.10),64.70(0.20),73.81(0.09)
elec,AUROC,62.69(nan),73.39(nan),75.03(nan),70.49(nan),78.64(nan),78.17(nan),78.68(nan),78.68(nan),78.30(nan),78.74(nan),73.94(0.08),76.51(0.09),65.77(nan),74.74(nan),74.06(nan),65.96(nan),74.97(nan),78.55(nan),78.55(nan),74.36(0.20),74.78(0.10),74.40(0.20),74.80(0.10),74.87(0.20),74.96(0.10),74.90(0.08),76.93(nan),73.68(0.16),76.74(nan),77.88(nan),78.81(nan),77.72(nan),68.57(0.45),78.65(0.35),68.77(0.77),78.54(nan),78.18(nan),78.48(0.32),77.68(nan),77.82(0.38),78.78(nan),79.35(nan),83.87(nan),60.48(0.57),74.95(0.24),80.86(0.17),66.58(0.21),78.74(nan),58.49(nan),67.79(0.00),56.17(nan),58.53(nan),73.66(0.55),58.91(nan),71.63(nan),84.31(nan),82.97(nan),83.31(nan),62.38(nan),73.51(nan),74.94(nan),75.05(nan),74.26(nan),77.36(nan),78.24(0.15),78.35(0.13),73.67(0.15),76.44(0.53),76.49(0.32),75.49(0.54),73.21(1.40),54.98(0.54),69.81(nan),47.92(nan),51.46,47.38(0.12),69.62(0.38),81.21(0.10)
elec,AUPRC,57.17(nan),68.09(nan),70.07(nan),64.64(nan),73.69(nan),73.55(nan),74.06(nan),74.06(nan),73.43(nan),74.24(nan),68.86(0.10),71.37(0.12),59.63(nan),69.79(nan),69.02(nan),60.15(nan),70.10(nan),73.98(nan),73.98(nan),69.35(0.23),69.80(0.07),69.38(0.20),69.76(0.05),69.85(0.17),69.95(0.09),69.85(0.09),71.80(nan),68.60(0.11),71.87(nan),72.66(nan),73.94(nan),72.64(nan),62.10(0.61),73.72(0.41),62.41(1.04),73.54(nan),73.41(nan),73.51(0.36),72.46(nan),72.89(0.38),71.97(nan),73.50(nan),79.66(nan),52.51(0.63),69.81(0.31),76.39(0.27),59.71(0.19),73.93(nan),50.74(nan),61.36(0.00),47.75(nan),50.41(nan),67.85(0.49),50.58(nan),65.02(nan),79.69(nan),78.60(nan),78.87(nan),56.82(nan),68.48(nan),70.00(nan),70.16(nan),68.96(nan),72.34(nan),73.27(0.22),73.37(0.21),68.58(0.09),71.29(0.44),71.41(0.28),70.51(0.48),66.26(2.21),47.04(0.61),64.61(nan),60.43(nan),42.93,40.81(0.06),60.78(0.32),76.48(0.12)
elec,Bal. Accuracy,58.27(nan),64.74(nan),66.52(nan),63.23(nan),70.01(nan),69.32(nan),70.10(nan),70.10(nan),69.51(nan),70.10(nan),65.10(0.25),67.64(0.22),59.45(nan),66.11(nan),65.50(nan),59.78(nan),66.58(nan),69.93(nan),69.93(nan),65.75(0.24),66.05(0.12),65.75(0.31),66.07(0.10),66.16(0.18),66.09(0.15),66.21(0.10),68.00(nan),64.80(0.19),68.42(nan),69.45(nan),70.20(nan),69.03(nan),61.17(0.40),70.04(0.40),61.44(0.72),70.04(nan),69.52(nan),69.93(0.33),68.98(nan),68.96(0.39),71.45(nan),72.00(nan),75.65(nan),54.26(0.67),66.64(0.21),72.21(0.17),60.41(0.18),70.39(nan),53.96(nan),57.24(0.00),50.50(nan),53.72(nan),65.13(0.60),54.45(nan),63.84(nan),75.66(nan),74.43(nan),74.86(nan),57.74(nan),64.69(nan),66.16(nan),66.15(nan),65.03(nan),69.18(nan),69.59(0.28),69.68(0.28),64.83(0.14),67.76(0.54),68.29(0.53),66.38(0.35),65.93(0.98),50.86(0.42),62.85(nan),52.06(nan),50.43,47.52(0.09),62.17(0.32),72.64(0.12)
elec,Time,23.88(nan),26.56(nan),27.64(nan),163.09(nan),488.30(nan),606.63(nan),580.01(nan),539.97(nan),329.70(nan),663.40(nan),52.06(0.48),234.52(3.51),129.58(nan),132.31(nan),75.20(nan),156.94(nan),161.76(nan),619.06(nan),647.00(nan),183.97(13.65),95.56(1.32),88.42(0.29),149.58(29.03),93.82(1.15),72.22(0.35),90.26(0.54),334.37(nan),43.61(0.52),163.35(nan),588.47(nan),621.05(nan),336.05(nan),345.56(14.66),259.11(4.22),239.16(15.26),351.68(nan),532.38(nan),208.16(5.34),222.93(nan),192.87(5.22),135.41(nan),116.22(nan),102.97(nan),689.10(232.68),469.06(1.08),246.47(31.93),216.19(1.74),221.60(nan),129.20(nan),223.43(0.48),77.36(nan),120.71(nan),397.54(8.72),526.89(nan),58.65(nan),185.90(nan),154.19(nan),154.74(nan),37.92(nan),40.11(nan),64.12(nan),80.75(nan),112.16(nan),247.69(nan),267.81(2.82),280.74(6.20),37.94(0.28),333.85(12.62),377.25(10.64),472.16(25.30),990.17(2.06),150.83(0.32),134.86(nan),2.07(nan),1.63,508.67(46.68),56.58(0.55),165.32(1.37)
german,Num. Errors,306.00(nan),299.00(nan),285.00(nan),302.00(nan),276.00(nan),275.00(nan),271.00(nan),271.00(nan),274.00(nan),272.00(nan),275.80(2.39),275.60(2.30),300.00(nan),275.00(nan),273.00(nan),294.00(nan),275.00(nan),276.00(nan),276.00(nan),278.80(6.26),279.40(6.58),279.20(6.72),279.40(6.43),279.40(6.80),278.80(7.12),279.20(6.72),275.00(nan),279.60(5.81),272.00(nan),275.00(nan),274.00(nan),274.00(nan),303.60(4.51),276.20(2.59),303.60(4.51),275.00(nan),276.00(nan),276.20(2.59),275.00(nan),277.20(2.77),286.00(nan),294.00(nan),285.00(nan),308.20(5.40),303.80(3.96),275.40(2.30),310.20(4.27),286.00(nan),310.00(nan),270.00(0.00),281.00(nan),308.00(nan),280.00(4.36),302.00(nan),329.00(nan),277.00(nan),279.00(nan),279.00(nan),295.00(nan),277.00(nan),274.00(nan),274.00(nan),274.00(nan),287.00(nan),280.80(4.44),303.00(4.24),302.00(7.04),302.20(5.81),307.20(5.97),277.40(3.36),314.00(6.56),421.60(95.63),288.00(nan),434.00(0.00),556.0,302.00(1.87),328.00(0.00),
german,Accuracy,68.09(nan),68.82(nan),70.28(nan),68.51(nan),71.22(nan),71.32(nan),71.74(nan),71.74(nan),71.43(nan),71.64(nan),71.24(0.25),71.26(0.24),68.72(nan),71.32(nan),71.53(nan),69.34(nan),71.32(nan),71.22(nan),71.22(nan),70.93(0.65),70.87(0.69),70.89(0.70),70.87(0.67),70.87(0.71),70.93(0.74),70.89(0.70),71.32(nan),70.84(0.61),71.64(nan),71.32(nan),71.43(nan),71.43(nan),68.34(0.47),71.20(0.27),68.34(0.47),71.32(nan),71.22(nan),71.20(0.27),71.32(nan),71.09(0.29),70.18(nan),69.34(nan),70.28(nan),69.18(0.54),69.62(0.40),71.28(0.24),68.98(0.43),70.18(nan),67.67(nan),71.85(0.00),70.70(nan),67.88(nan),70.80(0.45),68.51(nan),65.69(nan),71.12(nan),70.91(nan),70.91(nan),69.24(nan),71.12(nan),71.43(nan),71.43(nan),71.43(nan),70.07(nan),70.72(0.46),69.70(0.42),69.80(0.70),69.78(0.58),69.28(0.60),71.07(0.35),68.60(0.66),57.84(9.56),69.97(nan),56.60(0.00),44.4,69.77(0.19),67.20(0.00),
german,AUROC,52.40(nan),56.85(nan),57.08(nan),49.34(nan),59.15(nan),59.00(nan),58.40(nan),58.40(nan),59.60(nan),58.13(nan),58.44(0.80),58.92(0.60),49.05(nan),58.90(nan),59.50(nan),49.46(nan),58.82(nan),58.01(nan),58.01(nan),57.82(0.89),57.82(0.90),57.83(0.90),57.72(0.98),57.77(0.99),57.60(0.72),57.86(0.91),59.52(nan),57.95(0.93),57.50(nan),59.46(nan),59.53(nan),59.58(nan),48.74(0.99),58.80(0.58),48.72(1.00),58.91(nan),58.77(nan),58.80(0.58),59.49(nan),58.79(0.44),48.41(nan),49.43(nan),56.68(nan),47.38(1.09),46.26(0.84),56.19(1.14),53.54(0.41),58.28(nan),46.76(nan),61.44(0.00),51.81(nan),48.10(nan),59.83(0.16),46.70(nan),57.03(nan),57.92(nan),58.41(nan),58.42(nan),50.77(nan),58.71(nan),58.65(nan),58.60(nan),57.84(nan),58.64(nan),59.09(0.74),60.32(0.78),60.23(1.22),59.25(0.70),59.86(0.83),58.31(0.46),52.02(0.21),46.48(2.24),52.99(nan),47.00(0.00),49.02,47.48(0.19),55.90(0.00),
german,AUPRC,72.49(nan),76.72(nan),75.82(nan),71.14(nan),76.19(nan),76.07(nan),76.14(nan),76.14(nan),76.29(nan),76.03(nan),76.66(0.40),77.02(0.37),70.67(nan),76.41(nan),76.51(nan),70.81(nan),76.24(nan),76.09(nan),76.09(nan),76.43(0.67),76.41(0.70),76.44(0.70),76.33(0.76),76.29(0.80),76.02(0.64),76.41(0.70),76.52(nan),76.55(0.67),75.49(nan),76.37(nan),76.40(nan),76.55(nan),70.05(0.45),76.83(0.31),70.04(0.45),76.24(nan),76.22(nan),76.83(0.31),76.40(nan),76.76(0.44),69.22(nan),70.45(nan),74.84(nan),68.28(1.07),68.91(1.08),74.72(0.85),71.48(0.27),75.27(nan),67.70(nan),79.34(0.00),73.78(nan),68.25(nan),77.75(0.35),67.98(nan),74.25(nan),76.29(nan),76.40(nan),76.45(nan),71.42(nan),76.35(nan),76.12(nan),76.16(nan),75.73(nan),76.89(nan),76.80(0.33),78.01(0.31),77.83(0.87),77.11(0.29),77.58(0.26),76.54(0.49),70.95(0.23),67.56(1.57),72.58(nan),74.20(0.00),69.08,68.28(0.23),73.96(0.00),
german,Bal. Accuracy,50.67(nan),50.85(nan),51.01(nan),49.11(nan),50.04(nan),50.33(nan),52.36(nan),52.36(nan),50.51(nan),52.07(nan),50.27(0.36),50.28(0.29),49.59(nan),50.33(nan),50.69(nan),49.92(nan),50.33(nan),51.56(nan),51.56(nan),50.59(0.51),50.53(0.52),50.56(0.48),50.53(0.54),50.53(0.48),50.53(0.75),50.54(0.50),50.33(nan),50.53(0.56),51.42(nan),50.33(nan),50.51(nan),50.51(nan),49.56(0.62),50.24(0.27),49.56(0.62),50.22(nan),50.04(nan),50.24(0.27),50.33(nan),50.12(0.26),49.74(nan),51.00(nan),50.57(nan),49.74(0.31),49.80(0.21),50.47(0.44),50.40(0.49),49.74(nan),49.72(nan),52.65(0.00),50.65(nan),49.54(nan),53.03(0.64),49.44(nan),53.01(nan),50.29(nan),50.03(nan),49.93(nan),49.73(nan),50.07(nan),50.18(nan),50.18(nan),50.18(nan),52.49(nan),50.58(0.87),51.10(0.39),51.11(0.48),51.63(0.32),52.51(0.39),50.11(0.46),49.67(0.29),49.09(2.26),51.22(nan),53.19(0.00),48.57,50.05(0.16),50.00(0.00),
german,Time,0.52(nan),0.57(nan),0.69(nan),3.23(nan),7.30(nan),8.68(nan),9.25(nan),8.89(nan),4.40(nan),11.60(nan),1.00(0.01),5.13(0.12),2.54(nan),2.56(nan),1.50(nan),3.09(nan),3.10(nan),10.53(nan),10.66(nan),3.61(0.15),2.09(0.03),1.81(0.01),2.86(0.05),1.96(0.02),1.47(0.01),1.82(0.03),4.36(nan),0.84(0.01),3.32(nan),7.95(nan),7.74(nan),4.34(nan),5.01(0.14),3.76(0.09),5.25(0.26),7.71(nan),8.62(nan),4.56(0.14),4.87(nan),4.05(0.10),2.44(nan),2.30(nan),2.32(nan),10.30(0.04),10.34(0.03),3.75(0.04),4.82(0.06),4.65(nan),7.00(nan),10.12(0.06),3.22(nan),4.17(nan),22.12(0.05),25.58(nan),3.45(nan),4.05(nan),3.43(nan),3.42(nan),0.75(nan),0.80(nan),1.28(nan),1.61(nan),2.32(nan),4.47(nan),4.02(0.05),4.37(0.08),0.79(0.01),4.86(0.12),5.02(0.19),11.84(0.08),24.08(0.39),2.94(0.04),2.84(nan),0.12(0.00),0.06,0.36(0.00),6.14(0.07),
higgs,Num. Errors,,,,,,,,,,,462251.00(19.97),462450.00(147.83),,,,,,,,,,,,,,,,462573.33(154.38),,,,,466772.67(245.79),462477.33(424.42),466712.33(223.73),,,462780.33(283.20),,463053.33(344.33),,,,464638.33(165.23),,465481.00(101.57),464176.33(238.88),,,462958.00(0.00),,,470122.33(143.47),,,,,,,,,,,,,,,,,,474654.00(1627.10),464369.33(178.32),,476766.00(0.00),482630.0,503297.33(167.05),,461337.00(43.71)
higgs,Accuracy,,,,,,,,,,,53.77(0.00),53.76(0.01),,,,,,,,,,,,,,,,53.74(0.02),,,,,53.32(0.02),53.75(0.04),53.33(0.02),,,53.72(0.03),,53.69(0.03),,,,53.54(0.02),,53.45(0.01),53.58(0.02),,,53.70(0.00),,,52.99(0.01),,,,,,,,,,,,,,,,,,52.53(0.16),53.56(0.02),,52.32(0.00),51.74,49.67(0.02),,53.87(0.00)
higgs,AUROC,,,,,,,,,,,53.10(0.02),53.08(0.06),,,,,,,,,,,,,,,,53.12(0.02),,,,,51.14(0.07),53.10(0.04),51.13(0.09),,,52.94(0.04),,52.85(0.10),,,,52.34(0.08),,52.32(0.02),53.06(0.04),,,53.33(0.00),,,51.76(0.00),,,,,,,,,,,,,,,,,,50.69(0.32),52.42(0.15),,49.44(0.00),49.99,50.00(0.01),,53.78(0.04)
higgs,AUPRC,,,,,,,,,,,55.47(0.00),55.45(0.04),,,,,,,,,,,,,,,,55.47(0.01),,,,,53.66(0.06),55.47(0.03),53.65(0.07),,,55.34(0.03),,55.26(0.09),,,,54.84(0.09),,54.91(0.03),55.43(0.03),,,55.68(0.00),,,54.15(0.01),,,,,,,,,,,,,,,,,,53.40(0.21),54.98(0.17),,56.91(0.00),53.1,53.02(0.01),,56.05(0.05)
higgs,Bal. Accuracy,,,,,,,,,,,51.58(0.00),51.54(0.05),,,,,,,,,,,,,,,,51.56(0.02),,,,,50.77(0.05),51.56(0.05),50.79(0.05),,,51.46(0.04),,51.41(0.05),,,,51.07(0.02),,51.14(0.01),51.56(0.05),,,51.51(0.00),,,50.88(0.02),,,,,,,,,,,,,,,,,,50.39(0.22),51.18(0.04),,50.56(0.00),50.57,49.86(0.02),,51.85(0.01)
higgs,Time,,,,,,,,,,,1403.41(9.65),14175.72(310.34),,,,,,,,,,,,,,,,1034.44(4.10),,,,,23199.51(870.12),9246.36(43.82),9492.81(4186.25),,,6785.01(413.78),,6179.26(504.14),,,,12027.22(72.04),,7213.65(873.50),7285.92(16.47),,,7910.88(1643.71),,,34381.64(10248.44),,,,,,,,,,,,,,,,,,26688.93(1665.60),3178.38(582.10),,112.84(0.48),41.99,18568.13(68.36),,9325.24(51.38)
ionosphere,Num. Errors,133.00(nan),125.00(nan),118.00(nan),116.00(nan),98.00(nan),98.00(nan),98.00(nan),98.00(nan),95.00(nan),101.00(nan),111.00(11.64),110.00(10.93),120.00(nan),98.00(nan),95.00(nan),120.00(nan),97.00(nan),97.00(nan),97.00(nan),112.60(5.90),112.40(4.93),112.40(4.98),112.60(5.50),112.40(5.55),110.00(7.14),112.00(5.52),98.00(nan),111.60(5.32),96.00(nan),95.00(nan),96.00(nan),99.00(nan),125.40(6.35),110.80(10.40),125.40(6.35),96.00(nan),97.00(nan),110.80(10.40),97.00(nan),109.20(10.40),126.00(nan),124.00(nan),112.00(nan),137.40(21.15),,121.40(7.40),124.20(2.39),103.00(nan),113.00(nan),115.00(0.00),124.00(nan),112.00(nan),106.20(2.17),115.00(nan),127.00(nan),108.00(nan),109.00(nan),109.00(nan),130.00(nan),112.00(nan),109.00(nan),109.00(nan),110.00(nan),104.00(nan),112.60(4.28),112.60(4.28),,,,113.40(7.50),106.20(2.17),126.40(0.55),127.00(nan),,,193.20(6.22),,
ionosphere,Accuracy,62.11(nan),64.39(nan),66.38(nan),66.95(nan),72.08(nan),72.08(nan),72.08(nan),72.08(nan),72.93(nan),71.23(nan),68.38(3.32),68.66(3.11),65.81(nan),72.08(nan),72.93(nan),65.81(nan),72.36(nan),72.36(nan),72.36(nan),67.92(1.68),67.98(1.40),67.98(1.42),67.92(1.57),67.98(1.58),68.66(2.03),68.09(1.57),72.08(nan),68.21(1.52),72.65(nan),72.93(nan),72.65(nan),71.79(nan),64.27(1.81),68.43(2.96),64.27(1.81),72.65(nan),72.36(nan),68.43(2.96),72.36(nan),68.89(2.96),64.10(nan),64.67(nan),68.09(nan),60.85(6.03),,65.41(2.11),64.62(0.68),70.66(nan),67.81(nan),67.24(0.00),64.67(nan),68.09(nan),69.74(0.62),67.24(nan),63.82(nan),69.23(nan),68.95(nan),68.95(nan),62.96(nan),68.09(nan),68.95(nan),68.95(nan),68.66(nan),70.37(nan),67.92(1.22),67.92(1.22),,,,67.69(2.14),69.74(0.62),63.99(0.16),63.82(nan),,,44.80(1.78),,
ionosphere,AUROC,59.04(nan),59.08(nan),60.83(nan),56.91(nan),68.50(nan),67.87(nan),67.16(nan),67.16(nan),68.83(nan),66.14(nan),63.42(5.20),62.96(5.59),60.00(nan),68.30(nan),68.75(nan),60.11(nan),68.25(nan),66.83(nan),66.83(nan),60.87(2.97),61.22(2.87),60.90(2.94),61.15(2.83),61.23(2.84),62.16(2.83),61.25(2.84),68.69(nan),61.20(2.90),66.23(nan),69.17(nan),69.01(nan),68.70(nan),58.40(2.44),63.07(5.18),58.40(2.44),68.36(nan),68.07(nan),63.05(5.19),69.22(nan),63.43(5.06),57.24(nan),59.32(nan),61.62(nan),44.28(3.48),,58.86(2.54),58.64(1.43),66.16(nan),60.71(nan),59.58(0.00),60.22(nan),60.99(nan),64.63(0.63),60.68(nan),57.68(nan),63.19(nan),63.54(nan),63.38(nan),57.68(nan),61.05(nan),62.18(nan),61.84(nan),60.28(nan),63.09(nan),63.30(2.10),63.30(2.10),,,,62.39(2.26),75.27(0.76),48.30(1.18),51.49(nan),,,44.25(1.88),,
ionosphere,AUPRC,71.54(nan),66.79(nan),68.98(nan),68.25(nan),73.43(nan),72.98(nan),73.13(nan),73.13(nan),73.56(nan),72.63(nan),70.94(3.53),70.73(3.63),69.00(nan),72.96(nan),73.35(nan),69.15(nan),73.35(nan),73.25(nan),73.25(nan),69.10(2.32),69.21(2.34),69.14(2.29),68.94(2.39),69.14(2.34),69.45(2.17),69.17(2.31),73.07(nan),69.13(2.47),72.51(nan),73.86(nan),73.56(nan),73.10(nan),68.53(1.48),70.81(3.30),68.53(1.48),72.94(nan),72.78(nan),70.81(3.29),73.92(nan),71.11(3.26),66.63(nan),67.02(nan),66.60(nan),60.91(2.63),,67.53(1.49),68.63(1.12),71.04(nan),71.10(nan),68.29(0.00),72.39(nan),71.25(nan),71.26(0.51),71.19(nan),66.37(nan),69.18(nan),69.92(nan),69.83(nan),68.75(nan),68.36(nan),68.75(nan),68.58(nan),67.18(nan),67.71(nan),70.40(2.00),70.40(2.00),,,,69.39(1.96),82.91(0.50),61.69(0.83),61.62(nan),,,61.03(1.01),,
ionosphere,Bal. Accuracy,50.71(nan),56.33(nan),54.40(nan),54.14(nan),62.86(nan),62.68(nan),62.51(nan),62.51(nan),64.40(nan),61.14(nan),59.06(3.36),59.25(3.30),52.56(nan),62.68(nan),63.87(nan),52.56(nan),63.08(nan),62.73(nan),62.73(nan),57.27(2.19),57.49(1.88),57.39(1.88),57.41(2.04),57.53(1.91),58.51(2.42),57.69(2.08),62.86(nan),58.05(1.78),62.78(nan),64.05(nan),63.65(nan),62.46(nan),51.67(1.57),59.10(2.90),51.67(1.57),63.13(nan),62.56(nan),59.10(2.90),63.43(nan),59.63(3.04),50.52(nan),51.14(nan),56.43(nan),48.83(2.13),,53.01(2.92),51.38(0.85),60.17(nan),57.95(nan),54.71(0.00),50.79(nan),58.00(nan),61.38(0.81),57.51(nan),58.16(nan),58.54(nan),57.97(nan),57.97(nan),50.68(nan),57.83(nan),57.27(nan),57.27(nan),56.87(nan),60.13(nan),58.81(1.28),58.81(1.28),,,,57.97(2.54),62.96(2.42),49.91(0.12),49.78(nan),,,42.26(1.83),,
ionosphere,Time,0.23(nan),0.25(nan),0.26(nan),1.21(nan),2.63(nan),3.13(nan),3.35(nan),3.21(nan),1.51(nan),4.00(nan),0.38(0.01),1.72(0.16),0.92(nan),0.96(nan),0.58(nan),1.14(nan),1.15(nan),3.65(nan),3.76(nan),0.87(0.06),0.65(0.01),0.68(0.00),0.92(0.01),0.77(0.02),0.56(0.01),0.67(0.01),1.54(nan),0.29(0.00),1.25(nan),2.72(nan),2.73(nan),1.54(nan),2.07(0.23),1.34(0.03),2.13(0.24),2.77(nan),3.16(nan),1.62(0.01),1.92(nan),1.43(0.03),0.90(nan),0.85(nan),0.86(nan),3.68(0.06),,1.36(0.02),1.73(0.01),1.72(nan),1.82(nan),4.63(0.01),1.44(nan),1.82(nan),9.24(1.41),11.35(nan),1.60(nan),1.49(nan),1.27(nan),1.29(nan),0.28(nan),0.31(nan),0.48(nan),0.60(nan),0.85(nan),1.07(nan),1.42(0.01),1.42(0.01),,,,4.22(0.01),8.54(0.04),1.09(0.00),1.18(nan),,,0.16(0.00),,
ipd,Num. Errors,346.00(nan),201.00(nan),194.00(nan),351.00(nan),187.00(nan),192.00(nan),192.00(nan),192.00(nan),,196.00(nan),,,350.00(nan),195.00(nan),191.00(nan),354.00(nan),195.00(nan),196.00(nan),196.00(nan),,,,,,,,,,207.00(nan),,,,,,,,,,,,343.00(nan),352.00(nan),180.00(nan),533.60(16.09),,,358.80(3.49),188.00(nan),356.00(nan),195.00(0.00),355.00(nan),351.00(nan),173.20(5.17),357.00(nan),299.00(nan),189.00(nan),189.00(nan),187.00(nan),355.00(nan),185.00(nan),198.00(nan),196.00(nan),197.00(nan),,,,,,,,312.40(19.86),431.60(7.80),258.00(nan),,,,,
ipd,Accuracy,68.43(nan),81.66(nan),82.30(nan),67.97(nan),82.94(nan),82.48(nan),82.48(nan),82.48(nan),,82.12(nan),,,68.07(nan),82.21(nan),82.57(nan),67.70(nan),82.21(nan),82.12(nan),82.12(nan),,,,,,,,,,81.11(nan),,,,,,,,,,,,68.70(nan),67.88(nan),83.58(nan),51.31(1.47),,,67.26(0.32),82.85(nan),67.52(nan),82.21(0.00),67.61(nan),67.97(nan),84.20(0.47),67.43(nan),72.72(nan),82.76(nan),82.76(nan),82.94(nan),67.61(nan),83.12(nan),81.93(nan),82.12(nan),82.03(nan),,,,,,,,71.50(1.81),60.62(0.71),76.46(nan),,,,,
ipd,AUROC,75.60(nan),89.61(nan),89.38(nan),75.25(nan),90.18(nan),90.16(nan),89.83(nan),89.83(nan),,90.02(nan),,,75.42(nan),89.59(nan),89.77(nan),75.26(nan),89.59(nan),89.55(nan),89.55(nan),,,,,,,,,,89.05(nan),,,,,,,,,,,,76.17(nan),75.90(nan),90.66(nan),54.01(3.61),,,74.04(0.51),89.68(nan),75.49(nan),91.48(0.00),76.49(nan),75.74(nan),90.58(0.10),75.37(nan),77.71(nan),90.77(nan),90.97(nan),90.99(nan),75.42(nan),90.48(nan),90.35(nan),90.36(nan),89.91(nan),,,,,,,,78.49(2.13),65.04(1.25),82.67(nan),,,,,
ipd,AUPRC,74.46(nan),86.47(nan),86.66(nan),74.68(nan),88.53(nan),88.61(nan),87.78(nan),87.78(nan),,88.23(nan),,,74.78(nan),87.88(nan),87.93(nan),74.76(nan),87.88(nan),87.65(nan),87.65(nan),,,,,,,,,,87.51(nan),,,,,,,,,,,,74.70(nan),74.85(nan),89.26(nan),53.16(3.16),,,72.27(1.17),86.34(nan),74.31(nan),87.63(0.00),76.38(nan),74.58(nan),87.91(0.28),74.23(nan),69.62(nan),89.30(nan),89.39(nan),89.43(nan),74.80(nan),88.45(nan),88.45(nan),88.41(nan),88.30(nan),,,,,,,,76.43(2.20),63.68(1.84),81.75(nan),,,,,
ipd,Bal. Accuracy,68.43(nan),81.66(nan),82.30(nan),67.98(nan),82.95(nan),82.49(nan),82.49(nan),82.49(nan),,82.13(nan),,,68.07(nan),82.22(nan),82.58(nan),67.71(nan),82.22(nan),82.13(nan),82.13(nan),,,,,,,,,,81.13(nan),,,,,,,,,,,,68.72(nan),67.89(nan),83.59(nan),51.38(1.47),,,67.27(0.32),82.86(nan),67.52(nan),82.23(0.00),67.63(nan),67.97(nan),84.20(0.47),67.43(nan),72.73(nan),82.77(nan),82.77(nan),82.95(nan),67.61(nan),83.13(nan),81.95(nan),82.13(nan),82.04(nan),,,,,,,,71.50(1.82),60.63(0.71),76.47(nan),,,,,
ipd,Time,0.59(nan),0.65(nan),0.79(nan),3.73(nan),9.33(nan),10.78(nan),11.65(nan),11.07(nan),,13.72(nan),,,2.89(nan),2.93(nan),1.38(nan),3.54(nan),3.58(nan),12.83(nan),13.05(nan),,,,,,,,,,3.79(nan),,,,,,,,,,,,2.82(nan),2.64(nan),2.66(nan),11.21(0.14),,,5.37(0.04),5.33(nan),8.18(nan),11.74(0.03),3.70(nan),4.78(nan),25.62(0.11),29.56(nan),3.92(nan),4.63(nan),3.93(nan),3.89(nan),0.85(nan),0.90(nan),1.46(nan),1.83(nan),2.67(nan),,,,,,,,26.47(0.25),2.94(0.01),3.31(nan),,,,,
krvskp,Num. Errors,1434.00(nan),1152.00(nan),1191.00(nan),1422.00(nan),1147.00(nan),1161.00(nan),1182.00(nan),1182.00(nan),1146.00(nan),1164.00(nan),1146.40(10.99),1149.20(8.96),1392.00(nan),1153.00(nan),1162.00(nan),1420.00(nan),1161.00(nan),1194.00(nan),1194.00(nan),1147.40(12.58),1145.20(7.85),1146.40(12.03),1144.00(8.77),1148.40(12.46),1150.80(12.60),1147.20(13.63),1142.00(nan),1141.80(9.26),1181.00(nan),1151.00(nan),1150.00(nan),1148.00(nan),1403.00(6.52),1150.60(5.41),1403.00(6.44),1155.00(nan),1157.00(nan),1153.00(7.48),1154.00(nan),1150.00(3.94),1404.00(nan),1427.00(nan),1139.00(nan),1518.20(12.95),1517.60(21.65),1183.80(11.82),1401.20(10.94),1178.00(nan),1489.00(nan),1123.00(0.00),1456.00(nan),1473.00(nan),1165.60(7.20),1468.00(nan),1197.00(nan),1134.00(nan),1138.00(nan),1138.00(nan),1431.00(nan),1139.00(nan),1151.00(nan),1156.00(nan),1169.00(nan),1120.00(nan),1150.20(12.95),1150.20(12.95),1141.80(9.26),1153.00(18.06),1152.60(15.57),1140.00(10.65),1366.40(9.86),1466.40(11.30),1265.00(nan),1508.00(nan),1513.0,1802.60(6.07),1256.00(0.00),
krvskp,Accuracy,55.13(nan),63.95(nan),62.73(nan),55.51(nan),64.11(nan),63.67(nan),63.02(nan),63.02(nan),64.14(nan),63.58(nan),64.13(0.34),64.04(0.28),56.45(nan),63.92(nan),63.64(nan),55.57(nan),63.67(nan),62.64(nan),62.64(nan),64.10(0.39),64.17(0.25),64.13(0.38),64.21(0.27),64.07(0.39),63.99(0.39),64.11(0.43),64.27(nan),64.27(0.29),63.05(nan),63.99(nan),64.02(nan),64.08(nan),56.10(0.20),64.00(0.17),56.10(0.20),63.86(nan),63.80(nan),63.92(0.23),63.89(nan),64.02(0.12),56.07(nan),55.35(nan),64.36(nan),52.50(0.41),52.52(0.68),62.96(0.37),56.16(0.34),63.14(nan),53.41(nan),64.86(0.00),54.44(nan),53.91(nan),63.53(0.23),54.07(nan),62.55(nan),64.52(nan),64.39(nan),64.39(nan),55.23(nan),64.36(nan),63.99(nan),63.83(nan),63.42(nan),64.96(nan),64.01(0.41),64.01(0.41),64.27(0.29),63.92(0.56),63.94(0.49),64.33(0.33),57.25(0.31),54.12(0.35),60.42(nan),52.82(nan),52.66,43.58(0.19),60.70(0.00),
krvskp,AUROC,56.94(nan),69.36(nan),68.64(nan),57.46(nan),69.71(nan),69.75(nan),68.92(nan),68.92(nan),69.84(nan),68.91(nan),70.11(0.23),70.14(0.21),58.53(nan),69.72(nan),69.80(nan),58.44(nan),69.79(nan),68.60(nan),68.60(nan),69.92(0.09),69.93(0.08),69.93(0.08),69.90(0.08),69.89(0.08),69.83(0.09),69.91(0.07),69.95(nan),69.93(0.11),68.56(nan),69.84(nan),69.96(nan),69.97(nan),58.17(0.53),70.15(0.23),58.17(0.53),69.83(nan),69.77(nan),70.10(0.21),69.88(nan),70.08(0.24),57.94(nan),57.18(nan),69.82(nan),52.37(1.05),53.27(1.63),68.28(0.13),57.83(0.21),68.82(nan),54.51(nan),71.05(0.00),56.60(nan),55.35(nan),69.52(0.10),55.46(nan),66.35(nan),70.09(nan),70.12(nan),70.12(nan),58.11(nan),69.75(nan),69.68(nan),69.65(nan),69.34(nan),70.41(nan),70.04(0.17),70.04(0.17),69.93(0.11),69.96(0.21),69.99(0.24),70.10(0.18),58.71(0.40),54.47(0.18),64.24(nan),48.17(nan),47.82,47.07(0.14),63.76(0.00),
krvskp,AUPRC,57.83(nan),70.66(nan),70.31(nan),59.60(nan),71.22(nan),71.26(nan),70.61(nan),70.61(nan),71.38(nan),70.37(nan),71.64(0.24),71.60(0.22),61.21(nan),71.13(nan),71.25(nan),61.18(nan),71.16(nan),70.36(nan),70.36(nan),71.36(0.22),71.37(0.19),71.35(0.20),71.33(0.20),71.35(0.18),71.32(0.20),71.35(0.19),71.46(nan),71.36(0.21),70.20(nan),71.35(nan),71.47(nan),71.44(nan),60.58(0.65),71.68(0.20),60.59(0.65),71.36(nan),71.30(nan),71.65(0.18),71.36(nan),71.53(0.18),58.84(nan),59.08(nan),71.54(nan),54.22(1.24),55.93(1.68),70.08(0.33),58.88(0.29),69.87(nan),55.58(nan),72.15(0.00),58.39(nan),55.88(nan),70.55(0.22),56.06(nan),65.48(nan),71.49(nan),71.51(nan),71.51(nan),60.83(nan),71.05(nan),71.21(nan),71.22(nan),70.97(nan),71.75(nan),71.49(0.42),71.49(0.42),71.36(0.21),71.48(0.36),71.48(0.39),71.50(0.15),58.73(0.58),55.91(0.37),64.68(nan),56.64(nan),50.51,49.60(0.06),62.72(0.00),
krvskp,Bal. Accuracy,54.76(nan),63.57(nan),62.43(nan),55.32(nan),63.66(nan),63.27(nan),62.79(nan),62.79(nan),63.69(nan),63.36(nan),63.74(0.39),63.64(0.34),55.91(nan),63.47(nan),63.22(nan),54.97(nan),63.23(nan),62.44(nan),62.44(nan),63.80(0.43),63.88(0.29),63.84(0.40),63.93(0.31),63.78(0.42),63.68(0.40),63.82(0.45),63.84(nan),64.00(0.31),62.79(nan),63.53(nan),63.57(nan),63.65(nan),55.58(0.23),63.61(0.19),55.58(0.22),63.44(nan),63.39(nan),63.53(0.28),63.43(nan),63.63(0.19),55.60(nan),54.88(nan),64.08(nan),51.22(0.42),50.95(0.95),62.62(0.31),55.80(0.24),62.77(nan),53.06(nan),64.71(0.00),54.58(nan),53.61(nan),63.24(0.22),53.75(nan),62.26(nan),64.25(nan),64.13(nan),64.12(nan),54.97(nan),64.10(nan),63.70(nan),63.52(nan),63.13(nan),64.55(nan),63.69(0.45),63.69(0.45),64.00(0.31),63.61(0.57),63.63(0.50),64.02(0.35),56.83(0.30),53.12(0.38),59.85(nan),51.81(nan),52.47,44.16(0.18),60.39(0.00),
krvskp,Time,2.08(nan),2.26(nan),2.33(nan),11.20(nan),29.74(nan),34.87(nan),35.42(nan),33.47(nan),19.48(nan),42.02(nan),3.53(0.02),19.64(1.82),8.67(nan),9.00(nan),5.37(nan),10.59(nan),10.81(nan),38.55(nan),39.38(nan),12.49(0.04),6.93(0.07),6.15(0.03),10.12(0.43),6.87(0.14),5.11(0.04),6.33(0.10),18.43(nan),2.97(0.08),11.50(nan),35.53(nan),33.29(nan),18.82(nan),20.60(2.26),15.76(0.82),21.47(1.44),30.67(nan),34.82(nan),16.64(1.52),22.02(nan),14.11(0.90),8.70(nan),7.82(nan),8.14(nan),38.02(3.75),33.24(0.10),14.88(0.63),16.52(0.07),15.65(nan),29.70(nan),43.98(0.10),13.57(nan),16.94(nan),104.39(10.84),135.72(nan),16.51(nan),14.18(nan),12.10(nan),11.98(nan),2.61(nan),2.81(nan),4.41(nan),5.51(nan),7.89(nan),15.86(nan),16.32(0.24),15.80(0.31),2.72(0.02),19.25(0.54),19.95(0.61),46.39(1.47),87.39(0.48),10.96(0.06),10.83(nan),0.56(nan),0.15,2.06(0.01),27.06(0.25),
magic04,Num. Errors,6455.00(nan),5601.00(nan),5499.00(nan),6215.00(nan),5513.00(nan),5532.00(nan),5604.00(nan),5604.00(nan),5559.00(nan),5588.00(nan),5528.40(21.02),5556.20(12.79),6147.00(nan),5540.00(nan),5517.00(nan),6396.00(nan),5525.00(nan),5602.00(nan),5602.00(nan),5511.60(15.08),5496.60(27.37),5508.60(19.50),5510.20(25.89),5492.00(28.38),5502.80(10.26),5489.00(15.28),5545.00(nan),5552.20(20.47),5604.00(nan),5524.00(nan),5535.00(nan),5538.00(nan),6063.20(29.63),5532.20(13.37),6086.60(32.32),5521.00(nan),5523.00(nan),5532.20(16.08),5541.00(nan),5533.80(16.02),5865.00(nan),5938.00(nan),5580.00(nan),5973.40(17.01),6093.80(116.12),5514.80(16.15),5891.20(20.27),5737.00(nan),6424.00(nan),5801.00(0.00),9002.00(nan),6693.00(nan),5835.60(14.94),6471.00(nan),6442.00(nan),5597.00(nan),5589.00(nan),5597.00(nan),6033.00(nan),5571.00(nan),5470.00(nan),5491.00(nan),5514.00(nan),5546.00(nan),5528.80(23.56),5528.80(23.56),5553.00(24.41),5529.80(14.24),5553.40(18.81),5546.20(10.43),5762.40(56.51),6157.20(48.69),6427.00(nan),8137.00(0.00),7686.0,11800.00(36.69),6463.00(0.00),5579.80(18.14)
magic04,Accuracy,66.06(nan),70.55(nan),71.09(nan),67.32(nan),71.01(nan),70.91(nan),70.54(nan),70.54(nan),70.77(nan),70.62(nan),70.93(0.11),70.79(0.07),67.68(nan),70.87(nan),70.99(nan),66.37(nan),70.95(nan),70.55(nan),70.55(nan),71.02(0.08),71.10(0.14),71.04(0.10),71.03(0.14),71.13(0.15),71.07(0.05),71.14(0.08),70.85(nan),70.81(0.11),70.54(nan),70.96(nan),70.90(nan),70.88(nan),68.12(0.16),70.91(0.07),68.00(0.17),70.97(nan),70.96(nan),70.91(0.08),70.87(nan),70.91(0.08),69.16(nan),68.78(nan),70.66(nan),68.59(0.09),67.96(0.61),71.01(0.08),69.03(0.11),69.84(nan),66.23(nan),69.50(0.00),52.67(nan),64.81(nan),69.32(0.08),65.98(nan),66.13(nan),70.57(nan),70.62(nan),70.57(nan),68.28(nan),70.71(nan),71.24(nan),71.13(nan),71.01(nan),70.84(nan),70.93(0.12),70.93(0.12),70.80(0.13),70.93(0.07),70.80(0.10),70.84(0.05),69.70(0.30),67.63(0.26),66.21(nan),57.22(0.00),59.59,37.96(0.19),66.02(0.00),70.66(0.10)
magic04,AUROC,58.18(nan),68.07(nan),68.88(nan),59.75(nan),68.97(nan),68.77(nan),68.22(nan),68.22(nan),68.84(nan),68.43(nan),68.94(0.10),68.37(0.11),59.59(nan),68.86(nan),68.85(nan),53.86(nan),68.71(nan),68.26(nan),68.26(nan),68.77(0.10),68.92(0.14),68.78(0.13),68.79(0.14),68.99(0.12),68.97(0.15),68.96(0.12),69.01(nan),68.34(0.13),68.46(nan),68.99(nan),69.01(nan),69.07(nan),60.21(0.26),68.90(0.12),59.97(0.26),69.05(nan),69.02(nan),68.91(0.12),68.94(nan),68.76(0.11),61.31(nan),60.64(nan),68.32(nan),60.85(0.39),63.12(1.01),68.52(0.09),62.27(0.21),65.97(nan),56.28(nan),65.43(0.00),51.41(nan),56.67(nan),64.55(0.11),59.62(nan),60.68(nan),68.12(nan),68.12(nan),68.15(nan),60.58(nan),68.23(nan),68.80(nan),68.81(nan),68.70(nan),68.77(nan),68.99(0.17),68.99(0.17),68.34(0.13),68.75(0.16),68.78(0.15),68.29(0.14),66.23(0.68),58.07(0.75),59.88(nan),46.93(0.00),44.02,48.00(0.09),60.70(0.00),67.90(0.13)
magic04,AUPRC,68.36(nan),78.20(nan),78.74(nan),69.27(nan),78.85(nan),78.68(nan),78.13(nan),78.13(nan),78.69(nan),78.39(nan),78.78(0.05),78.19(0.12),69.36(nan),78.80(nan),78.75(nan),66.32(nan),78.69(nan),78.23(nan),78.23(nan),78.61(0.06),78.75(0.08),78.62(0.08),78.64(0.11),78.81(0.07),78.77(0.09),78.79(0.08),78.91(nan),78.23(0.08),78.39(nan),78.79(nan),78.87(nan),78.91(nan),69.77(0.27),78.70(0.16),69.52(0.31),78.96(nan),78.94(nan),78.71(0.15),78.77(nan),78.55(0.15),70.22(nan),69.76(nan),78.38(nan),70.25(0.28),74.57(0.66),78.34(0.11),71.34(0.29),76.08(nan),67.07(nan),75.98(0.00),63.34(nan),67.36(nan),74.52(0.11),69.95(nan),72.57(nan),78.15(nan),78.10(nan),78.16(nan),69.91(nan),78.23(nan),78.60(nan),78.62(nan),78.52(nan),78.74(nan),78.78(0.11),78.78(0.11),78.24(0.07),78.55(0.09),78.57(0.09),78.21(0.08),76.59(0.73),68.52(0.53),72.10(nan),68.63(0.00),59.34,63.04(0.05),72.48(0.00),77.95(0.06)
magic04,Bal. Accuracy,57.89(nan),60.86(nan),61.37(nan),58.27(nan),60.99(nan),61.00(nan),61.61(nan),61.61(nan),60.75(nan),61.78(nan),61.00(0.13),60.72(0.14),57.66(nan),60.87(nan),61.07(nan),53.64(nan),61.06(nan),61.57(nan),61.57(nan),61.25(0.12),61.34(0.18),61.27(0.13),61.24(0.20),61.38(0.20),61.34(0.10),61.38(0.10),60.84(nan),60.91(0.19),61.47(nan),60.97(nan),60.91(nan),60.93(nan),58.13(0.16),60.93(0.09),58.00(0.23),61.07(nan),61.00(nan),60.93(0.12),60.86(nan),60.91(0.11),59.06(nan),58.25(nan),60.69(nan),57.35(0.10),55.49(1.06),60.97(0.12),59.52(0.16),58.88(nan),55.79(nan),58.07(0.00),51.26(nan),55.80(nan),58.69(0.12),57.15(nan),54.41(nan),60.68(nan),60.71(nan),60.67(nan),58.28(nan),60.84(nan),61.35(nan),61.27(nan),61.21(nan),60.97(nan),61.00(0.16),61.00(0.16),60.90(0.20),61.03(0.13),61.61(0.14),61.16(0.14),59.74(0.46),56.07(0.49),52.55(nan),53.06(0.00),53.18,47.94(0.22),54.30(0.00),60.80(0.07)
magic04,Time,9.96(nan),11.13(nan),11.54(nan),68.83(nan),188.35(nan),239.60(nan),213.81(nan),201.99(nan),121.95(nan),256.12(nan),20.34(0.29),93.04(1.61),53.28(nan),53.07(nan),29.29(nan),68.50(nan),65.75(nan),238.26(nan),244.86(nan),77.26(1.51),38.67(0.80),35.78(0.20),56.31(0.91),38.65(0.55),29.01(0.19),36.37(0.29),113.68(nan),17.52(0.20),66.36(nan),216.15(nan),207.14(nan),117.82(nan),132.98(3.71),89.04(2.55),94.19(7.32),143.36(nan),247.58(nan),86.22(6.98),92.53(nan),78.94(3.23),46.90(nan),41.05(nan),42.26(nan),219.90(1.40),196.80(0.26),84.18(4.35),89.42(0.40),93.07(nan),88.63(nan),123.56(0.21),41.11(nan),58.79(nan),317.91(6.98),331.55(nan),35.17(nan),75.72(nan),62.73(nan),63.28(nan),15.78(nan),16.05(nan),25.62(nan),32.30(nan),45.34(nan),93.19(nan),95.47(4.22),95.47(4.22),15.91(0.49),106.71(2.50),131.37(7.03),395.04(81.31),436.24(0.29),56.45(1.09),56.03(nan),1.17(0.04),0.78,369.55(1.28),35.80(0.73),96.97(3.02)
phishing,Num. Errors,2772.00(nan),2091.00(nan),2183.00(nan),2457.00(nan),2112.00(nan),2112.00(nan),2198.00(nan),2198.00(nan),2143.00(nan),2167.00(nan),2118.40(12.12),2113.00(17.04),2494.00(nan),2118.00(nan),2117.00(nan),2488.00(nan),2129.00(nan),2201.00(nan),2201.00(nan),2106.60(20.16),2105.80(18.99),2111.00(19.09),2107.00(14.92),2107.60(16.35),2103.80(13.97),2103.00(19.63),2114.00(nan),2110.20(8.67),2153.00(nan),2119.00(nan),2125.00(nan),2104.00(nan),2514.40(31.01),2113.40(14.42),2511.80(17.60),2136.00(nan),2113.00(nan),2115.40(10.83),2115.00(nan),2119.80(8.41),2413.00(nan),2814.00(nan),2123.00(nan),4135.00(149.04),2970.80(105.76),2213.00(16.32),2823.80(35.42),2170.00(nan),2791.00(nan),2335.00(0.00),2976.00(nan),2805.00(nan),2136.20(12.44),2807.00(nan),2267.00(nan),2124.00(nan),2105.00(nan),2105.00(nan),2818.00(nan),2121.00(nan),2134.00(nan),2128.00(nan),2168.00(nan),2096.00(nan),2122.40(5.22),2120.20(5.26),2110.20(8.67),2126.00(9.72),2121.20(12.74),2104.20(19.33),2807.60(81.05),4777.60(151.53),3471.00(nan),4617.00(nan),3055.0,5412.00(22.01),2541.00(0.00),
phishing,Accuracy,74.93(nan),81.09(nan),80.25(nan),77.77(nan),80.90(nan),80.90(nan),80.12(nan),80.12(nan),80.62(nan),80.40(nan),80.84(0.11),80.89(0.15),77.44(nan),80.84(nan),80.85(nan),77.49(nan),80.74(nan),80.09(nan),80.09(nan),80.94(0.18),80.95(0.17),80.90(0.17),80.94(0.13),80.94(0.15),80.97(0.13),80.98(0.18),80.88(nan),80.91(0.08),80.52(nan),80.83(nan),80.78(nan),80.97(nan),77.26(0.28),80.88(0.13),77.28(0.16),80.68(nan),80.89(nan),80.86(0.10),80.87(nan),80.82(0.08),78.17(nan),74.55(nan),80.80(nan),62.60(1.35),73.13(0.96),79.98(0.15),74.46(0.32),80.37(nan),74.75(nan),78.88(0.00),73.08(nan),74.63(nan),80.68(0.11),74.61(nan),79.49(nan),80.79(nan),80.96(nan),80.96(nan),74.51(nan),80.81(nan),80.70(nan),80.75(nan),80.39(nan),81.04(nan),80.80(0.05),80.82(0.05),80.91(0.08),80.77(0.09),80.81(0.12),80.97(0.17),74.60(0.73),56.78(1.37),68.60(nan),58.24(nan),72.37,51.04(0.20),77.01(0.00),
phishing,AUROC,83.72(nan),89.42(nan),88.70(nan),86.38(nan),88.99(nan),89.00(nan),88.35(nan),88.35(nan),89.00(nan),88.41(nan),89.01(0.03),89.08(0.05),86.14(nan),88.99(nan),89.07(nan),86.10(nan),89.00(nan),88.38(nan),88.38(nan),89.13(0.02),89.13(0.03),89.13(0.03),89.14(0.04),89.13(0.05),89.14(0.03),89.12(0.04),89.07(nan),89.14(0.03),88.55(nan),89.08(nan),89.03(nan),89.01(nan),85.97(0.13),89.01(0.05),85.99(0.10),89.02(nan),89.00(nan),89.02(0.06),89.02(nan),88.99(0.04),86.51(nan),83.56(nan),89.21(nan),70.35(2.36),82.80(1.15),88.30(0.05),82.68(0.17),88.52(nan),83.31(nan),86.88(0.00),81.07(nan),83.40(nan),88.44(0.03),83.36(nan),87.26(nan),89.16(nan),89.26(nan),89.25(nan),83.55(nan),89.13(nan),88.97(nan),89.01(nan),88.54(nan),89.37(nan),89.04(0.06),89.05(0.06),89.14(0.03),89.00(0.06),89.00(0.06),89.06(0.05),82.21(0.72),60.62(3.54),78.38(nan),46.68(nan),58.51,45.86(0.02),84.84(0.00),
phishing,AUPRC,86.59(nan),91.02(nan),90.37(nan),88.45(nan),90.62(nan),90.63(nan),90.14(nan),90.14(nan),90.61(nan),90.17(nan),90.61(0.05),90.64(0.05),88.31(nan),90.55(nan),90.63(nan),88.24(nan),90.62(nan),90.15(nan),90.15(nan),90.67(0.03),90.67(0.03),90.67(0.04),90.68(0.05),90.69(0.05),90.67(0.03),90.66(0.03),90.65(nan),90.68(0.03),90.26(nan),90.62(nan),90.65(nan),90.60(nan),88.23(0.09),90.58(0.06),88.24(0.08),90.63(nan),90.60(nan),90.57(0.06),90.61(nan),90.56(0.06),88.41(nan),86.43(nan),90.86(nan),75.33(1.85),85.67(0.88),89.94(0.02),85.43(0.12),90.10(nan),85.99(nan),88.59(0.00),83.41(nan),86.07(nan),89.92(0.03),86.05(nan),89.04(nan),90.76(nan),90.82(nan),90.80(nan),86.45(nan),90.64(nan),90.56(nan),90.57(nan),90.15(nan),91.00(nan),90.65(0.09),90.66(0.09),90.68(0.03),90.60(0.07),90.59(0.08),90.60(0.06),84.30(0.56),67.82(2.83),81.66(nan),43.24(nan),62.79,52.81(0.05),86.56(0.00),
phishing,Bal. Accuracy,74.24(nan),80.53(nan),79.64(nan),77.31(nan),80.45(nan),80.47(nan),79.71(nan),79.71(nan),80.18(nan),80.04(nan),80.36(0.10),80.39(0.18),76.91(nan),80.39(nan),80.42(nan),76.93(nan),80.23(nan),79.71(nan),79.71(nan),80.42(0.19),80.44(0.18),80.38(0.17),80.43(0.14),80.43(0.15),80.45(0.15),80.46(0.21),80.41(nan),80.40(0.10),80.13(nan),80.34(nan),80.31(nan),80.54(nan),76.67(0.29),80.40(0.14),76.70(0.17),80.20(nan),80.43(nan),80.39(0.10),80.42(nan),80.34(0.11),77.53(nan),73.89(nan),80.29(nan),58.81(1.69),71.01(1.09),79.44(0.16),73.59(0.32),79.66(nan),74.04(nan),77.80(0.00),71.31(nan),73.89(nan),80.07(0.12),73.87(nan),78.81(nan),80.28(nan),80.47(nan),80.46(nan),73.86(nan),80.35(nan),80.23(nan),80.24(nan),79.85(nan),80.51(nan),80.28(0.09),80.30(0.08),80.40(0.10),80.24(0.14),80.39(0.10),80.47(0.15),73.77(0.75),51.39(1.74),65.43(nan),53.18(nan),70.94,46.16(0.18),76.23(0.00),
phishing,Time,7.22(nan),7.82(nan),8.13(nan),40.49(nan),129.84(nan),162.32(nan),135.10(nan),127.57(nan),91.04(nan),165.58(nan),12.66(0.11),60.64(2.21),31.72(nan),31.89(nan),19.18(nan),38.39(nan),38.89(nan),152.87(nan),156.07(nan),48.71(0.68),24.63(0.50),21.83(0.08),43.45(1.00),25.21(0.64),17.81(0.09),22.64(0.54),80.40(nan),10.41(0.15),39.86(nan),169.80(nan),150.65(nan),77.64(nan),91.35(8.75),63.70(2.91),73.72(4.44),92.01(nan),171.61(nan),53.35(0.44),71.15(nan),49.40(1.03),37.89(nan),33.14(nan),28.32(nan),136.23(14.80),114.58(0.54),85.70(6.78),57.51(0.13),54.15(nan),118.41(nan),182.37(0.14),55.45(nan),66.73(nan),275.98(19.22),544.19(nan),76.19(nan),48.66(nan),41.15(nan),40.93(nan),9.30(nan),9.70(nan),15.65(nan),19.40(nan),26.97(nan),56.10(nan),96.24(5.21),83.78(10.64),9.32(0.03),103.37(6.87),99.68(5.22),132.87(9.49),306.80(0.22),41.85(4.28),38.16(nan),2.59(nan),0.51,8.31(0.02),111.40(1.42),
spam,Num. Errors,592.00(nan),553.00(nan),623.00(nan),508.00(nan),533.00(nan),497.00(nan),498.00(nan),498.00(nan),535.00(nan),505.00(nan),548.80(12.11),547.00(6.96),580.00(nan),517.00(nan),546.00(nan),555.00(nan),527.00(nan),510.00(nan),510.00(nan),549.40(11.59),546.60(14.54),560.00(8.66),548.60(12.76),548.60(17.64),556.00(13.40),548.20(17.20),555.00(nan),549.60(3.05),503.00(nan),545.00(nan),546.00(nan),563.00(nan),610.60(13.85),538.80(14.34),607.80(9.88),530.00(nan),524.00(nan),544.20(9.26),537.00(nan),543.60(7.86),865.00(nan),496.00(nan),448.00(nan),1767.20(7.69),1216.80(51.05),671.00(12.43),765.00(29.06),517.00(nan),590.00(nan),2428.00(0.00),2387.00(nan),581.00(nan),574.40(9.76),595.00(nan),816.00(nan),439.00(nan),465.00(nan),469.00(nan),626.00(nan),553.00(nan),567.00(nan),565.00(nan),551.00(nan),545.00(nan),540.00(13.73),540.00(13.73),578.80(6.30),551.00(22.18),559.80(17.12),524.60(6.73),868.60(13.61),1828.60(28.82),1778.00(nan),1697.00(0.00),835.0,2868.60(10.31),882.00(0.00),
spam,Accuracy,90.47(nan),91.10(nan),89.97(nan),91.82(nan),91.42(nan),92.00(nan),91.98(nan),91.98(nan),91.39(nan),91.87(nan),91.17(0.19),91.20(0.11),90.66(nan),91.68(nan),91.21(nan),91.07(nan),91.52(nan),91.79(nan),91.79(nan),91.16(0.19),91.20(0.23),90.99(0.14),91.17(0.21),91.17(0.28),91.05(0.22),91.18(0.28),91.07(nan),91.15(0.05),91.90(nan),91.23(nan),91.21(nan),90.94(nan),90.17(0.22),91.33(0.23),90.22(0.16),91.47(nan),91.57(nan),91.24(0.15),91.36(nan),91.25(0.13),86.08(nan),92.02(nan),92.79(nan),71.56(0.12),80.42(0.82),89.20(0.20),87.69(0.47),91.68(nan),90.50(nan),60.92(0.00),61.58(nan),90.65(nan),90.75(0.16),90.42(nan),86.87(nan),92.93(nan),92.52(nan),92.45(nan),89.92(nan),91.10(nan),90.87(nan),90.91(nan),91.13(nan),91.23(nan),91.31(0.22),91.31(0.22),90.68(0.10),91.13(0.36),90.99(0.28),91.56(0.11),86.02(0.22),70.57(0.46),71.38(nan),72.69(0.00),86.56,53.82(0.17),85.80(0.00),
spam,AUROC,95.67(nan),96.09(nan),95.14(nan),96.42(nan),96.18(nan),96.43(nan),96.53(nan),96.53(nan),96.02(nan),96.50(nan),95.96(0.11),96.04(0.07),95.75(nan),96.21(nan),95.98(nan),95.97(nan),96.31(nan),96.48(nan),96.48(nan),95.79(0.12),95.96(0.09),95.72(0.11),95.97(0.07),95.95(0.13),96.01(0.05),95.99(0.06),95.96(nan),95.89(0.09),96.49(nan),95.92(nan),96.00(nan),95.96(nan),95.49(0.06),96.00(0.11),95.49(0.08),96.13(nan),96.26(nan),95.97(0.09),95.98(nan),95.98(0.10),92.67(nan),96.76(nan),97.25(nan),70.24(0.33),88.06(1.09),94.65(0.20),93.67(0.37),96.52(nan),95.44(nan),88.23(0.00),90.75(nan),95.50(nan),95.55(0.07),95.16(nan),92.76(nan),97.20(nan),96.93(nan),96.99(nan),95.35(nan),95.85(nan),95.90(nan),95.90(nan),95.90(nan),96.28(nan),96.17(0.10),96.17(0.10),95.78(0.07),96.08(0.07),96.04(0.09),95.93(0.05),91.64(0.18),68.99(0.22),68.72(nan),25.41(0.00),35.68,71.65(0.09),90.21(0.00),
spam,AUPRC,91.34(nan),92.48(nan),91.56(nan),92.93(nan),92.89(nan),93.71(nan),93.39(nan),93.39(nan),92.47(nan),93.56(nan),92.35(0.22),92.33(0.12),91.82(nan),92.93(nan),92.41(nan),92.13(nan),93.28(nan),93.17(nan),93.17(nan),92.40(0.16),92.42(0.05),92.38(0.15),92.29(0.09),92.33(0.15),92.43(0.18),92.33(0.17),92.37(nan),92.18(0.12),93.37(nan),92.41(nan),92.42(nan),92.30(nan),91.40(0.22),92.37(0.15),91.46(0.14),92.75(nan),93.00(nan),92.32(0.15),92.46(nan),92.36(0.14),87.91(nan),94.05(nan),94.81(nan),53.35(0.32),76.51(1.77),90.73(0.17),88.63(0.53),93.55(nan),91.88(nan),79.96(0.00),82.31(nan),91.95(nan),92.00(0.21),91.42(nan),87.46(nan),94.65(nan),94.12(nan),94.24(nan),91.13(nan),92.28(nan),92.58(nan),92.48(nan),92.37(nan),92.70(nan),92.80(0.22),92.80(0.22),92.08(0.08),92.64(0.17),92.51(0.21),92.62(0.15),85.62(0.31),51.21(0.38),53.79(nan),30.42(0.00),25.32,62.22(0.04),83.83(0.00),
spam,Bal. Accuracy,88.74(nan),89.71(nan),87.96(nan),90.52(nan),89.98(nan),90.76(nan),90.86(nan),90.86(nan),90.10(nan),90.58(nan),89.82(0.24),89.78(0.12),89.20(nan),90.20(nan),89.94(nan),89.67(nan),90.11(nan),90.63(nan),90.63(nan),89.70(0.23),89.69(0.30),89.47(0.23),89.70(0.17),89.69(0.34),89.46(0.36),89.73(0.41),89.64(nan),89.76(0.13),90.58(nan),90.00(nan),89.93(nan),89.53(nan),88.67(0.30),89.99(0.35),88.74(0.19),90.05(nan),90.12(nan),89.94(0.24),90.05(nan),89.86(0.17),83.07(nan),90.48(nan),91.47(nan),68.74(0.40),81.85(0.93),87.06(0.26),84.31(0.82),90.37(nan),88.43(nan),70.28(0.00),70.84(nan),88.86(nan),88.98(0.26),88.50(nan),85.85(nan),91.58(nan),91.22(nan),91.07(nan),88.55(nan),89.73(nan),89.02(nan),89.06(nan),89.48(nan),89.85(nan),89.91(0.31),89.91(0.31),89.35(0.15),89.73(0.49),89.38(0.45),90.06(0.35),83.08(0.37),69.15(0.53),70.20(nan),74.22(0.00),84.65,59.26(0.20),82.69(0.00),
spam,Time,7.24(nan),6.41(nan),8.56(nan),39.45(nan),186.11(nan),312.67(nan),220.83(nan),191.81(nan),129.44(nan),226.59(nan),12.58(0.32),99.79(0.34),34.30(nan),25.79(nan),20.58(nan),37.00(nan),32.33(nan),231.91(nan),239.97(nan),53.75(2.49),24.33(0.77),20.73(0.66),53.84(2.10),29.73(1.26),19.24(0.40),22.97(0.53),137.42(nan),7.89(0.14),32.90(nan),197.21(nan),256.17(nan),135.66(nan),512.91(9.45),130.34(8.09),251.81(3.50),117.90(nan),160.03(nan),73.22(0.76),106.35(nan),68.07(1.46),170.42(nan),79.99(nan),28.64(nan),91.07(1.70),79.09(0.48),104.03(3.40),31.74(0.33),32.96(nan),480.02(nan),897.51(0.43),257.36(nan),270.48(nan),1039.19(0.79),1621.34(nan),943.21(nan),43.05(nan),38.27(nan),38.66(nan),9.01(nan),7.47(nan),14.82(nan),17.05(nan),21.21(nan),159.36(nan),120.33(11.73),120.33(11.73),7.00(0.02),400.11(10.69),194.46(9.94),128.96(4.12),151.07(0.51),39.40(0.13),42.64(nan),14.28(0.04),0.84,55.22(0.14),639.00(1.84),
spambase,Num. Errors,1244.00(nan),933.00(nan),1004.00(nan),1200.00(nan),924.00(nan),933.00(nan),908.00(nan),908.00(nan),914.00(nan),925.00(nan),911.40(15.21),908.20(12.48),1261.00(nan),932.00(nan),919.00(nan),1286.00(nan),918.00(nan),911.00(nan),911.00(nan),921.00(6.00),919.40(5.86),923.00(11.47),917.20(6.53),921.60(7.99),925.00(9.77),922.00(6.00),917.00(nan),916.80(6.34),909.00(nan),905.00(nan),922.00(nan),920.00(nan),1253.60(24.18),905.60(17.77),1254.40(20.90),904.00(nan),918.00(nan),905.00(19.34),913.00(nan),900.80(16.45),1349.00(nan),1518.00(nan),947.00(nan),1698.80(16.05),1821.20(11.39),1015.20(11.34),1704.40(110.26),1026.00(nan),1683.00(nan),1106.00(0.00),2504.00(nan),1653.00(nan),1002.40(9.37),1626.00(nan),1589.00(nan),909.00(nan),908.00(nan),914.00(nan),1282.00(nan),919.00(nan),925.00(nan),918.00(nan),912.00(nan),919.00(nan),916.20(22.74),916.20(22.74),895.60(9.71),899.40(7.99),896.20(15.83),928.80(11.43),1170.40(33.38),1732.40(72.31),1890.00(nan),2296.00(nan),1516.0,1901.20(5.54),1700.80(11.14),
spambase,Accuracy,72.96(nan),79.72(nan),78.18(nan),73.92(nan),79.92(nan),79.72(nan),80.27(nan),80.27(nan),80.13(nan),79.90(nan),80.19(0.33),80.26(0.27),72.59(nan),79.74(nan),80.03(nan),72.05(nan),80.05(nan),80.20(nan),80.20(nan),79.98(0.13),80.02(0.13),79.94(0.25),80.07(0.14),79.97(0.17),79.90(0.21),79.96(0.13),80.07(nan),80.07(0.14),80.24(nan),80.33(nan),79.96(nan),80.00(nan),72.75(0.53),80.32(0.39),72.74(0.45),80.35(nan),80.05(nan),80.33(0.42),80.16(nan),80.42(0.36),70.68(nan),67.01(nan),79.42(nan),63.08(0.35),60.42(0.25),77.94(0.25),62.96(2.40),77.70(nan),63.42(nan),75.96(0.00),45.58(nan),64.07(nan),78.21(0.20),64.66(nan),65.46(nan),80.24(nan),80.27(nan),80.13(nan),72.14(nan),80.03(nan),79.90(nan),80.05(nan),80.18(nan),80.03(nan),80.09(0.49),80.09(0.49),80.53(0.21),80.45(0.17),80.52(0.34),79.81(0.25),74.56(0.73),62.35(1.57),58.92(nan),50.10(nan),67.05,58.67(0.12),63.03(0.24),
spambase,AUROC,76.46(nan),86.58(nan),84.96(nan),80.01(nan),86.92(nan),86.79(nan),86.67(nan),86.67(nan),86.91(nan),86.47(nan),86.91(0.07),86.98(0.07),77.73(nan),86.87(nan),86.82(nan),79.38(nan),86.72(nan),86.68(nan),86.68(nan),86.86(0.11),86.85(0.10),86.85(0.09),86.85(0.10),86.83(0.09),86.77(0.11),86.85(0.09),86.96(nan),86.87(0.09),86.49(nan),86.92(nan),87.01(nan),86.94(nan),78.59(0.69),86.98(0.05),78.42(0.62),87.03(nan),86.98(nan),86.99(0.02),86.97(nan),87.06(0.06),77.10(nan),73.03(nan),86.63(nan),55.84(0.29),54.51(1.93),84.70(0.09),56.33(6.75),84.13(nan),61.05(nan),84.74(0.00),53.92(nan),62.16(nan),85.74(0.10),62.26(nan),69.20(nan),86.98(nan),86.92(nan),86.97(nan),78.83(nan),86.99(nan),86.47(nan),86.59(nan),86.83(nan),87.02(nan),86.69(0.10),86.69(0.11),86.96(0.05),86.91(0.08),86.97(0.06),86.83(0.08),79.45(0.93),57.17(0.95),52.87(nan),42.20(nan),58.47,46.70(0.26),65.68(0.19),
spambase,AUPRC,65.67(nan),80.59(nan),78.66(nan),69.61(nan),81.02(nan),81.01(nan),81.09(nan),81.09(nan),80.92(nan),80.76(nan),80.89(0.20),80.91(0.10),67.30(nan),80.88(nan),80.64(nan),70.70(nan),80.67(nan),81.02(nan),81.02(nan),80.90(0.28),80.83(0.28),80.83(0.21),80.88(0.22),80.84(0.26),80.78(0.28),80.86(0.25),80.89(nan),80.92(0.22),80.76(nan),80.87(nan),81.10(nan),80.94(nan),68.17(1.20),81.01(0.13),68.24(0.77),81.18(nan),81.16(nan),81.01(0.17),81.02(nan),81.12(0.19),66.93(nan),62.14(nan),80.60(nan),49.19(0.36),42.03(1.26),78.18(0.12),46.20(7.37),77.43(nan),52.09(nan),76.98(0.00),45.34(nan),53.68(nan),79.44(0.18),54.40(nan),57.37(nan),81.15(nan),81.01(nan),81.13(nan),69.07(nan),81.05(nan),80.48(nan),80.61(nan),80.94(nan),81.07(nan),80.61(0.49),80.60(0.50),80.86(0.08),81.11(0.23),81.18(0.20),80.61(0.14),73.06(1.15),50.32(1.12),41.53(nan),40.96(nan),48.46,37.04(0.25),53.93(0.31),
spambase,Bal. Accuracy,69.50(nan),76.93(nan),75.43(nan),71.03(nan),77.73(nan),77.33(nan),78.31(nan),78.31(nan),77.98(nan),77.98(nan),78.02(0.36),78.10(0.27),68.97(nan),77.35(nan),77.78(nan),67.39(nan),77.73(nan),78.24(nan),78.24(nan),77.81(0.14),77.82(0.19),77.79(0.29),77.88(0.19),77.75(0.25),77.74(0.18),77.75(0.18),77.88(nan),77.89(0.16),78.28(nan),78.19(nan),77.76(nan),77.80(nan),69.44(0.47),78.17(0.44),69.32(0.70),78.17(nan),77.84(nan),78.23(0.48),78.00(nan),78.35(0.42),65.46(nan),60.21(nan),76.92(nan),54.33(0.23),50.23(0.22),75.66(0.31),55.40(4.91),74.67(nan),56.36(nan),71.57(0.00),50.66(nan),59.30(nan),75.18(0.24),58.09(nan),62.52(nan),77.91(nan),77.83(nan),77.80(nan),68.51(nan),77.90(nan),77.60(nan),77.69(nan),77.89(nan),77.63(nan),78.15(0.49),78.14(0.50),78.60(0.15),78.61(0.08),79.03(0.27),77.46(0.23),71.46(0.85),55.53(0.77),50.68(nan),54.87(nan),64.34,48.94(0.09),59.88(0.29),
spambase,Time,3.04(nan),3.27(nan),3.45(nan),17.06(nan),50.33(nan),61.30(nan),61.23(nan),56.94(nan),32.56(nan),67.38(nan),5.21(0.04),31.03(0.99),12.73(nan),13.05(nan),7.95(nan),15.81(nan),15.83(nan),61.79(nan),63.00(nan),18.25(0.33),10.24(0.13),9.18(0.07),14.92(0.12),10.38(0.14),7.41(0.04),9.75(0.15),30.01(nan),4.39(0.04),16.53(nan),60.21(nan),56.97(nan),28.96(nan),48.61(1.87),24.84(0.64),36.59(0.87),38.58(nan),44.99(nan),22.21(0.07),32.71(nan),19.78(0.10),15.33(nan),13.84(nan),11.70(nan),52.56(5.17),47.70(0.15),20.84(0.92),24.79(0.44),22.58(nan),58.00(nan),89.61(0.09),27.02(nan),31.76(nan),181.03(0.67),215.22(nan),37.77(nan),20.09(nan),17.27(nan),17.04(nan),3.84(nan),4.08(nan),6.43(nan),8.09(nan),11.52(nan),23.69(nan),45.83(1.84),29.59(1.51),3.96(0.03),54.39(4.16),40.82(1.58),62.47(3.91),110.84(0.35),16.73(0.08),16.31(nan),1.27(nan),0.22,7.74(0.06),36.91(0.56),
susy,Num. Errors,,,,,,,,,,,359281.33(65.04),367067.33(141.23),,,,,,,,,,,,,,,,366772.33(58.82),,,,,363309.33(1085.57),359359.00(68.64),362682.33(352.98),,,359392.00(117.22),,359712.33(212.49),,,,365869.33(279.86),,358763.67(26.31),357484.00(154.52),,,407285.00(0.00),,,375271.00(639.50),,,,,,,,,,,,,,,,,,361322.00(416.51),362768.67(2449.25),,499125.00(0.00),504062.0,495035.33(125.83),,356957.33(87.08)
susy,Accuracy,,,,,,,,,,,64.07(0.01),63.29(0.01),,,,,,,,,,,,,,,,63.32(0.01),,,,,63.67(0.11),64.06(0.01),63.73(0.04),,,64.06(0.01),,64.03(0.02),,,,63.41(0.03),,64.12(0.00),64.25(0.02),,,59.27(0.00),,,62.47(0.06),,,,,,,,,,,,,,,,,,63.87(0.04),63.72(0.24),,50.09(0.00),49.59,50.50(0.01),,64.30(0.01)
susy,AUROC,,,,,,,,,,,69.66(0.00),69.04(0.00),,,,,,,,,,,,,,,,69.07(0.00),,,,,68.94(0.06),69.64(0.01),69.00(0.02),,,69.63(0.01),,69.58(0.01),,,,68.94(0.04),,69.53(0.01),69.73(0.04),,,63.12(0.00),,,67.57(0.04),,,,,,,,,,,,,,,,,,69.58(0.09),69.20(0.13),,48.77(0.00),56.26,49.42(0.01),,69.81(0.00)
susy,AUPRC,,,,,,,,,,,68.23(0.00),67.62(0.01),,,,,,,,,,,,,,,,67.64(0.00),,,,,67.57(0.05),68.21(0.01),67.62(0.02),,,68.19(0.02),,68.15(0.01),,,,67.59(0.04),,68.07(0.01),68.33(0.04),,,59.96(0.00),,,66.01(0.05),,,,,,,,,,,,,,,,,,68.07(0.13),67.43(0.08),,54.51(0.00),57.31,45.23(0.01),,68.37(0.01)
susy,Bal. Accuracy,,,,,,,,,,,62.65(0.01),61.59(0.01),,,,,,,,,,,,,,,,61.56(0.01),,,,,62.08(0.18),62.61(0.01),62.19(0.04),,,62.60(0.02),,62.53(0.06),,,,61.72(0.03),,62.56(0.03),62.75(0.03),,,58.45(0.00),,,61.17(0.05),,,,,,,,,,,,,,,,,,62.53(0.06),61.89(0.29),,51.23(0.00),51.12,49.38(0.01),,62.86(0.01)
susy,Time,,,,,,,,,,,1328.25(5.22),5135.87(39.93),,,,,,,,,,,,,,,,1025.92(8.00),,,,,15645.27(196.62),7918.17(90.08),3964.79(18.90),,,4477.31(41.16),,4582.95(41.88),,,,11784.26(305.18),,4307.86(36.33),5840.17(667.82),,,3735.12(31.42),,,14556.01(3395.84),,,,,,,,,,,,,,,,,,23898.63(23.64),3865.04(362.87),,53.04(0.38),38.51,11357.84(891.65),,4220.62(400.68)
svmguide3,Num. Errors,296.00(nan),294.00(nan),290.00(nan),306.00(nan),293.00(nan),292.00(nan),297.00(nan),297.00(nan),289.00(nan),294.00(nan),289.80(1.48),291.40(3.65),303.00(nan),293.00(nan),288.00(nan),303.00(nan),292.00(nan),291.00(nan),291.00(nan),294.20(1.30),295.00(1.41),294.00(1.58),295.60(1.34),294.60(1.14),294.40(3.05),294.60(1.14),290.00(nan),294.20(1.30),297.00(nan),293.00(nan),291.00(nan),290.00(nan),297.80(2.95),291.40(3.51),297.80(2.95),290.00(nan),292.00(nan),291.00(3.54),296.00(nan),291.40(4.04),310.00(nan),298.00(nan),292.00(nan),310.80(20.38),311.40(21.01),292.20(2.28),297.20(0.84),289.00(nan),299.00(nan),285.00(0.00),296.00(nan),298.00(nan),291.80(2.28),299.00(nan),309.00(nan),288.00(nan),287.00(nan),287.00(nan),300.00(nan),296.00(nan),294.00(nan),294.00(nan),295.00(nan),292.00(nan),290.40(5.37),290.40(5.37),294.20(1.30),293.60(5.77),289.00(10.12),296.40(7.37),305.40(5.13),319.80(18.66),336.00(nan),596.00(0.00),351.0,338.60(2.97),298.00(0.71),
svmguide3,Accuracy,76.19(nan),76.35(nan),76.67(nan),75.38(nan),76.43(nan),76.51(nan),76.11(nan),76.11(nan),76.75(nan),76.35(nan),76.69(0.12),76.56(0.29),75.62(nan),76.43(nan),76.83(nan),75.62(nan),76.51(nan),76.59(nan),76.59(nan),76.33(0.10),76.27(0.11),76.35(0.13),76.22(0.11),76.30(0.09),76.32(0.25),76.30(0.09),76.67(nan),76.33(0.10),76.11(nan),76.43(nan),76.59(nan),76.67(nan),76.04(0.24),76.56(0.28),76.04(0.24),76.67(nan),76.51(nan),76.59(0.28),76.19(nan),76.56(0.32),75.06(nan),76.03(nan),76.51(nan),75.00(1.64),74.95(1.69),76.49(0.18),76.09(0.07),76.75(nan),75.95(nan),77.07(0.00),76.19(nan),76.03(nan),76.52(0.18),75.95(nan),75.14(nan),76.83(nan),76.91(nan),76.91(nan),75.86(nan),76.19(nan),76.35(nan),76.35(nan),76.27(nan),76.51(nan),76.64(0.43),76.64(0.43),76.33(0.10),76.38(0.46),76.75(0.81),76.15(0.59),75.43(0.41),74.27(1.50),72.97(nan),52.05(0.00),71.76,72.74(0.24),76.03(0.06),
svmguide3,AUROC,54.48(nan),56.91(nan),55.35(nan),54.26(nan),58.09(nan),57.61(nan),58.58(nan),58.58(nan),58.37(nan),58.23(nan),56.87(1.02),57.30(1.13),54.99(nan),57.78(nan),58.26(nan),54.66(nan),57.48(nan),58.76(nan),58.76(nan),57.33(1.24),57.25(1.35),57.33(1.24),57.07(1.24),57.33(1.28),57.47(0.90),57.31(1.37),58.73(nan),57.66(1.17),57.57(nan),58.76(nan),58.24(nan),58.69(nan),54.27(0.76),57.24(1.12),54.25(0.73),58.27(nan),58.16(nan),57.31(1.13),58.38(nan),57.19(1.05),51.61(nan),53.87(nan),57.13(nan),48.11(0.29),47.68(1.26),57.09(0.97),52.48(0.20),56.90(nan),54.07(nan),57.31(0.00),49.63(nan),54.13(nan),58.67(0.45),53.78(nan),55.61(nan),57.95(nan),58.53(nan),58.45(nan),55.48(nan),59.06(nan),57.97(nan),57.92(nan),57.74(nan),57.08(nan),57.71(1.48),57.71(1.48),57.66(1.17),57.52(1.44),58.23(1.50),57.03(1.73),54.86(0.94),48.54(0.65),47.27(nan),48.51(0.00),53.45,48.06(0.14),56.33(0.25),
svmguide3,AUPRC,78.03(nan),79.13(nan),79.42(nan),78.45(nan),79.63(nan),79.47(nan),79.83(nan),79.83(nan),79.77(nan),79.95(nan),78.86(0.69),79.10(0.73),78.57(nan),79.51(nan),79.71(nan),78.50(nan),79.51(nan),79.88(nan),79.88(nan),79.20(1.00),79.30(0.96),79.20(1.00),79.23(0.99),79.32(0.93),79.34(0.76),79.31(0.96),80.07(nan),79.31(0.97),79.64(nan),80.01(nan),79.84(nan),80.05(nan),78.00(0.39),79.03(0.77),77.99(0.38),79.74(nan),79.78(nan),79.05(0.77),79.82(nan),78.92(0.71),77.05(nan),77.83(nan),77.98(nan),74.89(0.27),74.36(1.25),79.15(0.47),77.25(0.17),77.85(nan),77.13(nan),80.50(0.00),75.90(nan),77.21(nan),79.84(0.20),76.72(nan),77.99(nan),79.17(nan),79.55(nan),79.58(nan),78.60(nan),80.71(nan),79.98(nan),80.00(nan),79.89(nan),79.42(nan),79.37(0.87),79.37(0.87),79.31(0.97),79.30(0.81),79.48(0.75),78.90(1.27),78.42(0.49),74.97(0.70),73.64(nan),81.30(0.00),77.23,75.08(0.12),79.32(0.21),
svmguide3,Bal. Accuracy,50.00(nan),50.57(nan),51.48(nan),50.28(nan),52.95(nan),52.88(nan),53.43(nan),53.43(nan),53.39(nan),53.94(nan),51.95(0.76),51.87(1.00),50.09(nan),52.36(nan),53.21(nan),50.21(nan),52.30(nan),53.86(nan),53.86(nan),51.33(0.60),51.19(0.71),51.36(0.65),51.18(0.66),51.33(0.57),51.55(0.30),51.28(0.63),53.22(nan),51.33(0.57),53.20(nan),53.06(nan),53.17(nan),53.22(nan),50.02(0.11),51.94(0.94),50.02(0.11),53.34(nan),52.88(nan),51.96(0.89),52.79(nan),52.05(0.70),49.73(nan),49.89(nan),51.14(nan),50.26(0.37),50.42(0.35),51.41(0.52),50.01(0.14),52.34(nan),50.07(nan),52.32(0.00),50.00(nan),50.01(nan),53.38(0.22),50.31(nan),52.45(nan),51.82(nan),52.22(nan),51.98(nan),50.02(nan),51.63(nan),51.27(nan),51.27(nan),51.21(nan),51.37(nan),52.32(0.44),52.32(0.44),51.33(0.57),51.82(0.54),53.37(0.93),51.35(0.92),50.66(0.41),50.21(0.40),49.28(nan),51.69(0.00),52.09,49.54(0.43),49.89(0.04),
svmguide3,Time,0.66(nan),0.73(nan),0.89(nan),4.21(nan),10.20(nan),12.30(nan),12.59(nan),11.85(nan),6.29(nan),15.08(nan),1.28(0.01),6.57(0.15),3.30(nan),3.34(nan),1.93(nan),3.99(nan),4.06(nan),13.89(nan),14.23(nan),4.55(0.07),2.51(0.08),2.34(0.01),3.61(0.04),2.44(0.01),1.89(0.01),2.28(0.03),5.85(nan),1.08(0.02),4.34(nan),11.51(nan),10.20(nan),5.86(nan),6.39(0.14),4.98(0.10),7.21(0.23),9.49(nan),11.11(nan),5.54(0.04),5.93(nan),5.04(0.06),3.21(nan),3.02(nan),2.99(nan),12.79(0.19),12.79(0.02),5.00(0.11),9.35(0.59),6.06(nan),8.63(nan),12.28(0.09),3.90(nan),5.11(nan),27.43(0.09),31.63(nan),4.03(nan),5.23(nan),4.48(nan),4.38(nan),0.98(nan),1.03(nan),1.65(nan),2.07(nan),3.01(nan),5.76(nan),5.40(0.18),5.40(0.18),0.99(0.01),6.30(0.26),6.38(0.23),15.74(0.58),29.97(0.35),3.35(0.03),3.66(nan),0.14(0.00),0.06,1.66(0.01),4.72(0.02),
wbc,Num. Errors,158.00(nan),116.00(nan),122.00(nan),122.00(nan),95.00(nan),95.00(nan),95.00(nan),95.00(nan),94.00(nan),98.00(nan),93.40(3.65),92.20(3.27),132.00(nan),97.00(nan),99.00(nan),130.00(nan),98.00(nan),97.00(nan),97.00(nan),95.80(6.10),95.20(5.76),96.00(6.04),94.20(5.89),95.40(5.77),95.40(5.68),95.20(6.18),97.00(nan),93.20(5.72),104.00(nan),96.00(nan),93.00(nan),97.00(nan),115.80(14.18),89.80(3.83),115.20(13.99),97.00(nan),97.00(nan),91.40(3.29),95.00(nan),87.80(4.76),106.00(nan),116.00(nan),96.00(nan),172.80(28.83),245.20(16.45),97.20(6.83),85.60(1.95),88.00(nan),134.00(nan),111.00(0.00),135.00(nan),133.00(nan),84.40(2.70),108.00(nan),89.00(nan),99.00(nan),97.00(nan),97.00(nan),116.00(nan),86.00(nan),89.00(nan),89.00(nan),91.00(nan),111.00(nan),80.00(4.30),80.00(4.30),80.40(2.79),82.00(2.24),79.00(3.94),92.60(5.32),89.20(4.66),125.20(6.46),165.00(nan),407.00(0.00),363.0,527.20(5.63),115.00(0.00),
wbc,Accuracy,77.40(nan),83.40(nan),82.55(nan),82.55(nan),86.41(nan),86.41(nan),86.41(nan),86.41(nan),86.55(nan),85.98(nan),86.64(0.52),86.81(0.47),81.12(nan),86.12(nan),85.84(nan),81.40(nan),85.98(nan),86.12(nan),86.12(nan),86.29(0.87),86.38(0.82),86.27(0.86),86.52(0.84),86.35(0.83),86.35(0.81),86.38(0.88),86.12(nan),86.67(0.82),85.12(nan),86.27(nan),86.70(nan),86.12(nan),83.43(2.03),87.15(0.55),83.52(2.00),86.12(nan),86.12(nan),86.92(0.47),86.41(nan),87.44(0.68),84.84(nan),83.40(nan),86.27(nan),75.28(4.12),64.92(2.35),86.09(0.98),87.75(0.28),87.41(nan),80.83(nan),84.12(0.00),80.69(nan),80.97(nan),87.93(0.39),84.55(nan),87.27(nan),85.84(nan),86.12(nan),86.12(nan),83.40(nan),87.70(nan),87.27(nan),87.27(nan),86.98(nan),84.12(nan),88.56(0.62),88.56(0.62),88.50(0.40),88.27(0.32),88.70(0.56),86.75(0.76),87.24(0.67),82.09(0.92),76.39(nan),41.77(0.00),48.07,24.47(0.81),83.55(0.00),
wbc,AUROC,81.42(nan),88.52(nan),89.66(nan),88.01(nan),93.21(nan),93.17(nan),93.37(nan),93.37(nan),93.32(nan),93.22(nan),92.70(0.29),92.94(0.10),86.58(nan),92.47(nan),92.71(nan),86.38(nan),92.45(nan),93.07(nan),93.07(nan),92.43(0.28),92.48(0.29),92.41(0.29),92.50(0.29),92.52(0.28),92.74(0.36),92.52(0.28),92.93(nan),92.51(0.25),92.63(nan),93.25(nan),93.34(nan),92.96(nan),86.71(1.10),93.03(0.12),86.71(1.07),92.94(nan),92.90(nan),92.99(0.13),93.40(nan),93.30(0.13),88.65(nan),87.20(nan),92.53(nan),71.66(8.53),57.80(8.01),91.89(0.44),91.10(0.31),93.20(nan),80.76(nan),91.96(0.00),81.97(nan),81.13(nan),94.05(0.17),87.05(nan),93.19(nan),91.93(nan),92.05(nan),92.04(nan),86.54(nan),92.51(nan),92.48(nan),92.48(nan),92.47(nan),90.20(nan),93.98(0.11),93.98(0.11),93.73(0.09),93.79(0.15),93.91(0.14),92.58(0.40),93.45(0.08),85.02(0.58),83.92(nan),52.10(0.00),80.25,41.21(0.91),87.92(0.00),
wbc,AUPRC,78.33(nan),84.18(nan),85.31(nan),84.35(nan),89.32(nan),89.43(nan),89.51(nan),89.51(nan),89.47(nan),89.34(nan),88.50(0.33),88.81(0.19),83.73(nan),88.33(nan),88.62(nan),83.67(nan),88.38(nan),89.07(nan),89.07(nan),88.12(0.46),88.20(0.49),88.09(0.45),88.22(0.49),88.25(0.49),88.62(0.60),88.25(0.49),88.91(nan),88.27(0.44),88.58(nan),89.37(nan),89.48(nan),88.95(nan),83.60(1.26),88.87(0.22),83.63(1.22),89.00(nan),88.92(nan),88.87(0.23),89.53(nan),89.19(0.23),84.97(nan),83.89(nan),88.84(nan),67.29(9.82),41.65(9.35),87.70(0.46),88.23(0.41),89.74(nan),78.71(nan),88.11(0.00),79.60(nan),78.98(nan),90.22(0.17),83.16(nan),89.69(nan),87.81(nan),87.96(nan),87.94(nan),83.15(nan),88.52(nan),88.41(nan),88.42(nan),88.52(nan),86.09(nan),89.86(0.20),89.86(0.20),89.67(0.21),89.69(0.21),89.82(0.21),88.32(0.38),88.91(0.12),80.57(1.02),76.86(nan),46.67(0.00),74.48,28.99(0.65),84.22(0.00),
wbc,Bal. Accuracy,75.28(nan),77.60(nan),75.67(nan),80.29(nan),84.03(nan),84.03(nan),84.12(nan),84.12(nan),84.13(nan),83.60(nan),82.67(0.42),82.99(0.79),79.40(nan),83.32(nan),83.00(nan),79.52(nan),83.21(nan),83.61(nan),83.61(nan),81.85(1.23),81.98(1.13),81.85(1.23),82.07(1.25),81.92(1.15),81.74(1.26),82.00(1.26),83.41(nan),82.37(1.08),82.06(nan),83.72(nan),84.44(nan),83.51(nan),80.73(1.59),83.47(0.50),80.86(1.56),83.51(nan),83.41(nan),83.08(0.55),84.03(nan),83.91(0.36),81.15(nan),79.77(nan),81.75(nan),68.49(2.39),51.23(0.77),81.96(0.96),84.50(0.22),83.41(nan),77.02(nan),77.66(0.00),75.53(nan),77.22(nan),84.36(0.50),81.03(nan),84.09(nan),80.94(nan),81.35(nan),81.35(nan),80.65(nan),83.44(nan),83.11(nan),83.11(nan),82.89(nan),78.05(nan),85.74(0.56),85.74(0.56),85.31(0.64),85.41(0.40),86.46(0.47),82.91(0.67),83.85(0.98),77.07(1.32),66.55(nan),47.90(0.00),52.02,29.38(1.13),80.56(0.00),
wbc,Time,0.36(nan),0.41(nan),0.43(nan),2.30(nan),4.99(nan),6.06(nan),6.47(nan),6.25(nan),2.96(nan),7.88(nan),0.70(0.01),3.29(0.07),1.79(nan),1.84(nan),1.02(nan),2.21(nan),2.22(nan),7.34(nan),7.44(nan),2.32(0.36),1.43(0.02),1.30(0.01),1.98(0.04),1.42(0.04),1.04(0.01),1.30(0.03),2.87(nan),0.60(0.01),2.41(nan),5.30(nan),5.05(nan),2.89(nan),3.09(0.08),2.48(0.02),3.24(0.21),5.15(nan),5.59(nan),2.93(0.01),3.10(nan),2.65(0.02),1.65(nan),1.49(nan),1.50(nan),7.28(0.14),7.26(0.03),2.53(0.02),3.36(0.01),3.39(nan),3.19(nan),4.27(0.02),1.44(nan),2.10(nan),10.72(0.03),10.97(nan),1.16(nan),2.71(nan),2.24(nan),2.17(nan),0.53(nan),0.57(nan),0.90(nan),1.14(nan),1.66(nan),3.07(nan),3.61(0.04),3.61(0.04),0.55(0.00),3.08(0.04),3.08(0.02),8.09(0.04),16.75(0.13),1.88(0.00),2.06(nan),0.04(0.00),0.03,0.10(0.00),2.02(0.05),
wdbc,Num. Errors,286.00(nan),110.00(nan),124.00(nan),263.00(nan),118.00(nan),136.00(nan),109.00(nan),109.00(nan),109.00(nan),116.00(nan),110.20(8.81),109.00(10.07),279.00(nan),118.00(nan),111.00(nan),275.00(nan),139.00(nan),110.00(nan),110.00(nan),110.80(4.71),111.00(5.87),111.80(5.76),114.00(7.18),110.60(5.77),111.60(7.54),110.40(6.39),112.00(nan),112.40(7.16),121.00(nan),109.00(nan),109.00(nan),111.00(nan),274.60(9.21),105.40(10.83),274.80(6.69),123.00(nan),126.00(nan),106.80(10.96),108.00(nan),102.00(9.80),240.00(nan),257.00(nan),103.00(nan),240.60(13.24),220.80(6.46),112.40(10.69),216.20(1.30),99.00(nan),265.00(nan),84.00(0.00),223.00(nan),258.00(nan),79.00(4.18),233.00(nan),100.00(nan),110.00(nan),108.00(nan),108.00(nan),250.00(nan),116.00(nan),118.00(nan),118.00(nan),116.00(nan),115.00(nan),103.20(5.81),103.20(5.81),112.40(7.16),104.00(3.39),97.40(5.41),109.60(13.50),112.40(0.89),221.60(6.58),216.00(nan),237.00(nan),248.0,316.60(10.71),106.20(2.59),
wdbc,Accuracy,49.74(nan),80.67(nan),78.21(nan),53.78(nan),79.26(nan),76.10(nan),80.84(nan),80.84(nan),80.84(nan),79.61(nan),80.63(1.55),80.84(1.77),50.97(nan),79.26(nan),80.49(nan),51.67(nan),75.57(nan),80.67(nan),80.67(nan),80.53(0.83),80.49(1.03),80.35(1.01),79.96(1.26),80.56(1.01),80.39(1.32),80.60(1.12),80.32(nan),80.25(1.26),78.73(nan),80.84(nan),80.84(nan),80.49(nan),51.74(1.62),81.48(1.90),51.70(1.18),78.38(nan),77.86(nan),81.23(1.93),81.02(nan),82.07(1.72),57.82(nan),54.83(nan),81.90(nan),57.72(2.33),61.20(1.13),80.25(1.88),62.00(0.23),82.60(nan),53.43(nan),85.24(0.00),60.81(nan),54.66(nan),86.12(0.74),59.05(nan),82.43(nan),80.67(nan),81.02(nan),81.02(nan),56.06(nan),79.61(nan),79.26(nan),79.26(nan),79.61(nan),79.79(nan),81.86(1.02),81.86(1.02),80.25(1.26),81.72(0.60),82.88(0.95),80.74(2.37),80.25(0.16),61.05(1.16),62.04(nan),58.35(nan),56.41,44.26(1.89),81.34(0.45),
wdbc,AUROC,49.93(nan),87.40(nan),87.86(nan),53.40(nan),88.11(nan),85.87(nan),88.41(nan),88.41(nan),88.83(nan),87.68(nan),88.49(1.51),88.79(1.06),51.48(nan),87.79(nan),88.91(nan),53.13(nan),84.16(nan),88.26(nan),88.26(nan),88.48(1.30),88.59(1.55),88.35(1.56),88.33(1.82),88.70(1.53),88.93(1.37),88.67(1.56),87.97(nan),88.63(1.66),87.66(nan),88.62(nan),89.03(nan),88.04(nan),51.84(1.64),89.14(0.95),51.40(1.17),87.45(nan),87.36(nan),88.98(1.01),89.28(nan),89.69(0.81),56.44(nan),52.21(nan),88.20(nan),50.46(4.03),52.59(2.84),88.73(1.09),50.12(0.27),86.84(nan),49.58(nan),93.38(0.00),54.11(nan),50.01(nan),93.73(0.22),51.31(nan),88.77(nan),87.28(nan),87.18(nan),87.20(nan),52.38(nan),87.98(nan),87.23(nan),87.21(nan),87.14(nan),89.43(nan),89.13(0.75),89.13(0.75),88.63(1.66),88.93(0.81),89.29(0.65),86.91(2.33),88.13(0.52),45.41(1.99),46.43(nan),51.46(nan),64.74,34.78(1.16),89.20(0.23),
wdbc,AUPRC,46.57(nan),82.27(nan),82.53(nan),45.37(nan),82.56(nan),80.04(nan),82.58(nan),82.58(nan),83.32(nan),82.16(nan),83.18(2.10),83.63(1.83),46.04(nan),81.94(nan),83.10(nan),46.34(nan),76.87(nan),82.70(nan),82.70(nan),83.61(1.43),83.77(1.67),83.49(1.72),83.33(2.05),83.96(1.72),84.03(1.59),83.91(1.72),82.13(nan),83.75(1.83),82.03(nan),82.94(nan),83.57(nan),82.24(nan),45.47(1.04),84.20(1.68),45.50(1.69),81.76(nan),81.63(nan),83.88(1.70),83.84(nan),84.88(1.57),48.99(nan),45.80(nan),82.97(nan),39.95(2.96),40.09(2.59),83.70(1.97),38.97(2.49),81.23(nan),43.44(nan),90.78(0.00),53.33(nan),43.68(nan),91.08(0.33),43.14(nan),83.83(nan),82.15(nan),81.91(nan),81.98(nan),47.23(nan),82.60(nan),82.02(nan),82.02(nan),81.96(nan),84.47(nan),84.54(0.52),84.54(0.52),83.75(1.83),83.80(0.48),84.30(0.62),81.48(2.94),80.91(1.38),34.73(0.79),34.07(nan),65.76(nan),60.37,28.65(0.47),84.01(0.58),
wdbc,Bal. Accuracy,48.64(nan),79.52(nan),73.34(nan),52.05(nan),78.97(nan),76.07(nan),79.56(nan),79.56(nan),80.61(nan),77.43(nan),77.76(0.99),78.32(1.34),51.06(nan),77.25(nan),78.13(nan),50.47(nan),73.25(nan),78.75(nan),78.75(nan),75.50(1.28),75.43(1.48),75.28(1.53),74.78(1.90),75.54(1.48),75.29(1.91),75.57(1.62),79.62(nan),75.16(1.87),75.77(nan),80.42(nan),80.61(nan),79.86(nan),50.85(1.38),79.15(1.63),50.71(0.88),77.98(nan),77.56(nan),78.74(1.55),80.85(nan),79.99(1.36),56.04(nan),53.28(nan),78.87(nan),52.68(1.83),51.62(1.46),76.75(1.58),49.83(0.31),80.67(nan),50.53(nan),82.01(0.00),56.70(nan),51.51(nan),84.61(0.75),54.53(nan),80.44(nan),75.97(nan),76.64(nan),76.54(nan),54.45(nan),73.98(nan),73.70(nan),73.70(nan),74.17(nan),75.27(nan),79.34(1.37),79.34(1.37),75.16(1.87),78.88(1.17),80.71(0.97),78.31(2.42),76.33(0.49),49.40(0.32),49.54(nan),48.61(nan),49.17,41.32(1.76),79.30(0.60),
wdbc,Time,0.31(nan),0.33(nan),0.41(nan),1.94(nan),4.34(nan),5.12(nan),5.43(nan),5.20(nan),2.60(nan),6.91(nan),0.60(0.00),2.94(0.09),1.46(nan),1.52(nan),0.92(nan),1.81(nan),1.83(nan),6.19(nan),6.20(nan),1.19(0.08),1.20(0.10),1.10(0.01),1.71(0.02),1.19(0.02),0.88(0.01),1.08(0.01),2.50(nan),0.45(0.00),1.97(nan),4.48(nan),4.50(nan),2.52(nan),2.96(0.28),2.18(0.01),2.87(0.26),4.47(nan),4.93(nan),2.56(0.02),2.94(nan),2.30(0.02),1.46(nan),1.37(nan),1.39(nan),7.77(0.12),5.93(0.05),2.19(0.01),2.98(0.02),2.78(nan),3.77(nan),6.93(0.03),2.18(nan),2.77(nan),15.12(0.03),17.45(nan),2.31(nan),2.40(nan),2.04(nan),2.06(nan),0.45(nan),0.47(nan),0.76(nan),0.96(nan),1.37(nan),1.74(nan),2.33(0.02),2.32(0.01),0.47(0.02),2.80(0.07),2.63(0.03),6.84(0.02),15.44(0.06),1.94(0.04),1.91(nan),0.09(nan),0.02,0.43(0.00),2.43(0.15),
weather,Num. Errors,6361.00(nan),5506.00(nan),5485.00(nan),6025.00(nan),5497.00(nan),5514.00(nan),5626.00(nan),5626.00(nan),5500.00(nan),5634.00(nan),5515.40(15.53),5528.80(14.69),5877.00(nan),5523.00(nan),5508.00(nan),5773.00(nan),5507.00(nan),5596.00(nan),5596.00(nan),5528.60(13.26),5521.80(7.01),5516.40(8.93),5513.40(15.84),5524.20(13.68),5525.40(16.09),5514.60(14.71),5538.00(nan),5513.60(13.24),5596.00(nan),5532.00(nan),5505.00(nan),5540.00(nan),5850.20(19.25),5509.60(16.53),5841.40(7.67),5509.00(nan),5508.00(nan),5512.80(13.77),5509.00(nan),5501.40(10.88),5722.00(nan),5839.00(nan),5409.00(nan),5712.80(7.79),5613.80(16.54),5442.80(23.18),5706.40(2.41),5507.00(nan),5997.00(nan),5692.00(0.00),5774.00(nan),5956.00(nan),5618.60(20.76),6008.00(nan),5721.00(nan),5368.00(nan),5416.00(nan),5401.00(nan),5825.00(nan),5505.00(nan),5493.00(nan),5481.00(nan),5482.00(nan),5485.00(nan),5503.00(25.62),5503.00(25.62),5512.60(15.01),5513.00(28.05),5576.00(26.50),5494.00(5.15),5719.60(47.18),5711.40(11.01),5739.00(nan),6212.00(0.00),6936.0,5760.20(8.58),5767.80(63.47),5417.60(24.85)
weather,Accuracy,64.97(nan),69.68(nan),69.79(nan),66.82(nan),69.73(nan),69.63(nan),69.02(nan),69.02(nan),69.71(nan),68.97(nan),69.63(0.09),69.55(0.08),67.64(nan),69.59(nan),69.67(nan),68.21(nan),69.67(nan),69.18(nan),69.18(nan),69.55(0.07),69.59(0.04),69.62(0.05),69.64(0.09),69.58(0.08),69.57(0.09),69.63(0.08),69.50(nan),69.64(0.07),69.18(nan),69.54(nan),69.68(nan),69.49(nan),67.78(0.11),69.66(0.09),67.83(0.04),69.66(nan),69.67(nan),69.64(0.08),69.66(nan),69.70(0.06),68.49(nan),67.85(nan),70.21(nan),68.54(0.04),69.09(0.09),70.03(0.13),68.58(0.01),69.67(nan),66.98(nan),68.65(0.00),68.20(nan),67.20(nan),69.06(0.11),66.91(nan),68.49(nan),70.44(nan),70.17(nan),70.26(nan),67.92(nan),69.68(nan),69.75(nan),69.82(nan),69.81(nan),69.79(nan),69.70(0.14),69.70(0.14),69.64(0.08),69.64(0.15),69.29(0.15),69.75(0.03),68.50(0.26),68.55(0.06),68.40(nan),65.79(0.00),61.8,68.28(0.05),68.24(0.35),70.17(0.14)
weather,AUROC,55.35(nan),68.60(nan),68.80(nan),56.78(nan),68.92(nan),68.60(nan),68.10(nan),68.10(nan),68.81(nan),68.19(nan),68.67(0.09),68.64(0.08),55.54(nan),68.71(nan),68.61(nan),54.02(nan),68.63(nan),68.16(nan),68.16(nan),68.60(0.03),68.66(0.05),68.59(0.02),68.66(0.05),68.65(0.05),68.70(0.12),68.67(0.06),68.65(nan),68.57(0.03),68.17(nan),68.60(nan),68.78(nan),68.62(nan),54.80(0.35),68.89(0.12),54.40(0.48),68.88(nan),68.99(nan),68.89(0.14),68.72(nan),68.83(0.12),60.27(nan),59.03(nan),70.17(nan),54.43(0.73),65.59(0.76),69.38(0.13),50.00(0.01),68.03(nan),55.11(nan),65.54(0.00),52.82(nan),56.02(nan),67.24(0.21),58.59(nan),61.17(nan),70.32(nan),69.95(nan),70.06(nan),54.55(nan),68.54(nan),68.85(nan),68.87(nan),68.67(nan),69.11(nan),69.00(0.13),69.00(0.13),68.57(0.03),68.55(0.11),68.55(0.07),68.68(0.05),65.39(1.23),45.92(0.11),61.42(nan),49.07(0.00),48.29,46.79(0.10),60.78(0.86),70.78(0.07)
weather,AUPRC,35.77(nan),47.34(nan),47.69(nan),36.80(nan),47.45(nan),47.29(nan),46.35(nan),46.35(nan),47.41(nan),46.45(nan),47.15(0.13),47.14(0.09),35.72(nan),47.21(nan),47.08(nan),33.58(nan),47.30(nan),46.41(nan),46.41(nan),47.17(0.08),47.23(0.11),47.16(0.07),47.22(0.11),47.19(0.09),47.27(0.16),47.25(0.11),47.00(nan),47.12(0.05),46.55(nan),47.02(nan),47.22(nan),46.94(nan),35.04(0.25),47.38(0.20),34.68(0.46),47.26(nan),47.34(nan),47.40(0.26),47.31(nan),47.41(0.19),39.36(nan),38.77(nan),49.45(nan),34.95(0.63),44.22(0.58),48.21(0.32),31.33(1.04),46.17(nan),35.39(nan),43.11(0.00),33.81(nan),36.19(nan),45.70(0.28),37.49(nan),40.26(nan),49.54(nan),48.99(nan),49.19(nan),35.10(nan),47.08(nan),47.55(nan),47.56(nan),47.42(nan),47.92(nan),47.55(0.20),47.55(0.20),47.12(0.06),47.17(0.20),47.20(0.16),47.32(0.08),43.42(1.21),28.90(0.32),38.26(nan),61.69(0.00),30.07,28.98(0.06),40.17(0.99),49.87(0.15)
weather,Bal. Accuracy,52.89(nan),55.17(nan),55.33(nan),52.80(nan),55.50(nan),56.00(nan),56.90(nan),56.90(nan),55.24(nan),56.70(nan),55.01(0.23),54.92(0.26),51.32(nan),55.18(nan),55.19(nan),50.14(nan),55.91(nan),57.11(nan),57.11(nan),55.12(0.19),55.14(0.18),55.23(0.19),55.19(0.10),55.08(0.24),55.17(0.26),55.15(0.14),54.90(nan),55.27(0.21),56.94(nan),54.87(nan),55.33(nan),54.95(nan),50.89(0.09),55.03(0.19),50.83(0.16),55.32(nan),55.23(nan),55.06(0.20),55.18(nan),55.22(0.04),51.61(nan),51.62(nan),57.03(nan),50.01(0.03),51.93(0.21),55.77(0.22),50.01(0.01),55.68(nan),51.35(nan),51.46(0.00),50.18(nan),51.77(nan),54.67(0.19),51.86(nan),53.01(nan),56.73(nan),56.12(nan),56.51(nan),50.96(nan),55.23(nan),55.23(nan),55.43(nan),55.53(nan),55.37(nan),55.16(0.25),55.16(0.25),55.25(0.20),55.14(0.21),58.07(0.45),55.50(0.24),54.16(0.76),50.00(0.01),49.99(nan),50.92(0.00),54.34,49.90(0.02),52.71(0.23),57.06(0.22)
weather,Time,9.55(nan),10.63(nan),10.98(nan),64.61(nan),187.78(nan),224.09(nan),228.75(nan),214.49(nan),126.24(nan),247.68(nan),20.20(0.12),91.88(2.45),51.36(nan),52.17(nan),28.39(nan),63.81(nan),63.81(nan),236.07(nan),244.63(nan),77.41(0.76),38.00(0.54),34.89(0.16),68.19(1.95),34.44(0.68),28.31(0.13),35.61(0.73),117.02(nan),17.31(0.24),64.26(nan),240.01(nan),208.40(nan),115.34(nan),125.11(2.64),91.79(2.24),89.18(3.36),139.51(nan),368.20(nan),84.42(5.18),91.86(nan),76.37(4.36),44.97(nan),38.76(nan),40.02(nan),215.34(2.48),187.53(0.59),105.08(9.78),84.24(0.43),88.70(nan),70.32(nan),104.93(0.28),35.17(nan),52.75(nan),181.74(7.94),277.03(nan),28.48(nan),71.85(nan),59.55(nan),60.03(nan),14.81(nan),15.65(nan),24.90(nan),31.36(nan),43.94(nan),95.32(nan),98.18(3.79),98.18(3.79),14.85(0.25),115.83(2.61),132.00(3.15),231.27(3.95),411.88(4.26),48.81(0.29),54.23(nan),0.97(0.03),0.7,103.70(0.24),27.87(0.59),79.57(3.19)
wpbc,Num. Errors,62.00(nan),49.00(nan),49.00(nan),72.00(nan),,,,,,,,,71.00(nan),53.00(nan),53.00(nan),70.00(nan),55.00(nan),,,,,,,,,,,,54.00(nan),,,,,,,,,,,,64.00(nan),59.00(nan),49.00(nan),60.40(2.51),,,53.40(0.89),65.00(nan),62.00(nan),51.00(0.00),76.00(nan),61.00(nan),54.20(2.17),63.00(nan),62.00(nan),62.00(nan),63.00(nan),64.00(nan),60.00(nan),54.00(nan),48.00(nan),48.00(nan),48.00(nan),,,,,,,,47.20(0.45),54.40(5.59),55.00(nan),,,,,
wpbc,Accuracy,68.69(nan),75.25(nan),75.25(nan),63.64(nan),,,,,,,,,64.14(nan),73.23(nan),73.23(nan),64.65(nan),72.22(nan),,,,,,,,,,,,72.73(nan),,,,,,,,,,,,67.68(nan),70.20(nan),75.25(nan),69.49(1.27),,,73.03(0.45),67.17(nan),68.69(nan),74.24(0.00),61.62(nan),69.19(nan),72.63(1.09),68.18(nan),68.69(nan),68.69(nan),68.18(nan),67.68(nan),69.70(nan),72.73(nan),75.76(nan),75.76(nan),75.76(nan),,,,,,,,76.16(0.23),72.53(2.83),72.22(nan),,,,,
wpbc,AUROC,59.79(nan),44.10(nan),48.05(nan),54.45(nan),,,,,,,,,55.25(nan),48.77(nan),49.48(nan),56.38(nan),47.89(nan),,,,,,,,,,,,48.32(nan),,,,,,,,,,,,56.68(nan),60.15(nan),45.24(nan),53.13(1.17),,,49.40(2.84),47.05(nan),56.98(nan),49.92(0.00),57.60(nan),57.04(nan),54.91(0.73),57.01(nan),41.88(nan),45.26(nan),45.58(nan),45.34(nan),60.62(nan),48.20(nan),48.98(nan),48.72(nan),49.50(nan),,,,,,,,49.40(0.46),52.12(1.52),45.44(nan),,,,,
wpbc,AUPRC,33.91(nan),23.60(nan),22.61(nan),28.25(nan),,,,,,,,,29.41(nan),25.28(nan),25.56(nan),30.75(nan),25.38(nan),,,,,,,,,,,,24.93(nan),,,,,,,,,,,,31.40(nan),31.94(nan),22.82(nan),29.79(1.20),,,26.38(2.34),21.56(nan),34.28(nan),23.39(0.00),32.07(nan),33.97(nan),25.30(0.87),32.35(nan),24.31(nan),22.89(nan),22.85(nan),22.79(nan),34.75(nan),25.33(nan),27.40(nan),27.22(nan),27.56(nan),,,,,,,,23.20(1.02),23.91(1.75),21.65(nan),,,,,
wpbc,Bal. Accuracy,53.83(nan),52.27(nan),50.80(nan),49.05(nan),,,,,,,,,48.65(nan),50.21(nan),50.21(nan),50.44(nan),49.55(nan),,,,,,,,,,,,49.88(nan),,,,,,,,,,,,52.43(nan),57.02(nan),51.54(nan),50.11(0.92),,,49.93(1.40),46.24(nan),55.29(nan),49.41(0.00),51.39(nan),54.89(nan),49.52(1.86),53.49(nan),49.43(nan),46.50(nan),46.17(nan),45.84(nan),53.76(nan),51.35(nan),51.13(nan),51.13(nan),51.13(nan),,,,,,,,49.93(0.15),49.89(2.45),50.28(nan),,,,,
wpbc,Time,0.14(nan),0.14(nan),0.15(nan),0.69(nan),,,,,,,,,0.54(nan),0.55(nan),0.26(nan),0.66(nan),0.66(nan),,,,,,,,,,,,0.70(nan),,,,,,,,,,,,0.51(nan),0.48(nan),0.49(nan),2.05(0.02),,,0.98(0.01),0.99(nan),1.01(nan),2.58(0.01),0.82(nan),1.04(nan),3.64(0.03),6.73(nan),0.86(nan),0.84(nan),0.72(nan),0.72(nan),0.17(nan),0.18(nan),0.27(nan),0.34(nan),0.49(nan),,,,,,,,4.91(0.11),0.61(0.01),0.67(nan),,,,,
