Dataset,metric,CleanMLPFill0,CleanMLPFill0WelfordZScore,CleanMLPMaskInputWelfordZScore,DualNet,DualNetAdaptiveFastGateNoReplayWelfordZScore,DualNetAdaptiveFastGatePrototypeMemoryWelfordZScore,DualNetAdaptiveFastGateTrainStepWelfordZScore,DualNetAdaptiveFastGateWelfordZScore,DualNetAdaptiveFastGateWelfordZScoreDiagnostics,DualNetGradientConflictAdaptiveFastGateWelfordZScoreDiagnostics,DualNetGradientConflictTriggerThresholdAuditAdaptiveFastGateWelfordZScoreDiagnostics,DualNetLearnedReliabilityAdaptiveFastGateWelfordZScore,DualNetNoAdaptiveFastAdapterAdaptiveFastGateWelfordZScoreDiagnostics,DualNetNoMaskFastGateZeroInitScaledSoftBoundedDeltaGradientConflictAdaptiveFastGateWelfordZScoreDiagnostics,DualNetNoReplay,DualNetNoReplayWelfordZScore,DualNetNoReplayWelfordZScoreNoSSL,DualNetPacketT1SlowAugZeroInitScaledSoftBoundedDeltaGradientConflictAdaptiveFastGateWelfordZScoreDiagnostics,DualNetPacketT1SlowLNResidualZeroInitScaledSoftBoundedDeltaGradientConflictAdaptiveFastGateWelfordZScoreDiagnostics,DualNetPrototypeMemory,DualNetPrototypeMemoryWelfordZScore,DualNetReliabilityAdaptiveFastGateWelfordZScore,DualNetReliabilityTrainStepAdaptiveFastGateWelfordZScore,DualNetResidualAdvantageWeightedConsolidationZeroInitScaledSoftBoundedWelfordZScoreDiagnostics,DualNetResidualConsolidationZeroInitScaledSoftBoundedWelfordZScoreDiagnostics,DualNetResidualSelectiveConsolidationWeight1ZeroInitScaledSoftBoundedWelfordZScoreDiagnostics,DualNetResidualUncertaintyAttentiveFastZeroInitScaledSoftBoundedWelfordZScoreDiagnostics,DualNetResidualUncertaintyGatedZeroInitScaledSoftBoundedWelfordZScoreDiagnostics,DualNetResidualWelfordZScoreDiagnostics,DualNetResidualZeroInitScaledSoftBoundedWelfordZScoreDiagnostics,DualNetScaledGradientConflictAdaptiveFastGateWelfordZScoreDiagnostics,DualNetSlowOnlyZeroInitScaledSoftBoundedDeltaGradientConflictAdaptiveFastGateWelfordZScoreDiagnostics,DualNetWelfordZScore,DualNetZeroInitGradientConflictAdaptiveFastGateWelfordZScoreDiagnostics,DualNetZeroInitHardBoundedDeltaGradientConflictAdaptiveFastGateWelfordZScoreDiagnostics,DualNetZeroInitLearnableScaledGradientConflictAdaptiveFastGateWelfordZScoreDiagnostics,DualNetZeroInitScaledGradientConflictAdaptiveFastGateWelfordZScoreDiagnostics,DualNetZeroInitScaledNoSoftBoundedDeltaGradientConflictAdaptiveFastGateNoWelfordZScoreDiagnostics,DualNetZeroInitScaledNoSoftBoundedDeltaGradientConflictAdaptiveFastGateWelfordZScoreDiagnostics,DualNetZeroInitScaledSoftBoundedDeltaGradientConflictAdaptiveFastGateNoWelfordZScoreDiagnostics,DualNetZeroInitScaledSoftBoundedDeltaGradientConflictAdaptiveFastGateSSLWelfordZScoreDiagnostics,DualNetZeroInitScaledSoftBoundedDeltaGradientConflictAdaptiveFastGateTemporalGatedSSLWelfordZScoreDiagnostics,DualNetZeroInitScaledSoftBoundedDeltaGradientConflictAdaptiveFastGateWelfordZScoreDiagnostics,DualNetZeroInitSlowScaleLearnableScaledGradientConflictAdaptiveFastGateWelfordZScoreDiagnostics,DualNetZeroInitSoftBoundedDeltaGradientConflictAdaptiveFastGateWelfordZScoreDiagnostics,DualNetZeroInitSoftBoundedDeltaNoAdapterScaleGradientConflictAdaptiveFastGateWelfordZScoreDiagnostics,DualNetZeroInitTanhBoundedLearnableScaledGradientConflictAdaptiveFastGateWelfordZScoreDiagnostics,DualNetZeroInitTanhBoundedSlowScaleLearnableScaledGradientConflictAdaptiveFastGateWelfordZScoreDiagnostics,FSNet,FSNetEWMAScaler,FSNetFill0,FSNetFill0WelfordZScore,FSNetGradStats,FSNetGradStatsWelfordZScore,FSNetStableTrigger,FSNetStableTriggerWelfordZScore,FSNetWelfordClipZScore,FSNetWelfordZScore,HBP,HBP_WelfordZScore,LateFiLM_S2F1,LateFiLM_S4F1,LateFiLM_S8F1,LateGate_S2F1,MLPZeroInitScaledSoftBoundedDeltaGradientConflictWelfordZScoreDiagnostics,MODL,MODLWelfordZScore,MODL_only_mlpNoScaler,MODL_only_oblr,MODL_only_oblrNoScaler,MODL_only_oblr_mlp,MODL_only_oblr_mlpNoScaler,MODL_three_learners_25Packet,MODL_three_learners_25PacketNoScaler,OVFMWelfordZScore,OneNetFSNetFill0WelfordZScore,OneNetFSNetFixedWeightLazyFSNetWelfordZScore,OneNetFSNetNoBiasWelfordZScore,OneNetFill0,OneNetFill0WelfordZScore,OneNetFixedWeightWelfordZScore,OneNetNoBiasWelfordZScore,OneNetWelfordZScore,OnlineDualNet_Simple,OnlineDualNet_Simple_L1,OnlineDualNet_Simple_L2,OnlineDualNet_Simple_L2_Tune,OnlineDualNet_Simple_L2_Tune_single_lr,OnlineDualNet_Simple_L4,OnlineDualNet_Simple_L8,OnlineNet,OnlineNetFastWelfordSlowRaw,OnlineNetSlowOnlyMLPWelfordZScore,OnlineNetSlowWelfordFastRaw,OnlineNetSlowWelfordFastRawBidirectionalGate,OnlineNetSlowWelfordFastRawConservativeMarginResidual,OnlineNetSlowWelfordFastRawCounterfactualTrustRouter,OnlineNetSlowWelfordFastRawLearnableBidirectionalGate,OnlineNetSlowWelfordFastRawNoAdapter,OnlineNetSlowWelfordFastRawOneNetBase,OnlineNetSlowWelfordFastRawOneNetRawExpert,OnlineNetSlowWelfordFastRawPrequentialLogitAdjustment,OnlineNetSlowWelfordFastRawPrequentialLogitAdjustmentTau01,OnlineNetSlowWelfordFastRawPrequentialLogitAdjustmentTau02,OnlineNetSlowWelfordFastRawPrequentialLogitAdjustmentTau025,OnlineNetSlowWelfordFastRawPrequentialLogitAdjustmentTau025GenericFusionAddition,OnlineNetSlowWelfordFastRawPrequentialLogitAdjustmentTau025GenericFusionConcatenation,OnlineNetSlowWelfordFastRawPrequentialLogitAdjustmentTau025LRTuneSlow0p001Fast0p001,OnlineNetSlowWelfordFastRawPrequentialLogitAdjustmentTau025LRTuneSlow0p001Fast0p005,OnlineNetSlowWelfordFastRawPrequentialLogitAdjustmentTau025LRTuneSlow0p001Fast0p01,OnlineNetSlowWelfordFastRawPrequentialLogitAdjustmentTau025LRTuneSlow0p005Fast0p001,OnlineNetSlowWelfordFastRawPrequentialLogitAdjustmentTau025LRTuneSlow0p005Fast0p005,OnlineNetSlowWelfordFastRawPrequentialLogitAdjustmentTau025LRTuneSlow0p005Fast0p01,OnlineNetSlowWelfordFastRawPrequentialLogitAdjustmentTau025LRTuneSlow0p01Fast0p001,OnlineNetSlowWelfordFastRawPrequentialLogitAdjustmentTau025LRTuneSlow0p01Fast0p005,OnlineNetSlowWelfordFastRawPrequentialLogitAdjustmentTau025LRTuneSlow0p01Fast0p01,OnlineNetSlowWelfordFastRawPrequentialLogitAdjustmentTau025ModulationStrengthLambda0p0,OnlineNetSlowWelfordFastRawPrequentialLogitAdjustmentTau025ModulationStrengthLambdaNeg0p5,OnlineNetSlowWelfordFastRawPrequentialLogitAdjustmentTau025ModulationStrengthLambdaNeg1p0,OnlineNetSlowWelfordFastRawPrequentialLogitAdjustmentTau025ModulationStrengthLambdaPos0p5,OnlineNetSlowWelfordFastRawPrequentialLogitAdjustmentTau025ModulationStrengthLambdaPos1p0,OnlineNetSlowWelfordFastRawPrequentialLogitAdjustmentTau025ModulationStrengthLambdaPos1p5,OnlineNetSlowWelfordFastRawPrequentialLogitAdjustmentTau025ModulationStrengthLambdaPos2p0,OnlineNetSlowWelfordFastRawPrequentialLogitAdjustmentTau025NoCausalContext,OnlineNetSlowWelfordFastRawPrequentialLogitAdjustmentTau025NoFastPathwayV1,OnlineNetSlowWelfordFastRawPrequentialLogitAdjustmentTau025NoFastPathwayV2,OnlineNetSlowWelfordFastRawPrequentialLogitAdjustmentTau05,OnlineNetSlowWelfordFastRawPrequentialMaskViewDistillation,OnlineNetSlowWelfordFastRawPrequentialPriorMargin,OnlineNetSlowWelfordFastRawPrequentialRiskMargin,OnlineNetTune,OnlineNet_WhereFast_LR_Tune,OnlineNet_WhereFast_Tune,RGC-DualNet,RGC-DualNet-v2,RGC-DualNet-v2a,RGC-DualNet-v2a-Tune-probe_views,RGC-DualNet-v3,adam_HI2,adam_bert_online,auxdrop,auxdropWelfordZScore,memory_calibrated_residual,memory_calibrated_residual_FastOnly,memory_calibrated_residual_NoDistill,memory_calibrated_residual_RuleGate,memory_calibrated_residual_StableOnly,olifl,olvf,orf3v,ovfm,ovfm_100,ovfm_20,ovfm_200,ovfm_50,packetLSTM
Agrawal_f1_15000_to_f2_25000_to_f3_35000_to_f4_w1_total50000,Num. Errors,,,,,,,,,,,,,,,,,,,,,,,,,,,,,,,,,,,,,,,,,,,,,,,,,,,,,,,,,,,22000.00(nan),,,,,,,24899.00(nan),,,,,,,,,,,,,,,,,,,,11533.33(153.13),15510.00(300.50),,,,11701.00(nan),,,,,,,,,,,,,,,,,,,,,,,,,,,,,,,,,,,,,,,,,,,,,,,,10753.00(nan),,20011.00(nan),,,,,,,22216.00(nan),23190.0,24924.00(7.00),24303.00(748.25),,,,,
Agrawal_f1_15000_to_f2_25000_to_f3_35000_to_f4_w1_total50000,Accuracy,,,,,,,,,,,,,,,,,,,,,,,,,,,,,,,,,,,,,,,,,,,,,,,,,,,,,,,,,,,56.00(nan),,,,,,,50.20(nan),,,,,,,,,,,,,,,,,,,,76.93(0.31),68.98(0.60),,,,76.60(nan),,,,,,,,,,,,,,,,,,,,,,,,,,,,,,,,,,,,,,,,,,,,,,,,78.49(nan),,59.98(nan),,,,,,,55.57(nan),53.62,50.15(0.01),51.39(1.50),,,,,
Agrawal_f1_15000_to_f2_25000_to_f3_35000_to_f4_w1_total50000,AUROC,,,,,,,,,,,,,,,,,,,,,,,,,,,,,,,,,,,,,,,,,,,,,,,,,,,,,,,,,,,56.39(nan),,,,,,,50.00(nan),,,,,,,,,,,,,,,,,,,,86.94(0.19),77.87(0.83),,,,86.54(nan),,,,,,,,,,,,,,,,,,,,,,,,,,,,,,,,,,,,,,,,,,,,,,,,88.37(nan),,62.07(nan),,,,,,,44.43(nan),50.65,44.47(0.00),48.03(0.59),,,,,
Agrawal_f1_15000_to_f2_25000_to_f3_35000_to_f4_w1_total50000,AUPRC,,,,,,,,,,,,,,,,,,,,,,,,,,,,,,,,,,,,,,,,,,,,,,,,,,,,,,,,,,,53.79(nan),,,,,,,58.24(nan),,,,,,,,,,,,,,,,,,,,87.63(0.16),78.21(0.70),,,,87.33(nan),,,,,,,,,,,,,,,,,,,,,,,,,,,,,,,,,,,,,,,,,,,,,,,,88.62(nan),,58.71(nan),,,,,,,57.74(nan),50.39,46.03(0.02),58.27(1.11),,,,,
Agrawal_f1_15000_to_f2_25000_to_f3_35000_to_f4_w1_total50000,Bal. Accuracy,,,,,,,,,,,,,,,,,,,,,,,,,,,,,,,,,,,,,,,,,,,,,,,,,,,,,,,,,,,56.07(nan),,,,,,,50.00(nan),,,,,,,,,,,,,,,,,,,,76.93(0.31),68.98(0.60),,,,76.59(nan),,,,,,,,,,,,,,,,,,,,,,,,,,,,,,,,,,,,,,,,,,,,,,,,78.49(nan),,59.98(nan),,,,,,,55.57(nan),53.62,49.97(0.01),51.35(1.49),,,,,
Agrawal_f1_15000_to_f2_25000_to_f3_35000_to_f4_w1_total50000,Time,,,,,,,,,,,,,,,,,,,,,,,,,,,,,,,,,,,,,,,,,,,,,,,,,,,,,,,,,,,1157.55(nan),,,,,,,336.02(nan),,,,,,,,,,,,,,,,,,,,487.37(10.65),361.14(11.54),,,,294.79(nan),,,,,,,,,,,,,,,,,,,,,,,,,,,,,,,,,,,,,,,,,,,,,,,,1183.37(nan),,147.47(nan),,,,,,,2.85(nan),2.01,93.68(1.37),97.59(0.45),,,,,
Agrawal_f1_15000_to_f2_25000_to_f3_35000_to_f4_w5000_total50000,Num. Errors,,,,,,,,,,,,,,,,,,,,,,,,,,,,,,,,,,,,,,,,,,,,,,,,,,,,,,,,,,,22412.00(nan),,,,,,,24909.00(nan),,,,,,,,,,,,,,,,,,,,12800.00(135.01),16140.00(406.19),,,,12819.00(nan),,,,,,,,,,,,,,,,,,,,,,,,,,,,,,,,,,,,,,,,,,,,,,,,11602.00(nan),,20569.00(nan),,,,,,,22833.00(nan),23650.0,24943.33(22.23),23177.33(1236.32),,,,,
Agrawal_f1_15000_to_f2_25000_to_f3_35000_to_f4_w5000_total50000,Accuracy,,,,,,,,,,,,,,,,,,,,,,,,,,,,,,,,,,,,,,,,,,,,,,,,,,,,,,,,,,,55.18(nan),,,,,,,50.18(nan),,,,,,,,,,,,,,,,,,,,74.40(0.27),67.72(0.81),,,,74.36(nan),,,,,,,,,,,,,,,,,,,,,,,,,,,,,,,,,,,,,,,,,,,,,,,,76.80(nan),,58.86(nan),,,,,,,54.33(nan),52.7,50.11(0.04),53.65(2.47),,,,,
Agrawal_f1_15000_to_f2_25000_to_f3_35000_to_f4_w5000_total50000,AUROC,,,,,,,,,,,,,,,,,,,,,,,,,,,,,,,,,,,,,,,,,,,,,,,,,,,,,,,,,,,55.53(nan),,,,,,,50.00(nan),,,,,,,,,,,,,,,,,,,,83.82(0.26),75.90(1.01),,,,83.73(nan),,,,,,,,,,,,,,,,,,,,,,,,,,,,,,,,,,,,,,,,,,,,,,,,86.03(nan),,61.02(nan),,,,,,,45.67(nan),50.71,46.31(0.04),51.00(2.55),,,,,
Agrawal_f1_15000_to_f2_25000_to_f3_35000_to_f4_w5000_total50000,AUPRC,,,,,,,,,,,,,,,,,,,,,,,,,,,,,,,,,,,,,,,,,,,,,,,,,,,,,,,,,,,52.85(nan),,,,,,,58.25(nan),,,,,,,,,,,,,,,,,,,,84.37(0.17),76.18(0.95),,,,84.32(nan),,,,,,,,,,,,,,,,,,,,,,,,,,,,,,,,,,,,,,,,,,,,,,,,86.19(nan),,58.01(nan),,,,,,,59.18(nan),50.58,47.25(0.05),58.66(3.49),,,,,
Agrawal_f1_15000_to_f2_25000_to_f3_35000_to_f4_w5000_total50000,Bal. Accuracy,,,,,,,,,,,,,,,,,,,,,,,,,,,,,,,,,,,,,,,,,,,,,,,,,,,,,,,,,,,55.22(nan),,,,,,,50.00(nan),,,,,,,,,,,,,,,,,,,,74.39(0.27),67.72(0.81),,,,74.35(nan),,,,,,,,,,,,,,,,,,,,,,,,,,,,,,,,,,,,,,,,,,,,,,,,76.79(nan),,58.87(nan),,,,,,,54.33(nan),52.7,49.95(0.04),53.62(2.45),,,,,
Agrawal_f1_15000_to_f2_25000_to_f3_35000_to_f4_w5000_total50000,Time,,,,,,,,,,,,,,,,,,,,,,,,,,,,,,,,,,,,,,,,,,,,,,,,,,,,,,,,,,,1182.91(nan),,,,,,,337.20(nan),,,,,,,,,,,,,,,,,,,,480.45(22.82),263.74(3.64),,,,283.70(nan),,,,,,,,,,,,,,,,,,,,,,,,,,,,,,,,,,,,,,,,,,,,,,,,1173.49(nan),,152.00(nan),,,,,,,2.87(nan),2.04,92.04(0.36),99.32(1.93),,,,,
Agrawal_f1_2500_to_f2_2500_w1_total5000,Num. Errors,,,,,,,,,,,,,,,,,,,,,,,,,,,,,,,,,,,,,,,,,,,,,,,,,,,,,,,,,,,2190.00(nan),,,,,,,2355.00(nan),,,,,,,,,,,,,,,,,,,,1554.00(35.51),1940.67(71.56),,,,1575.00(nan),,,,,,,,,,,,,,,,,,,,,,,,,,,,,,,,,,,,,,,,1756.67(25.42),1884.00(38.11),1598.00(68.99),,,,,,1388.00(nan),,2129.00(nan),,,,,,,2302.00(nan),2330.0,2366.67(4.04),2226.33(218.71),,,,,
Agrawal_f1_2500_to_f2_2500_w1_total5000,Accuracy,,,,,,,,,,,,,,,,,,,,,,,,,,,,,,,,,,,,,,,,,,,,,,,,,,,,,,,,,,,56.20(nan),,,,,,,52.90(nan),,,,,,,,,,,,,,,,,,,,68.92(0.71),61.19(1.43),,,,68.50(nan),,,,,,,,,,,,,,,,,,,,,,,,,,,,,,,,,,,,,,,,64.87(0.51),62.32(0.76),68.04(1.38),,,,,,72.24(nan),,57.42(nan),,,,,,,53.96(nan),53.4,52.66(0.08),55.47(4.37),,,,,
Agrawal_f1_2500_to_f2_2500_w1_total5000,AUROC,,,,,,,,,,,,,,,,,,,,,,,,,,,,,,,,,,,,,,,,,,,,,,,,,,,,,,,,,,,60.75(nan),,,,,,,50.05(nan),,,,,,,,,,,,,,,,,,,,77.07(0.85),65.18(1.69),,,,76.68(nan),,,,,,,,,,,,,,,,,,,,,,,,,,,,,,,,,,,,,,,,71.91(1.64),66.04(0.84),76.40(2.03),,,,,,80.99(nan),,60.75(nan),,,,,,,46.39(nan),50.88,42.83(0.08),54.58(4.86),,,,,
Agrawal_f1_2500_to_f2_2500_w1_total5000,AUPRC,,,,,,,,,,,,,,,,,,,,,,,,,,,,,,,,,,,,,,,,,,,,,,,,,,,,,,,,,,,55.59(nan),,,,,,,56.95(nan),,,,,,,,,,,,,,,,,,,,73.45(1.30),64.04(1.86),,,,72.84(nan),,,,,,,,,,,,,,,,,,,,,,,,,,,,,,,,,,,,,,,,67.87(1.80),64.12(1.18),72.78(3.08),,,,,,77.22(nan),,55.54(nan),,,,,,,59.40(nan),48.44,42.13(0.09),55.77(1.84),,,,,
Agrawal_f1_2500_to_f2_2500_w1_total5000,Bal. Accuracy,,,,,,,,,,,,,,,,,,,,,,,,,,,,,,,,,,,,,,,,,,,,,,,,,,,,,,,,,,,56.08(nan),,,,,,,50.05(nan),,,,,,,,,,,,,,,,,,,,69.29(0.70),60.63(1.22),,,,68.91(nan),,,,,,,,,,,,,,,,,,,,,,,,,,,,,,,,,,,,,,,,64.58(0.62),61.85(0.72),68.38(1.41),,,,,,72.34(nan),,56.28(nan),,,,,,,53.61(nan),53.12,49.85(0.08),54.83(3.96),,,,,
Agrawal_f1_2500_to_f2_2500_w1_total5000,Time,,,,,,,,,,,,,,,,,,,,,,,,,,,,,,,,,,,,,,,,,,,,,,,,,,,,,,,,,,,52.06(nan),,,,,,,37.98(nan),,,,,,,,,,,,,,,,,,,,38.79(4.06),30.14(2.94),,,,26.57(nan),,,,,,,,,,,,,,,,,,,,,,,,,,,,,,,,,,,,,,,,10.32(0.14),13.28(0.57),13.95(0.82),,,,,,117.77(nan),,14.96(nan),,,,,,,0.28(nan),0.21,6.00(0.07),9.76(0.03),,,,,
Agrawal_f1_2500_to_f2_2500_w500_total5000,Num. Errors,,,,,,,,,,,,,,,,,,,,,,,,,,,,,,,,,,,,,,,,,,,,,,,,,,,,,,,,,,,2174.00(nan),,,,,,,2355.00(nan),,,,,,,,,,,,,,,,,,,,1593.00(24.76),1951.00(82.87),,,,1612.00(nan),,,,,,,,,,,,,,,,,,,,,,,,,,,,,,,,,,,,,,,,1763.00(29.46),1897.67(27.57),1613.33(47.27),,,,,,1380.00(nan),,2167.00(nan),,,,,,,2304.00(nan),2314.0,2365.67(6.03),2177.67(273.41),,,,,
Agrawal_f1_2500_to_f2_2500_w500_total5000,Accuracy,,,,,,,,,,,,,,,,,,,,,,,,,,,,,,,,,,,,,,,,,,,,,,,,,,,,,,,,,,,56.52(nan),,,,,,,52.90(nan),,,,,,,,,,,,,,,,,,,,68.14(0.50),60.98(1.66),,,,67.76(nan),,,,,,,,,,,,,,,,,,,,,,,,,,,,,,,,,,,,,,,,64.74(0.59),62.05(0.55),67.73(0.95),,,,,,72.40(nan),,56.66(nan),,,,,,,53.92(nan),53.72,52.68(0.12),56.45(5.47),,,,,
Agrawal_f1_2500_to_f2_2500_w500_total5000,AUROC,,,,,,,,,,,,,,,,,,,,,,,,,,,,,,,,,,,,,,,,,,,,,,,,,,,,,,,,,,,60.78(nan),,,,,,,50.05(nan),,,,,,,,,,,,,,,,,,,,76.21(0.94),65.04(1.78),,,,76.03(nan),,,,,,,,,,,,,,,,,,,,,,,,,,,,,,,,,,,,,,,,71.57(1.55),65.71(0.74),75.93(1.39),,,,,,80.53(nan),,59.81(nan),,,,,,,46.49(nan),50.68,43.65(0.08),57.38(6.92),,,,,
Agrawal_f1_2500_to_f2_2500_w500_total5000,AUPRC,,,,,,,,,,,,,,,,,,,,,,,,,,,,,,,,,,,,,,,,,,,,,,,,,,,,,,,,,,,55.83(nan),,,,,,,56.95(nan),,,,,,,,,,,,,,,,,,,,72.91(1.30),64.03(1.92),,,,72.65(nan),,,,,,,,,,,,,,,,,,,,,,,,,,,,,,,,,,,,,,,,67.94(1.60),63.86(1.20),72.63(1.93),,,,,,76.67(nan),,54.59(nan),,,,,,,59.77(nan),47.99,42.56(0.04),57.16(1.27),,,,,
Agrawal_f1_2500_to_f2_2500_w500_total5000,Bal. Accuracy,,,,,,,,,,,,,,,,,,,,,,,,,,,,,,,,,,,,,,,,,,,,,,,,,,,,,,,,,,,56.41(nan),,,,,,,50.05(nan),,,,,,,,,,,,,,,,,,,,68.52(0.51),60.36(1.46),,,,68.16(nan),,,,,,,,,,,,,,,,,,,,,,,,,,,,,,,,,,,,,,,,64.44(0.70),61.52(0.49),68.03(0.95),,,,,,72.49(nan),,55.37(nan),,,,,,,53.52(nan),53.48,49.87(0.12),56.04(5.25),,,,,
Agrawal_f1_2500_to_f2_2500_w500_total5000,Time,,,,,,,,,,,,,,,,,,,,,,,,,,,,,,,,,,,,,,,,,,,,,,,,,,,,,,,,,,,52.01(nan),,,,,,,31.77(nan),,,,,,,,,,,,,,,,,,,,37.57(2.76),22.52(0.66),,,,27.35(nan),,,,,,,,,,,,,,,,,,,,,,,,,,,,,,,,,,,,,,,,11.13(0.40),12.38(0.12),12.17(0.43),,,,,,115.86(nan),,15.58(nan),,,,,,,0.28(nan),0.2,5.95(0.08),9.72(0.01),,,,,
LED_f1_15000_to_f2_25000_to_f3_35000_to_f4_w1_total50000,Num. Errors,,,,,,,,,,,,,,,,,,,,,,,,,,,,,,,,,,,,,,,,,,,,,,,,,,,,,,,,,,,24559.67(149.74),,,,,,,17863.00(20.88),,,,,,,,,,,,,,,,,,,,,,,,,11256.00(43.58),,,11222.00(75.11),,,,,,,,,,,11335.67(60.12),,,,,,,,,,,,,,,,,,,,,,,,,,,,,,,,,,11677.67(28.29),,19512.33(598.55),,,,,,,20137.00(0.00),24220.0,32415.00(37.00),16100.00(0.00),,,,,
LED_f1_15000_to_f2_25000_to_f3_35000_to_f4_w1_total50000,Accuracy,,,,,,,,,,,,,,,,,,,,,,,,,,,,,,,,,,,,,,,,,,,,,,,,,,,,,,,,,,,50.88(0.30),,,,,,,64.27(0.04),,,,,,,,,,,,,,,,,,,,,,,,,77.49(0.09),,,77.56(0.15),,,,,,,,,,,77.33(0.12),,,,,,,,,,,,,,,,,,,,,,,,,,,,,,,,,,76.64(0.06),,60.98(1.20),,,,,,,59.73(0.00),51.56,35.17(0.07),67.80(0.00),,,,,
LED_f1_15000_to_f2_25000_to_f3_35000_to_f4_w1_total50000,AUROC,,,,,,,,,,,,,,,,,,,,,,,,,,,,,,,,,,,,,,,,,,,,,,,,,,,,,,,,,,,52.41(2.55),,,,,,,69.73(0.11),,,,,,,,,,,,,,,,,,,,,,,,,85.59(0.06),,,85.64(0.11),,,,,,,,,,,85.53(0.06),,,,,,,,,,,,,,,,,,,,,,,,,,,,,,,,,,84.38(0.05),,65.62(1.56),,,,,,,40.30(0.00),59.75,46.60(0.01),74.06(0.00),,,,,
LED_f1_15000_to_f2_25000_to_f3_35000_to_f4_w1_total50000,AUPRC,,,,,,,,,,,,,,,,,,,,,,,,,,,,,,,,,,,,,,,,,,,,,,,,,,,,,,,,,,,52.44(2.33),,,,,,,69.06(0.14),,,,,,,,,,,,,,,,,,,,,,,,,85.74(0.07),,,85.80(0.11),,,,,,,,,,,85.69(0.05),,,,,,,,,,,,,,,,,,,,,,,,,,,,,,,,,,84.05(0.08),,66.20(2.66),,,,,,,55.34(0.00),61.23,48.09(0.01),73.88(0.00),,,,,
LED_f1_15000_to_f2_25000_to_f3_35000_to_f4_w1_total50000,Bal. Accuracy,,,,,,,,,,,,,,,,,,,,,,,,,,,,,,,,,,,,,,,,,,,,,,,,,,,,,,,,,,,50.14(0.32),,,,,,,64.27(0.04),,,,,,,,,,,,,,,,,,,,,,,,,77.48(0.08),,,77.55(0.15),,,,,,,,,,,77.32(0.12),,,,,,,,,,,,,,,,,,,,,,,,,,,,,,,,,,76.63(0.06),,60.92(1.26),,,,,,,59.71(0.00),50.86,35.28(0.07),67.78(0.00),,,,,
LED_f1_15000_to_f2_25000_to_f3_35000_to_f4_w1_total50000,Time,,,,,,,,,,,,,,,,,,,,,,,,,,,,,,,,,,,,,,,,,,,,,,,,,,,,,,,,,,,635.55(4.11),,,,,,,245.07(4.11),,,,,,,,,,,,,,,,,,,,,,,,,481.26(37.50),,,492.59(15.23),,,,,,,,,,,625.46(98.24),,,,,,,,,,,,,,,,,,,,,,,,,,,,,,,,,,1382.76(8.10),,169.39(1.04),,,,,,,6.08(0.08),2.4,40.02(3.73),523.84(28.38),,,,,
LED_f1_15000_to_f2_25000_to_f3_35000_to_f4_w5000_total50000,Num. Errors,,,,,,,,,,,,,,,,,,,,,,,,,,,,,,,,,,,,,,,,,,,,,,,,,,,,,,,,,,,24548.67(194.45),,,,,,,17985.33(71.29),,,,,,,,,,,,,,,,,,,,,,,,,11460.67(50.21),,,11420.00(59.63),,,,,,,,,,,11452.67(79.66),,,,,,,,,,,,,,,,,,,,,,,,,,,,,,,,,,11965.67(30.89),,19745.67(761.49),,,,,,,20200.00(0.00),24226.0,32388.33(60.38),16131.00(0.00),,,,,
LED_f1_15000_to_f2_25000_to_f3_35000_to_f4_w5000_total50000,Accuracy,,,,,,,,,,,,,,,,,,,,,,,,,,,,,,,,,,,,,,,,,,,,,,,,,,,,,,,,,,,50.90(0.39),,,,,,,64.03(0.14),,,,,,,,,,,,,,,,,,,,,,,,,77.08(0.10),,,77.16(0.12),,,,,,,,,,,77.09(0.16),,,,,,,,,,,,,,,,,,,,,,,,,,,,,,,,,,76.07(0.06),,60.51(1.52),,,,,,,59.60(0.00),51.55,35.22(0.12),67.74(0.00),,,,,
LED_f1_15000_to_f2_25000_to_f3_35000_to_f4_w5000_total50000,AUROC,,,,,,,,,,,,,,,,,,,,,,,,,,,,,,,,,,,,,,,,,,,,,,,,,,,,,,,,,,,52.32(2.46),,,,,,,69.17(0.20),,,,,,,,,,,,,,,,,,,,,,,,,85.18(0.11),,,85.21(0.09),,,,,,,,,,,85.19(0.10),,,,,,,,,,,,,,,,,,,,,,,,,,,,,,,,,,83.78(0.07),,64.87(2.03),,,,,,,40.42(0.00),59.58,46.68(0.02),74.12(0.00),,,,,
LED_f1_15000_to_f2_25000_to_f3_35000_to_f4_w5000_total50000,AUPRC,,,,,,,,,,,,,,,,,,,,,,,,,,,,,,,,,,,,,,,,,,,,,,,,,,,,,,,,,,,52.38(2.31),,,,,,,68.60(0.25),,,,,,,,,,,,,,,,,,,,,,,,,85.24(0.11),,,85.27(0.07),,,,,,,,,,,85.25(0.09),,,,,,,,,,,,,,,,,,,,,,,,,,,,,,,,,,83.45(0.12),,65.49(2.60),,,,,,,55.46(0.00),60.94,48.08(0.01),74.19(0.00),,,,,
LED_f1_15000_to_f2_25000_to_f3_35000_to_f4_w5000_total50000,Bal. Accuracy,,,,,,,,,,,,,,,,,,,,,,,,,,,,,,,,,,,,,,,,,,,,,,,,,,,,,,,,,,,50.20(0.42),,,,,,,64.03(0.15),,,,,,,,,,,,,,,,,,,,,,,,,77.07(0.10),,,77.15(0.11),,,,,,,,,,,77.09(0.15),,,,,,,,,,,,,,,,,,,,,,,,,,,,,,,,,,76.05(0.06),,60.45(1.58),,,,,,,59.58(0.00),50.88,35.33(0.12),67.71(0.00),,,,,
LED_f1_15000_to_f2_25000_to_f3_35000_to_f4_w5000_total50000,Time,,,,,,,,,,,,,,,,,,,,,,,,,,,,,,,,,,,,,,,,,,,,,,,,,,,,,,,,,,,529.04(1.54),,,,,,,357.00(35.11),,,,,,,,,,,,,,,,,,,,,,,,,445.04(56.28),,,488.30(14.71),,,,,,,,,,,592.31(12.39),,,,,,,,,,,,,,,,,,,,,,,,,,,,,,,,,,1386.61(12.90),,165.59(1.50),,,,,,,6.13(0.08),2.41,38.40(1.93),520.21(20.60),,,,,
LED_f1_2500_to_f2_2500_w1_total5000,Num. Errors,,,,,,,,,,,,,,,,,,,,,,,,,,,,,,,,,,,,,,,,,,,,,,,,,,,,,,,,,,,2522.00(28.48),,,,,,,2082.33(14.15),,,,,,,,,,,,,,,,,,,,,,,,,1311.33(26.84),1599.67(34.82),1333.00(31.43),1317.33(33.86),,,,,,,,,,,1316.00(29.46),,,,,,,,,,,,,,,,,,,,,,,,,,,,,,,,,,1418.33(26.58),,2423.33(80.93),,,,,,,2141.00(0.00),2326.0,3031.33(7.51),1703.00(0.00),1640.00(0.00),1592.00(0.00),2199.00(0.00),1624.00(0.00),
LED_f1_2500_to_f2_2500_w1_total5000,Accuracy,,,,,,,,,,,,,,,,,,,,,,,,,,,,,,,,,,,,,,,,,,,,,,,,,,,,,,,,,,,49.56(0.57),,,,,,,58.35(0.28),,,,,,,,,,,,,,,,,,,,,,,,,73.77(0.54),68.01(0.70),73.34(0.63),73.65(0.68),,,,,,,,,,,73.68(0.59),,,,,,,,,,,,,,,,,,,,,,,,,,,,,,,,,,71.63(0.53),,51.53(1.62),,,,,,,57.18(0.00),53.48,39.36(0.15),65.94(0.00),67.20(0.00),68.16(0.00),56.02(0.00),67.52(0.00),
LED_f1_2500_to_f2_2500_w1_total5000,AUROC,,,,,,,,,,,,,,,,,,,,,,,,,,,,,,,,,,,,,,,,,,,,,,,,,,,,,,,,,,,50.96(4.32),,,,,,,61.09(0.33),,,,,,,,,,,,,,,,,,,,,,,,,81.80(0.41),75.43(0.40),81.60(0.48),81.68(0.49),,,,,,,,,,,81.71(0.48),,,,,,,,,,,,,,,,,,,,,,,,,,,,,,,,,,78.62(0.58),,51.64(2.39),,,,,,,42.89(0.00),58.64,45.63(0.07),71.14(0.00),73.80(0.00),73.92(0.00),58.69(0.00),74.33(0.00),
LED_f1_2500_to_f2_2500_w1_total5000,AUPRC,,,,,,,,,,,,,,,,,,,,,,,,,,,,,,,,,,,,,,,,,,,,,,,,,,,,,,,,,,,50.52(3.35),,,,,,,59.26(0.23),,,,,,,,,,,,,,,,,,,,,,,,,81.82(0.36),75.86(0.35),81.68(0.44),81.72(0.38),,,,,,,,,,,81.71(0.38),,,,,,,,,,,,,,,,,,,,,,,,,,,,,,,,,,77.42(0.81),,51.08(2.40),,,,,,,60.21(0.00),57.42,46.13(0.08),69.38(0.00),72.59(0.00),72.67(0.00),56.96(0.00),73.66(0.00),
LED_f1_2500_to_f2_2500_w1_total5000,Bal. Accuracy,,,,,,,,,,,,,,,,,,,,,,,,,,,,,,,,,,,,,,,,,,,,,,,,,,,,,,,,,,,49.85(0.60),,,,,,,58.36(0.28),,,,,,,,,,,,,,,,,,,,,,,,,73.77(0.54),67.98(0.69),73.33(0.63),73.65(0.68),,,,,,,,,,,73.67(0.59),,,,,,,,,,,,,,,,,,,,,,,,,,,,,,,,,,71.63(0.53),,51.49(1.53),,,,,,,57.11(0.00),53.65,39.18(0.15),65.94(0.00),67.20(0.00),68.16(0.00),56.02(0.00),67.52(0.00),
LED_f1_2500_to_f2_2500_w1_total5000,Time,,,,,,,,,,,,,,,,,,,,,,,,,,,,,,,,,,,,,,,,,,,,,,,,,,,,,,,,,,,64.75(1.32),,,,,,,24.77(0.09),,,,,,,,,,,,,,,,,,,,,,,,,34.94(3.64),36.28(1.98),4.91(0.33),41.00(1.31),,,,,,,,,,,37.15(0.84),,,,,,,,,,,,,,,,,,,,,,,,,,,,,,,,,,136.78(1.32),,16.95(2.99),,,,,,,0.61(0.01),0.24,3.60(0.01),50.60(1.09),52.39(0.39),51.57(0.17),49.86(0.26),52.09(0.16),
LED_f1_2500_to_f2_2500_w500_total5000,Num. Errors,,,,,,,,,,,,,,,,,,,,,,,,,,,,,,,,,,,,,,,,,,,,,,,,,,,,,,,,,,,2518.33(22.59),,,,,,,2068.00(23.39),,,,,,,,,,,,,,,,,,,,,,,,,1312.00(21.63),,,1319.67(35.84),,,,,,,,,,,1312.00(25.71),,,,,,,,,,,,,,,,,,,,,,,,,,,,,,,,,,1409.00(21.93),,2436.00(86.02),,,,,,,2160.00(0.00),2293.0,3017.33(8.08),1672.00(0.00),,,,,
LED_f1_2500_to_f2_2500_w500_total5000,Accuracy,,,,,,,,,,,,,,,,,,,,,,,,,,,,,,,,,,,,,,,,,,,,,,,,,,,,,,,,,,,49.63(0.45),,,,,,,58.64(0.47),,,,,,,,,,,,,,,,,,,,,,,,,73.76(0.43),,,73.61(0.72),,,,,,,,,,,73.76(0.51),,,,,,,,,,,,,,,,,,,,,,,,,,,,,,,,,,71.82(0.44),,51.28(1.72),,,,,,,56.80(0.00),54.14,39.64(0.16),66.56(0.00),,,,,
LED_f1_2500_to_f2_2500_w500_total5000,AUROC,,,,,,,,,,,,,,,,,,,,,,,,,,,,,,,,,,,,,,,,,,,,,,,,,,,,,,,,,,,50.62(4.37),,,,,,,61.30(0.67),,,,,,,,,,,,,,,,,,,,,,,,,81.95(0.37),,,81.88(0.40),,,,,,,,,,,81.88(0.39),,,,,,,,,,,,,,,,,,,,,,,,,,,,,,,,,,78.77(0.53),,51.83(2.41),,,,,,,43.27(0.00),57.99,44.75(0.05),71.81(0.00),,,,,
LED_f1_2500_to_f2_2500_w500_total5000,AUPRC,,,,,,,,,,,,,,,,,,,,,,,,,,,,,,,,,,,,,,,,,,,,,,,,,,,,,,,,,,,50.23(3.52),,,,,,,58.87(0.50),,,,,,,,,,,,,,,,,,,,,,,,,81.81(0.37),,,81.75(0.43),,,,,,,,,,,81.79(0.44),,,,,,,,,,,,,,,,,,,,,,,,,,,,,,,,,,77.68(0.49),,50.86(1.92),,,,,,,60.42(0.00),56.93,45.57(0.04),69.61(0.00),,,,,
LED_f1_2500_to_f2_2500_w500_total5000,Bal. Accuracy,,,,,,,,,,,,,,,,,,,,,,,,,,,,,,,,,,,,,,,,,,,,,,,,,,,,,,,,,,,49.93(0.48),,,,,,,58.64(0.46),,,,,,,,,,,,,,,,,,,,,,,,,73.76(0.44),,,73.60(0.72),,,,,,,,,,,73.75(0.52),,,,,,,,,,,,,,,,,,,,,,,,,,,,,,,,,,71.81(0.43),,51.22(1.69),,,,,,,56.73(0.00),54.31,39.45(0.16),66.56(0.00),,,,,
LED_f1_2500_to_f2_2500_w500_total5000,Time,,,,,,,,,,,,,,,,,,,,,,,,,,,,,,,,,,,,,,,,,,,,,,,,,,,,,,,,,,,63.30(1.11),,,,,,,24.16(0.53),,,,,,,,,,,,,,,,,,,,,,,,,36.08(2.72),,,37.62(2.35),,,,,,,,,,,54.52(2.90),,,,,,,,,,,,,,,,,,,,,,,,,,,,,,,,,,136.89(1.09),,19.55(1.23),,,,,,,0.63(0.04),0.24,3.61(0.01),54.36(3.55),,,,,
LUdata,Num. Errors,524.00(nan),244.00(nan),275.00(nan),401.00(nan),254.00(nan),254.00(nan),259.00(nan),259.00(nan),,250.00(nan),250.00(nan),262.00(nan),255.00(8.86),257.80(12.28),422.00(nan),251.00(nan),245.00(nan),263.00(nan),269.00(nan),413.00(nan),252.00(nan),268.00(nan),268.00(nan),258.80(10.21),257.80(11.14),258.40(9.76),260.00(9.46),256.80(11.45),260.60(9.29),258.20(11.26),244.00(nan),259.00(12.02),273.00(nan),248.00(nan),242.00(nan),241.00(nan),241.00(nan),419.00(13.04),252.00(11.68),416.60(14.77),247.00(nan),251.00(nan),253.60(12.40),243.00(nan),247.00(nan),252.40(10.43),241.00(nan),243.00(nan),614.20(13.81),289.00(nan),549.00(nan),265.00(nan),621.00(nan),278.00(nan),621.00(nan),278.00(nan),265.00(nan),266.00(nan),915.00(15.28),717.60(103.07),254.00(nan),263.00(nan),283.00(nan),256.00(nan),281.00(6.96),511.80(6.22),270.00(nan),522.00(nan),237.00(0.00),471.00(nan),,521.00(nan),230.60(5.46),413.00(nan),253.00(nan),252.00(nan),249.00(nan),248.00(nan),443.00(nan),244.00(nan),250.00(nan),251.00(nan),255.00(nan),240.00(nan),267.00(nan),244.00(nan),251.20(7.69),246.40(11.01),268.00(nan),304.00(nan),250.60(11.72),318.60(5.41),259.00(12.02),250.20(9.58),250.60(10.06),255.00(7.97),250.20(9.58),254.60(7.64),250.60(8.79),250.20(9.58),562.80(26.11),247.00(5.79),248.80(6.91),249.80(10.99),249.00(8.75),281.60(8.96),282.80(6.53),249.00(8.75),252.40(7.09),250.20(6.83),253.20(3.70),255.20(10.38),253.40(7.67),271.00(8.00),285.80(7.60),285.40(11.06),253.20(9.31),253.60(7.77),251.40(9.24),251.00(9.00),249.00(8.75),253.40(6.15),253.80(7.16),435.20(12.93),253.20(9.31),250.20(6.80),251.00(10.79),250.80(10.55),247.20(9.23),249.20(8.35),,263.00(9.75),,255.00(10.84),,,,,374.00(25.37),,921.00(23.28),774.00(nan),332.00(nan),275.00(nan),345.00(nan),960.00(nan),960.00(nan),783.00(nan),602.0,1087.60(10.11),370.00(0.00),508.00(0.00),488.00(0.00),506.00(0.00),506.00(0.00),
LUdata,Accuracy,72.44(nan),87.16(nan),85.53(nan),78.91(nan),86.64(nan),86.64(nan),86.38(nan),86.38(nan),,86.85(nan),86.85(nan),86.22(nan),86.59(0.47),86.44(0.65),77.80(nan),86.80(nan),87.11(nan),86.17(nan),85.85(nan),78.27(nan),86.74(nan),85.90(nan),85.90(nan),86.39(0.54),86.44(0.59),86.41(0.51),86.32(0.50),86.49(0.60),86.29(0.49),86.42(0.59),87.16(nan),86.38(0.63),85.64(nan),86.95(nan),87.27(nan),87.32(nan),87.32(nan),77.96(0.69),86.74(0.61),78.09(0.78),87.01(nan),86.80(nan),86.66(0.65),87.22(nan),87.01(nan),86.72(0.55),87.32(nan),87.22(nan),67.69(0.73),84.80(nan),71.12(nan),86.06(nan),67.33(nan),85.38(nan),67.33(nan),85.38(nan),86.06(nan),86.01(nan),51.87(0.80),62.25(5.42),86.64(nan),86.17(nan),85.11(nan),86.53(nan),85.22(0.37),73.08(0.33),85.80(nan),72.54(nan),87.53(0.00),75.22(nan),,72.59(nan),87.87(0.29),78.27(nan),86.69(nan),86.74(nan),86.90(nan),86.95(nan),76.70(nan),87.16(nan),86.85(nan),86.80(nan),86.59(nan),87.38(nan),85.95(nan),87.16(nan),86.79(0.40),87.04(0.58),85.90(nan),84.01(nan),86.82(0.62),83.24(0.28),86.38(0.63),86.84(0.50),86.82(0.53),86.59(0.42),86.84(0.50),86.61(0.40),86.82(0.46),86.84(0.50),70.39(1.37),87.01(0.30),86.91(0.36),86.86(0.58),86.90(0.46),85.19(0.47),85.12(0.34),86.90(0.46),86.72(0.37),86.84(0.36),86.68(0.19),86.58(0.55),86.67(0.40),85.74(0.42),84.97(0.40),84.99(0.58),86.68(0.49),86.66(0.41),86.78(0.49),86.80(0.47),86.90(0.46),86.67(0.32),86.65(0.38),77.11(0.68),86.68(0.49),86.84(0.36),86.80(0.57),86.81(0.55),87.00(0.49),86.89(0.44),,86.17(0.51),,86.59(0.57),,,,,80.33(1.33),,51.55(1.22),59.28(nan),82.54(nan),85.53(nan),81.85(nan),49.50(nan),49.50(nan),58.81(nan),68.33,42.76(0.53),80.54(0.00),73.28(0.00),74.33(0.00),73.38(0.00),73.38(0.00),
LUdata,AUROC,78.02(nan),95.21(nan),94.34(nan),87.60(nan),95.10(nan),95.04(nan),94.60(nan),94.60(nan),,95.25(nan),95.25(nan),94.71(nan),94.94(0.23),94.90(0.22),83.89(nan),95.10(nan),95.25(nan),94.98(nan),94.88(nan),84.37(nan),95.17(nan),94.34(nan),94.34(nan),94.75(0.21),94.80(0.17),94.75(0.20),94.77(0.20),94.78(0.20),94.76(0.19),94.77(0.18),95.22(nan),94.75(0.22),94.49(nan),95.25(nan),95.23(nan),95.26(nan),95.21(nan),84.07(0.63),94.95(0.22),84.20(0.61),95.07(nan),95.04(nan),94.97(0.18),95.26(nan),95.26(nan),95.01(0.19),95.26(nan),95.26(nan),75.01(0.88),93.11(nan),76.75(nan),94.96(nan),72.79(nan),93.75(nan),72.79(nan),93.75(nan),94.26(nan),94.12(nan),53.47(3.46),71.36(6.37),95.14(nan),94.75(nan),93.92(nan),95.08(nan),93.83(0.21),77.23(0.16),93.49(nan),77.94(nan),95.67(0.00),79.34(nan),,78.17(nan),95.84(0.07),86.02(nan),94.31(nan),95.05(nan),95.11(nan),95.12(nan),81.48(nan),94.93(nan),94.95(nan),94.99(nan),94.86(nan),95.25(nan),95.00(nan),94.95(nan),94.92(0.08),95.17(0.12),94.45(nan),92.73(nan),94.85(0.13),92.59(0.28),94.75(0.22),94.87(0.18),94.90(0.11),94.75(0.12),94.87(0.18),94.79(0.12),94.88(0.14),94.87(0.18),78.60(1.28),94.85(0.14),94.89(0.16),94.85(0.18),94.87(0.16),94.01(0.24),94.13(0.26),94.87(0.16),94.90(0.08),94.90(0.12),95.05(0.23),94.84(0.21),94.87(0.19),93.93(0.15),93.50(0.33),93.37(0.28),94.78(0.11),94.78(0.11),94.78(0.11),94.86(0.15),94.87(0.16),94.85(0.16),94.79(0.14),83.75(0.70),94.78(0.11),94.72(0.08),94.87(0.14),94.86(0.12),94.88(0.13),94.86(0.17),,94.89(0.08),,94.88(0.09),,,,,89.95(1.59),,52.82(1.69),69.21(nan),90.79(nan),94.88(nan),90.34(nan),49.11(nan),49.11(nan),41.15(nan),56.03,43.47(0.24),89.33(0.00),78.47(0.00),79.90(0.00),78.54(0.00),78.99(0.00),
LUdata,AUPRC,81.93(nan),95.23(nan),94.23(nan),88.73(nan),95.11(nan),94.94(nan),94.59(nan),94.59(nan),,95.33(nan),95.33(nan),94.69(nan),94.93(0.24),94.91(0.12),87.08(nan),95.12(nan),95.27(nan),94.98(nan),94.91(nan),87.58(nan),95.21(nan),94.24(nan),94.24(nan),94.75(0.22),94.80(0.18),94.75(0.21),94.78(0.21),94.78(0.20),94.71(0.20),94.79(0.19),95.19(nan),94.77(0.22),94.47(nan),95.27(nan),95.21(nan),95.33(nan),95.25(nan),87.36(0.38),94.96(0.21),87.48(0.39),94.92(nan),94.98(nan),95.00(0.16),95.29(nan),95.32(nan),95.01(0.20),95.33(nan),95.29(nan),76.09(0.60),92.95(nan),80.54(nan),95.01(nan),73.73(nan),93.70(nan),73.73(nan),93.70(nan),94.21(nan),94.02(nan),52.55(3.19),69.66(6.08),95.06(nan),94.63(nan),93.48(nan),95.01(nan),93.69(0.28),79.92(0.40),93.64(nan),80.47(nan),95.96(0.00),83.13(nan),,80.89(nan),95.90(0.08),86.21(nan),94.32(nan),95.12(nan),95.14(nan),95.15(nan),85.67(nan),94.86(nan),94.80(nan),94.86(nan),94.70(nan),95.25(nan),95.04(nan),94.89(nan),94.89(0.22),95.21(0.15),94.54(nan),92.75(nan),94.86(0.07),92.72(0.24),94.77(0.22),94.90(0.14),94.93(0.11),94.78(0.15),94.90(0.14),94.82(0.13),94.92(0.12),94.90(0.14),79.69(1.19),94.92(0.08),94.92(0.10),94.90(0.16),94.90(0.13),94.09(0.25),94.25(0.28),94.90(0.13),94.91(0.11),94.94(0.15),95.11(0.20),94.86(0.23),94.92(0.15),93.81(0.16),93.46(0.51),93.41(0.20),94.81(0.15),94.83(0.12),94.84(0.12),94.91(0.15),94.90(0.13),94.86(0.13),94.83(0.09),86.91(0.60),94.81(0.15),94.72(0.12),94.90(0.13),94.87(0.07),94.91(0.11),94.92(0.16),,94.91(0.13),,94.96(0.06),,,,,89.45(1.68),,51.40(2.23),65.25(nan),90.01(nan),94.67(nan),89.48(nan),47.33(nan),47.33(nan),53.94(nan),55.26,43.85(0.16),90.00(0.00),81.41(0.00),84.06(0.00),82.11(0.00),83.01(0.00),
LUdata,Bal. Accuracy,72.28(nan),87.10(nan),85.51(nan),78.69(nan),86.58(nan),86.58(nan),86.33(nan),86.33(nan),,86.79(nan),86.79(nan),86.15(nan),86.54(0.45),86.40(0.63),77.51(nan),86.75(nan),87.06(nan),86.11(nan),85.85(nan),77.97(nan),86.68(nan),85.85(nan),85.85(nan),86.36(0.53),86.41(0.58),86.38(0.51),86.30(0.49),86.46(0.60),86.25(0.47),86.39(0.59),87.11(nan),86.35(0.62),85.59(nan),86.89(nan),87.22(nan),87.27(nan),87.27(nan),77.69(0.65),86.71(0.61),77.81(0.75),86.96(nan),86.75(nan),86.62(0.64),87.17(nan),86.95(nan),86.68(0.54),87.27(nan),87.17(nan),67.57(0.69),84.75(nan),70.94(nan),85.99(nan),67.19(nan),85.34(nan),67.19(nan),85.34(nan),85.99(nan),85.95(nan),50.57(0.79),61.39(5.61),86.61(nan),86.15(nan),85.05(nan),86.46(nan),85.19(0.38),72.93(0.33),85.72(nan),72.49(nan),87.37(0.00),74.77(nan),,72.53(nan),87.86(0.29),78.23(nan),86.57(nan),86.73(nan),86.89(nan),86.94(nan),76.42(nan),87.13(nan),86.82(nan),86.77(nan),86.55(nan),87.33(nan),85.87(nan),87.09(nan),86.75(0.38),87.01(0.58),85.84(nan),83.85(nan),86.78(0.62),83.18(0.29),86.35(0.62),86.80(0.49),86.78(0.53),86.55(0.41),86.80(0.49),86.57(0.40),86.78(0.45),86.80(0.49),70.26(1.38),87.01(0.29),86.88(0.33),86.83(0.56),86.87(0.43),85.14(0.46),85.10(0.37),86.87(0.43),86.70(0.37),86.81(0.39),86.67(0.19),86.57(0.54),86.67(0.39),85.76(0.40),84.95(0.41),84.95(0.60),86.66(0.48),86.64(0.40),86.75(0.47),86.77(0.48),86.87(0.43),86.64(0.32),86.62(0.37),76.87(0.68),86.66(0.48),86.81(0.36),86.78(0.55),86.77(0.56),86.97(0.47),86.86(0.43),,86.11(0.53),,86.55(0.59),,,,,80.21(1.34),,50.88(0.91),58.68(nan),82.43(nan),85.36(nan),81.78(nan),49.73(nan),49.73(nan),58.88(nan),68.3,42.19(0.54),80.43(0.00),73.24(0.00),74.27(0.00),73.34(0.00),73.35(0.00),
LUdata,Time,1.01(nan),1.14(nan),1.38(nan),6.53(nan),18.35(nan),20.56(nan),21.59(nan),20.33(nan),,11.43(nan),12.22(nan),26.16(nan),2.07(0.01),8.09(0.08),5.19(nan),5.18(nan),3.16(nan),72.42(nan),95.75(nan),6.39(nan),6.28(nan),23.28(nan),23.73(nan),3.60(0.04),4.24(0.09),3.65(0.01),5.66(0.05),8.42(0.14),2.97(0.03),3.20(0.01),11.11(nan),1.79(0.09),6.71(nan),15.92(nan),17.53(nan),20.56(nan),11.21(nan),17.41(0.90),10.55(0.21),9.22(0.45),15.31(nan),16.12(nan),10.28(0.44),16.62(nan),17.06(nan),9.28(0.18),16.40(nan),13.19(nan),6.85(0.46),6.78(nan),4.84(nan),4.64(nan),7.01(nan),5.56(nan),8.13(nan),5.16(nan),9.10(nan),6.73(nan),21.57(1.10),19.94(0.08),5.79(nan),6.51(nan),7.97(nan),5.65(nan),9.73(0.55),10.51(0.16),9.47(nan),34.12(nan),40.36(0.32),16.39(nan),,18.33(nan),66.09(0.10),64.72(nan),7.79(nan),8.07(nan),6.76(nan),6.85(nan),1.53(nan),1.59(nan),2.49(nan),3.26(nan),4.51(nan),14.00(nan),6.42(nan),11.88(nan),13.26(0.44),17.39(2.29),27.03(nan),52.58(nan),13.94(3.28),13.61(1.50),1.55(0.03),17.34(1.01),10.71(0.31),13.34(0.65),16.92(1.57),12.05(0.63),8.80(0.11),14.89(0.39),2.36(0.11),17.89(0.44),12.92(0.90),17.04(0.75),13.74(0.54),12.22(0.55),13.13(0.11),11.66(0.68),22.24(0.98),25.68(1.34),18.81(1.77),14.71(0.43),14.77(0.43),19.06(1.34),24.68(0.87),14.46(0.59),12.72(0.26),15.27(0.84),15.05(0.69),12.64(0.78),12.25(0.36),13.79(0.61),15.31(0.49),11.85(0.67),1.61(0.01),2.47(0.02),15.26(0.98),19.63(1.75),16.75(0.72),15.01(1.33),,6.31(0.16),,26.34(2.07),,,,,56.37(2.12),,8.06(0.34),6.75(nan),128.18(nan),3.19(nan),127.59(nan),126.99(nan),120.03(nan),0.32(nan),0.1,2.37(0.03),26.69(0.37),22.97(0.15),22.97(0.09),23.12(0.04),22.99(0.18),
SEA_f1_15000_to_f2_25000_to_f3_35000_to_f4_w1_total50000,Num. Errors,,,,,,,,,,,,,,,,,,,,,,,,,,,,,,,,,,,,,,,,,,,,,,,,,,,,,,,,,,,18991.00(832.54),,,,,,,12700.00(69.16),,,,,,,,,,,,,,,,,,,,9928.00(15.10),10156.00(81.66),,,,9935.67(5.51),,,9897.67(8.62),,,,,,,,,,,9963.33(34.78),,,,,,,,,,,,,,,,,,,,,,,,,,,,,,,,,,10292.33(44.05),,13987.33(248.33),,,,,,,23293.00(nan),18662.0,21803.33(74.39),13905.33(18.82),,,,,
SEA_f1_15000_to_f2_25000_to_f3_35000_to_f4_w1_total50000,Accuracy,,,,,,,,,,,,,,,,,,,,,,,,,,,,,,,,,,,,,,,,,,,,,,,,,,,,,,,,,,,62.02(1.67),,,,,,,74.60(0.14),,,,,,,,,,,,,,,,,,,,80.14(0.03),79.69(0.16),,,,80.13(0.01),,,80.20(0.02),,,,,,,,,,,80.07(0.07),,,,,,,,,,,,,,,,,,,,,,,,,,,,,,,,,,79.42(0.09),,72.03(0.50),,,,,,,53.41(nan),62.68,56.39(0.15),72.19(0.04),,,,,
SEA_f1_15000_to_f2_25000_to_f3_35000_to_f4_w1_total50000,AUROC,,,,,,,,,,,,,,,,,,,,,,,,,,,,,,,,,,,,,,,,,,,,,,,,,,,,,,,,,,,67.57(5.67),,,,,,,80.17(0.06),,,,,,,,,,,,,,,,,,,,84.81(0.06),84.09(0.16),,,,84.81(0.06),,,84.99(0.02),,,,,,,,,,,85.01(0.02),,,,,,,,,,,,,,,,,,,,,,,,,,,,,,,,,,84.70(0.06),,77.95(0.59),,,,,,,47.42(nan),74.42,46.22(0.09),78.30(0.07),,,,,
SEA_f1_15000_to_f2_25000_to_f3_35000_to_f4_w1_total50000,AUPRC,,,,,,,,,,,,,,,,,,,,,,,,,,,,,,,,,,,,,,,,,,,,,,,,,,,,,,,,,,,76.33(3.01),,,,,,,83.78(0.15),,,,,,,,,,,,,,,,,,,,86.65(0.06),86.14(0.12),,,,86.65(0.07),,,86.71(0.04),,,,,,,,,,,86.73(0.01),,,,,,,,,,,,,,,,,,,,,,,,,,,,,,,,,,86.31(0.10),,82.72(0.31),,,,,,,67.70(nan),81.6,57.00(0.09),83.10(0.04),,,,,
SEA_f1_15000_to_f2_25000_to_f3_35000_to_f4_w1_total50000,Bal. Accuracy,,,,,,,,,,,,,,,,,,,,,,,,,,,,,,,,,,,,,,,,,,,,,,,,,,,,,,,,,,,52.79(2.80),,,,,,,72.41(0.25),,,,,,,,,,,,,,,,,,,,78.04(0.05),77.47(0.15),,,,78.02(0.05),,,78.08(0.02),,,,,,,,,,,78.18(0.01),,,,,,,,,,,,,,,,,,,,,,,,,,,,,,,,,,77.40(0.12),,69.64(0.26),,,,,,,52.58(nan),54.6,47.14(0.13),68.98(0.02),,,,,
SEA_f1_15000_to_f2_25000_to_f3_35000_to_f4_w1_total50000,Time,,,,,,,,,,,,,,,,,,,,,,,,,,,,,,,,,,,,,,,,,,,,,,,,,,,,,,,,,,,642.03(97.90),,,,,,,330.65(5.62),,,,,,,,,,,,,,,,,,,,464.51(21.69),275.27(3.84),,,,303.49(49.08),,,330.58(1.74),,,,,,,,,,,430.81(36.00),,,,,,,,,,,,,,,,,,,,,,,,,,,,,,,,,,1274.44(12.78),,185.25(8.10),,,,,,,1.53(nan),1.84,102.70(0.15),35.30(1.78),,,,,
SEA_f1_15000_to_f2_25000_to_f3_35000_to_f4_w5000_total50000,Num. Errors,,,,,,,,,,,,,,,,,,,,,,,,,,,,,,,,,,,,,,,,,,,,,,,,,,,,,,,,,,,19090.67(724.43),,,,,,,13292.33(163.07),,,,,,,,,,,,,,,,,,,,10350.00(8.72),10600.00(73.61),,,,10359.33(24.01),,,10323.33(4.93),,,,,,,,,,,10337.33(8.08),,,,,,,,,,,,,,,,,,,,,,,,,,,,,,,,,,10699.00(84.16),,14314.33(286.67),,,,,,,23378.00(nan),18857.0,21844.33(57.59),14242.67(17.62),,,,,
SEA_f1_15000_to_f2_25000_to_f3_35000_to_f4_w5000_total50000,Accuracy,,,,,,,,,,,,,,,,,,,,,,,,,,,,,,,,,,,,,,,,,,,,,,,,,,,,,,,,,,,61.82(1.45),,,,,,,73.42(0.33),,,,,,,,,,,,,,,,,,,,79.30(0.02),78.80(0.15),,,,79.28(0.05),,,79.35(0.01),,,,,,,,,,,79.33(0.02),,,,,,,,,,,,,,,,,,,,,,,,,,,,,,,,,,78.60(0.17),,71.37(0.57),,,,,,,53.24(nan),62.29,56.31(0.12),71.51(0.04),,,,,
SEA_f1_15000_to_f2_25000_to_f3_35000_to_f4_w5000_total50000,AUROC,,,,,,,,,,,,,,,,,,,,,,,,,,,,,,,,,,,,,,,,,,,,,,,,,,,,,,,,,,,67.33(5.78),,,,,,,78.67(0.56),,,,,,,,,,,,,,,,,,,,84.09(0.05),83.38(0.15),,,,84.07(0.04),,,84.21(0.02),,,,,,,,,,,84.21(0.01),,,,,,,,,,,,,,,,,,,,,,,,,,,,,,,,,,83.81(0.09),,77.08(0.59),,,,,,,47.49(nan),74.38,45.36(0.06),77.73(0.00),,,,,
SEA_f1_15000_to_f2_25000_to_f3_35000_to_f4_w5000_total50000,AUPRC,,,,,,,,,,,,,,,,,,,,,,,,,,,,,,,,,,,,,,,,,,,,,,,,,,,,,,,,,,,76.08(3.03),,,,,,,82.66(0.34),,,,,,,,,,,,,,,,,,,,86.06(0.03),85.60(0.13),,,,86.05(0.02),,,86.10(0.01),,,,,,,,,,,86.12(0.03),,,,,,,,,,,,,,,,,,,,,,,,,,,,,,,,,,85.70(0.09),,81.74(0.17),,,,,,,67.86(nan),81.32,56.41(0.05),82.57(0.00),,,,,
SEA_f1_15000_to_f2_25000_to_f3_35000_to_f4_w5000_total50000,Bal. Accuracy,,,,,,,,,,,,,,,,,,,,,,,,,,,,,,,,,,,,,,,,,,,,,,,,,,,,,,,,,,,52.54(2.51),,,,,,,71.02(0.22),,,,,,,,,,,,,,,,,,,,77.16(0.08),76.56(0.13),,,,77.13(0.14),,,77.20(0.04),,,,,,,,,,,77.43(0.02),,,,,,,,,,,,,,,,,,,,,,,,,,,,,,,,,,76.48(0.22),,68.83(0.31),,,,,,,52.51(nan),54.09,47.04(0.11),68.19(0.05),,,,,
SEA_f1_15000_to_f2_25000_to_f3_35000_to_f4_w5000_total50000,Time,,,,,,,,,,,,,,,,,,,,,,,,,,,,,,,,,,,,,,,,,,,,,,,,,,,,,,,,,,,910.29(283.44),,,,,,,359.32(37.28),,,,,,,,,,,,,,,,,,,,457.85(5.00),280.30(10.80),,,,355.55(1.68),,,341.67(13.86),,,,,,,,,,,385.35(29.50),,,,,,,,,,,,,,,,,,,,,,,,,,,,,,,,,,1352.48(14.69),,153.96(1.96),,,,,,,1.50(nan),1.85,103.21(0.87),40.59(1.17),,,,,
SEA_f1_2500_to_f2_2500_w1_total5000,Num. Errors,,,,,,,,,,,,,,,,,,,,,,,,,,,,,,,,,,,,,,,,,,,,,,,,,,,,,,,,,,,2066.33(92.87),,,,,,,1452.33(23.76),,,,,,,,,,,,,,,,,,,,1050.67(5.13),1154.33(54.31),,,,1050.67(5.13),1239.33(16.07),1053.33(3.79),1052.33(13.87),,,,,,,,,,,1064.00(8.19),,,,,,,,,,,,,,,,,,,,,,,,,,1050.00(8.66),1128.00(30.41),1051.00(10.00),,,,,,1146.33(4.04),,1753.33(15.04),,,,,,,2365.00(nan),1982.0,2237.00(5.29),1443.00(3.61),1286.00(1.73),1322.67(0.58),1302.00(1.00),1289.00(1.00),
SEA_f1_2500_to_f2_2500_w1_total5000,Accuracy,,,,,,,,,,,,,,,,,,,,,,,,,,,,,,,,,,,,,,,,,,,,,,,,,,,,,,,,,,,58.67(1.86),,,,,,,70.95(0.48),,,,,,,,,,,,,,,,,,,,78.99(0.10),76.91(1.09),,,,78.99(0.10),75.21(0.32),78.93(0.08),78.95(0.28),,,,,,,,,,,78.72(0.16),,,,,,,,,,,,,,,,,,,,,,,,,,79.00(0.17),77.44(0.61),78.98(0.20),,,,,,77.07(0.08),,64.93(0.30),,,,,,,52.70(nan),60.36,55.25(0.11),71.14(0.07),74.28(0.03),73.55(0.01),73.96(0.02),74.22(0.02),
SEA_f1_2500_to_f2_2500_w1_total5000,AUROC,,,,,,,,,,,,,,,,,,,,,,,,,,,,,,,,,,,,,,,,,,,,,,,,,,,,,,,,,,,63.65(8.88),,,,,,,76.16(0.40),,,,,,,,,,,,,,,,,,,,82.60(0.20),81.59(0.68),,,,82.60(0.20),80.97(0.21),82.48(0.05),82.86(0.15),,,,,,,,,,,82.86(0.17),,,,,,,,,,,,,,,,,,,,,,,,,,82.62(0.18),82.05(0.51),82.61(0.13),,,,,,81.47(0.28),,71.61(1.05),,,,,,,47.98(nan),71.75,44.49(0.20),77.46(0.01),79.99(0.01),79.43(0.01),79.64(0.01),79.87(0.01),
SEA_f1_2500_to_f2_2500_w1_total5000,AUPRC,,,,,,,,,,,,,,,,,,,,,,,,,,,,,,,,,,,,,,,,,,,,,,,,,,,,,,,,,,,72.74(5.55),,,,,,,80.77(0.35),,,,,,,,,,,,,,,,,,,,84.70(0.22),83.91(0.56),,,,84.70(0.22),83.92(0.05),84.63(0.09),84.84(0.08),,,,,,,,,,,84.82(0.12),,,,,,,,,,,,,,,,,,,,,,,,,,84.90(0.12),84.19(0.42),84.75(0.04),,,,,,83.77(0.27),,78.65(0.68),,,,,,,68.11(nan),79.81,55.38(0.13),81.57(0.02),83.15(0.00),82.87(0.00),82.97(0.01),83.08(0.01),
SEA_f1_2500_to_f2_2500_w1_total5000,Bal. Accuracy,,,,,,,,,,,,,,,,,,,,,,,,,,,,,,,,,,,,,,,,,,,,,,,,,,,,,,,,,,,49.28(1.48),,,,,,,68.03(0.86),,,,,,,,,,,,,,,,,,,,76.70(0.07),74.17(1.19),,,,76.70(0.07),72.97(0.49),76.66(0.07),76.68(0.23),,,,,,,,,,,76.76(0.12),,,,,,,,,,,,,,,,,,,,,,,,,,76.60(0.21),74.50(0.28),76.72(0.18),,,,,,74.84(0.17),,58.22(0.36),,,,,,,52.02(nan),50.51,46.44(0.06),67.58(0.07),71.36(0.05),70.57(0.01),70.93(0.04),71.32(0.03),
SEA_f1_2500_to_f2_2500_w1_total5000,Time,,,,,,,,,,,,,,,,,,,,,,,,,,,,,,,,,,,,,,,,,,,,,,,,,,,,,,,,,,,64.35(2.61),,,,,,,25.78(0.22),,,,,,,,,,,,,,,,,,,,36.52(1.50),24.10(1.01),,,,23.25(1.01),30.76(2.38),4.28(0.35),32.21(2.07),,,,,,,,,,,24.44(0.70),,,,,,,,,,,,,,,,,,,,,,,,,,9.01(0.23),11.75(0.28),10.41(0.14),,,,,,127.19(4.13),,15.16(0.13),,,,,,,0.14(nan),0.21,5.68(0.08),3.52(0.01),3.75(0.02),3.71(0.01),3.68(0.03),3.79(0.01),
SEA_f1_2500_to_f2_2500_w500_total5000,Num. Errors,,,,,,,,,,,,,,,,,,,,,,,,,,,,,,,,,,,,,,,,,,,,,,,,,,,,,,,,,,,2061.67(85.32),,,,,,,1473.33(44.24),,,,,,,,,,,,,,,,,,,,1059.00(3.46),1147.00(49.96),,,,1059.00(3.46),,,1052.67(9.45),,,,,,,,,,,1062.00(6.24),,,,,,,,,,,,,,,,,,,,,,,,,,1055.00(14.42),1119.67(27.14),1057.00(11.53),,,,,,1147.67(17.04),,1760.33(10.12),,,,,,,2363.00(nan),1985.0,2240.33(1.53),1444.33(2.08),,,,,
SEA_f1_2500_to_f2_2500_w500_total5000,Accuracy,,,,,,,,,,,,,,,,,,,,,,,,,,,,,,,,,,,,,,,,,,,,,,,,,,,,,,,,,,,58.77(1.71),,,,,,,70.53(0.88),,,,,,,,,,,,,,,,,,,,78.82(0.07),77.06(1.00),,,,78.82(0.07),,,78.95(0.19),,,,,,,,,,,78.76(0.12),,,,,,,,,,,,,,,,,,,,,,,,,,78.90(0.29),77.61(0.54),78.86(0.23),,,,,,77.05(0.34),,64.79(0.20),,,,,,,52.74(nan),60.3,55.18(0.03),71.11(0.04),,,,,
SEA_f1_2500_to_f2_2500_w500_total5000,AUROC,,,,,,,,,,,,,,,,,,,,,,,,,,,,,,,,,,,,,,,,,,,,,,,,,,,,,,,,,,,63.29(8.97),,,,,,,75.34(1.28),,,,,,,,,,,,,,,,,,,,82.67(0.18),81.67(0.66),,,,82.67(0.18),,,82.87(0.15),,,,,,,,,,,82.88(0.15),,,,,,,,,,,,,,,,,,,,,,,,,,82.71(0.18),82.10(0.48),82.68(0.10),,,,,,81.55(0.15),,71.36(0.92),,,,,,,48.05(nan),71.6,43.86(0.03),77.21(0.02),,,,,
SEA_f1_2500_to_f2_2500_w500_total5000,AUPRC,,,,,,,,,,,,,,,,,,,,,,,,,,,,,,,,,,,,,,,,,,,,,,,,,,,,,,,,,,,72.58(5.61),,,,,,,80.59(0.71),,,,,,,,,,,,,,,,,,,,85.24(0.17),84.26(0.51),,,,85.24(0.17),,,85.35(0.11),,,,,,,,,,,85.33(0.09),,,,,,,,,,,,,,,,,,,,,,,,,,85.32(0.09),84.52(0.39),85.25(0.03),,,,,,84.48(0.13),,78.66(0.71),,,,,,,68.05(nan),79.96,54.72(0.12),81.60(0.04),,,,,
SEA_f1_2500_to_f2_2500_w500_total5000,Bal. Accuracy,,,,,,,,,,,,,,,,,,,,,,,,,,,,,,,,,,,,,,,,,,,,,,,,,,,,,,,,,,,49.39(1.31),,,,,,,67.88(0.98),,,,,,,,,,,,,,,,,,,,76.54(0.06),74.33(1.04),,,,76.54(0.06),,,76.71(0.17),,,,,,,,,,,76.86(0.07),,,,,,,,,,,,,,,,,,,,,,,,,,76.49(0.33),74.69(0.21),76.59(0.24),,,,,,74.97(0.49),,58.23(0.37),,,,,,,51.96(nan),50.51,46.48(0.02),67.60(0.06),,,,,
SEA_f1_2500_to_f2_2500_w500_total5000,Time,,,,,,,,,,,,,,,,,,,,,,,,,,,,,,,,,,,,,,,,,,,,,,,,,,,,,,,,,,,63.99(0.44),,,,,,,26.12(0.64),,,,,,,,,,,,,,,,,,,,36.50(1.88),23.96(1.33),,,,22.75(0.50),,,31.34(1.17),,,,,,,,,,,34.77(6.81),,,,,,,,,,,,,,,,,,,,,,,,,,9.00(0.20),10.34(0.17),10.55(0.11),,,,,,126.93(2.77),,14.98(0.07),,,,,,,0.14(nan),0.19,5.70(0.06),3.48(0.01),,,,,
STAGGER_f1_20000_to_f2_40000_to_f3_w1_total50000,Num. Errors,,,,,,,,,,,,,,,,,,,,,,,,,,,,,,,,,,,,,,,,,,,,,,,,,,,,,,,,,,,14514.33(982.75),,,,,,,5403.00(70.74),,,,,,,,,,,,,,,,,,,,4359.33(25.89),4684.33(52.08),,,,4345.33(9.87),,,4308.33(21.13),,,,,,,,,,,4672.67(64.61),,,,,,,,,,,,,,,,,,,,,,,,,,,,,,,,,,4274.00(28.16),,10227.67(407.63),,,,,,,14595.00(nan),16112.0,20002.00(7.00),11639.00(0.00),,,,,
STAGGER_f1_20000_to_f2_40000_to_f3_w1_total50000,Accuracy,,,,,,,,,,,,,,,,,,,,,,,,,,,,,,,,,,,,,,,,,,,,,,,,,,,,,,,,,,,70.97(1.97),,,,,,,89.19(0.14),,,,,,,,,,,,,,,,,,,,91.28(0.05),90.63(0.10),,,,91.31(0.02),,,91.38(0.04),,,,,,,,,,,90.65(0.13),,,,,,,,,,,,,,,,,,,,,,,,,,,,,,,,,,91.45(0.06),,79.54(0.82),,,,,,,70.81(nan),67.78,60.00(0.01),76.72(0.00),,,,,
STAGGER_f1_20000_to_f2_40000_to_f3_w1_total50000,AUROC,,,,,,,,,,,,,,,,,,,,,,,,,,,,,,,,,,,,,,,,,,,,,,,,,,,,,,,,,,,73.86(2.10),,,,,,,96.91(0.06),,,,,,,,,,,,,,,,,,,,97.66(0.01),96.78(0.13),,,,97.67(0.02),,,97.73(0.01),,,,,,,,,,,97.68(0.02),,,,,,,,,,,,,,,,,,,,,,,,,,,,,,,,,,97.39(0.03),,83.65(0.60),,,,,,,30.39(nan),33.07,43.09(0.18),84.68(0.00),,,,,
STAGGER_f1_20000_to_f2_40000_to_f3_w1_total50000,AUPRC,,,,,,,,,,,,,,,,,,,,,,,,,,,,,,,,,,,,,,,,,,,,,,,,,,,,,,,,,,,64.29(2.99),,,,,,,95.86(0.08),,,,,,,,,,,,,,,,,,,,96.92(0.01),95.77(0.24),,,,96.93(0.01),,,97.00(0.01),,,,,,,,,,,96.94(0.03),,,,,,,,,,,,,,,,,,,,,,,,,,,,,,,,,,96.65(0.04),,75.82(1.78),,,,,,,43.14(nan),29.99,35.22(0.12),78.20(0.00),,,,,
STAGGER_f1_20000_to_f2_40000_to_f3_w1_total50000,Bal. Accuracy,,,,,,,,,,,,,,,,,,,,,,,,,,,,,,,,,,,,,,,,,,,,,,,,,,,,,,,,,,,70.52(3.03),,,,,,,88.57(0.15),,,,,,,,,,,,,,,,,,,,90.08(0.05),89.33(0.16),,,,90.11(0.02),,,90.17(0.02),,,,,,,,,,,90.04(0.11),,,,,,,,,,,,,,,,,,,,,,,,,,,,,,,,,,90.29(0.05),,78.27(1.07),,,,,,,69.61(nan),62.4,50.11(0.02),75.79(0.00),,,,,
STAGGER_f1_20000_to_f2_40000_to_f3_w1_total50000,Time,,,,,,,,,,,,,,,,,,,,,,,,,,,,,,,,,,,,,,,,,,,,,,,,,,,,,,,,,,,504.83(1.34),,,,,,,270.73(3.98),,,,,,,,,,,,,,,,,,,,328.19(44.85),249.96(5.29),,,,342.91(62.55),,,322.99(18.38),,,,,,,,,,,377.73(61.78),,,,,,,,,,,,,,,,,,,,,,,,,,,,,,,,,,1330.67(33.98),,163.86(12.20),,,,,,,1.39(nan),1.82,5.19(0.01),91.76(4.02),,,,,
STAGGER_f1_20000_to_f2_40000_to_f3_w5000_total50000,Num. Errors,,,,,,,,,,,,,,,,,,,,,,,,,,,,,,,,,,,,,,,,,,,,,,,,,,,,,,,,,,,15066.00(649.58),,,,,,,6644.33(17.62),,,,,,,,,,,,,,,,,,,,5671.67(20.55),5679.67(38.02),,,,5679.67(15.31),,,5652.00(38.59),,,,,,,,,,,5962.33(32.62),,,,,,,,,,,,,,,,,,,,,,,,,,,,,,,,,,5650.67(22.37),,10279.00(764.22),,,,,,,15478.00(nan),15967.0,20037.00(6.93),11955.00(0.00),,,,,
STAGGER_f1_20000_to_f2_40000_to_f3_w5000_total50000,Accuracy,,,,,,,,,,,,,,,,,,,,,,,,,,,,,,,,,,,,,,,,,,,,,,,,,,,,,,,,,,,69.87(1.30),,,,,,,86.71(0.04),,,,,,,,,,,,,,,,,,,,88.66(0.04),88.64(0.08),,,,88.64(0.03),,,88.70(0.08),,,,,,,,,,,88.08(0.07),,,,,,,,,,,,,,,,,,,,,,,,,,,,,,,,,,88.70(0.04),,79.44(1.53),,,,,,,69.04(nan),68.07,59.93(0.01),76.09(0.00),,,,,
STAGGER_f1_20000_to_f2_40000_to_f3_w5000_total50000,AUROC,,,,,,,,,,,,,,,,,,,,,,,,,,,,,,,,,,,,,,,,,,,,,,,,,,,,,,,,,,,71.04(2.40),,,,,,,94.55(0.03),,,,,,,,,,,,,,,,,,,,95.93(0.02),95.30(0.05),,,,95.93(0.03),,,95.98(0.02),,,,,,,,,,,95.95(0.02),,,,,,,,,,,,,,,,,,,,,,,,,,,,,,,,,,95.64(0.04),,84.05(1.35),,,,,,,32.41(nan),34.17,45.70(0.28),84.03(0.00),,,,,
STAGGER_f1_20000_to_f2_40000_to_f3_w5000_total50000,AUPRC,,,,,,,,,,,,,,,,,,,,,,,,,,,,,,,,,,,,,,,,,,,,,,,,,,,,,,,,,,,62.31(3.26),,,,,,,92.86(0.04),,,,,,,,,,,,,,,,,,,,94.68(0.01),94.00(0.02),,,,94.68(0.03),,,94.73(0.04),,,,,,,,,,,94.68(0.02),,,,,,,,,,,,,,,,,,,,,,,,,,,,,,,,,,94.31(0.03),,80.45(1.66),,,,,,,45.11(nan),30.48,37.14(0.26),78.23(0.00),,,,,
STAGGER_f1_20000_to_f2_40000_to_f3_w5000_total50000,Bal. Accuracy,,,,,,,,,,,,,,,,,,,,,,,,,,,,,,,,,,,,,,,,,,,,,,,,,,,,,,,,,,,68.52(2.63),,,,,,,85.76(0.05),,,,,,,,,,,,,,,,,,,,87.44(0.05),87.24(0.10),,,,87.40(0.06),,,87.50(0.11),,,,,,,,,,,87.55(0.03),,,,,,,,,,,,,,,,,,,,,,,,,,,,,,,,,,87.49(0.08),,77.41(1.67),,,,,,,67.59(nan),62.91,50.12(0.02),74.81(0.00),,,,,
STAGGER_f1_20000_to_f2_40000_to_f3_w5000_total50000,Time,,,,,,,,,,,,,,,,,,,,,,,,,,,,,,,,,,,,,,,,,,,,,,,,,,,,,,,,,,,508.83(2.69),,,,,,,324.79(33.32),,,,,,,,,,,,,,,,,,,,339.59(23.77),256.09(11.31),,,,363.05(28.07),,,330.42(25.32),,,,,,,,,,,436.07(11.42),,,,,,,,,,,,,,,,,,,,,,,,,,,,,,,,,,1356.16(10.11),,167.16(8.02),,,,,,,1.42(nan),1.83,5.23(0.01),95.34(3.84),,,,,
STAGGER_f1_2500_to_f2_2500_w1_total5000,Num. Errors,,,,,,,,,,,,,,,,,,,,,,,,,,,,,,,,,,,,,,,,,,,,,,,,,,,,,,,,,,,2111.33(190.31),,,,,,,892.67(20.55),,,,,,,,,,,,,,,,,,,,499.00(8.72),703.00(15.87),,,,499.00(8.72),639.00(39.40),497.67(18.04),505.67(15.89),,,,,,,,,,,546.00(7.21),,,,,,,,,,,,,,,,,,,,,,,,,,502.67(3.21),725.33(40.77),490.67(10.79),,,,,,527.00(12.53),,1457.67(15.89),,,,,,,1370.00(nan),1649.0,1649.00(1.73),1043.00(0.00),1056.00(0.00),969.00(0.00),1062.00(0.00),1030.00(0.00),
STAGGER_f1_2500_to_f2_2500_w1_total5000,Accuracy,,,,,,,,,,,,,,,,,,,,,,,,,,,,,,,,,,,,,,,,,,,,,,,,,,,,,,,,,,,57.77(3.81),,,,,,,82.15(0.41),,,,,,,,,,,,,,,,,,,,90.02(0.17),85.94(0.32),,,,90.02(0.17),87.22(0.79),90.05(0.36),89.89(0.32),,,,,,,,,,,89.08(0.14),,,,,,,,,,,,,,,,,,,,,,,,,,89.95(0.06),85.49(0.82),90.19(0.22),,,,,,89.46(0.25),,70.85(0.32),,,,,,,72.60(nan),67.02,67.01(0.03),79.14(0.00),78.88(0.00),80.62(0.00),78.76(0.00),79.40(0.00),
STAGGER_f1_2500_to_f2_2500_w1_total5000,AUROC,,,,,,,,,,,,,,,,,,,,,,,,,,,,,,,,,,,,,,,,,,,,,,,,,,,,,,,,,,,43.16(0.09),,,,,,,89.95(0.31),,,,,,,,,,,,,,,,,,,,94.87(0.24),90.05(0.57),,,,94.87(0.24),94.82(0.40),93.59(0.13),95.43(0.16),,,,,,,,,,,95.40(0.20),,,,,,,,,,,,,,,,,,,,,,,,,,93.55(0.32),89.72(0.62),94.17(0.14),,,,,,95.16(0.07),,63.86(0.51),,,,,,,31.75(nan),59.08,39.31(0.25),86.61(0.00),86.69(0.00),87.94(0.00),86.46(0.00),87.16(0.00),
STAGGER_f1_2500_to_f2_2500_w1_total5000,AUPRC,,,,,,,,,,,,,,,,,,,,,,,,,,,,,,,,,,,,,,,,,,,,,,,,,,,,,,,,,,,27.50(0.31),,,,,,,81.22(0.65),,,,,,,,,,,,,,,,,,,,92.65(0.22),86.79(0.65),,,,92.65(0.22),91.35(0.70),91.32(0.12),93.19(0.18),,,,,,,,,,,93.17(0.22),,,,,,,,,,,,,,,,,,,,,,,,,,91.22(0.33),86.47(0.73),91.92(0.14),,,,,,92.67(0.13),,52.07(0.85),,,,,,,42.05(nan),41.62,26.89(0.15),75.58(0.00),76.69(0.00),78.86(0.00),76.27(0.00),77.60(0.00),
STAGGER_f1_2500_to_f2_2500_w1_total5000,Bal. Accuracy,,,,,,,,,,,,,,,,,,,,,,,,,,,,,,,,,,,,,,,,,,,,,,,,,,,,,,,,,,,44.50(2.49),,,,,,,79.50(0.32),,,,,,,,,,,,,,,,,,,,86.01(0.11),81.07(0.42),,,,86.01(0.11),84.33(0.76),85.88(0.23),86.01(0.29),,,,,,,,,,,85.97(0.13),,,,,,,,,,,,,,,,,,,,,,,,,,85.38(0.11),80.84(0.52),86.05(0.11),,,,,,85.85(0.14),,58.15(0.71),,,,,,,68.24(nan),49.99,49.99(0.03),74.83(0.00),74.56(0.00),77.26(0.00),74.41(0.00),75.30(0.00),
STAGGER_f1_2500_to_f2_2500_w1_total5000,Time,,,,,,,,,,,,,,,,,,,,,,,,,,,,,,,,,,,,,,,,,,,,,,,,,,,,,,,,,,,58.05(1.75),,,,,,,27.28(0.34),,,,,,,,,,,,,,,,,,,,30.99(2.72),22.11(0.23),,,,26.03(2.79),29.50(1.19),4.74(0.54),24.37(0.49),,,,,,,,,,,25.47(0.86),,,,,,,,,,,,,,,,,,,,,,,,,,8.83(0.11),10.26(0.39),10.13(0.10),,,,,,128.65(1.86),,14.94(0.08),,,,,,,0.14(nan),0.18,0.52(0.00),8.65(0.03),8.90(0.02),8.94(0.03),9.09(0.04),9.10(0.06),
STAGGER_f1_2500_to_f2_2500_w500_total5000,Num. Errors,,,,,,,,,,,,,,,,,,,,,,,,,,,,,,,,,,,,,,,,,,,,,,,,,,,,,,,,,,,2110.00(191.83),,,,,,,969.33(30.83),,,,,,,,,,,,,,,,,,,,556.00(2.65),711.33(19.09),,,,556.00(2.65),,,564.00(10.58),,,,,,,,,,,588.67(11.15),,,,,,,,,,,,,,,,,,,,,,,,,,556.00(5.29),720.00(27.22),555.67(6.66),,,,,,601.33(24.21),,1436.00(28.16),,,,,,,1413.00(nan),1649.0,1649.00(1.73),1065.00(0.00),,,,,
STAGGER_f1_2500_to_f2_2500_w500_total5000,Accuracy,,,,,,,,,,,,,,,,,,,,,,,,,,,,,,,,,,,,,,,,,,,,,,,,,,,,,,,,,,,57.80(3.84),,,,,,,80.61(0.62),,,,,,,,,,,,,,,,,,,,88.88(0.05),85.77(0.38),,,,88.88(0.05),,,88.72(0.21),,,,,,,,,,,88.23(0.22),,,,,,,,,,,,,,,,,,,,,,,,,,88.88(0.11),85.60(0.54),88.89(0.13),,,,,,87.97(0.48),,71.28(0.56),,,,,,,71.74(nan),67.02,67.01(0.03),78.70(0.00),,,,,
STAGGER_f1_2500_to_f2_2500_w500_total5000,AUROC,,,,,,,,,,,,,,,,,,,,,,,,,,,,,,,,,,,,,,,,,,,,,,,,,,,,,,,,,,,42.56(0.73),,,,,,,88.33(0.36),,,,,,,,,,,,,,,,,,,,93.62(0.17),89.18(0.40),,,,93.62(0.17),,,94.24(0.09),,,,,,,,,,,94.17(0.13),,,,,,,,,,,,,,,,,,,,,,,,,,92.58(0.35),89.01(0.40),92.80(0.15),,,,,,93.68(0.18),,64.59(0.55),,,,,,,33.01(nan),58.69,40.61(0.15),85.25(0.00),,,,,
STAGGER_f1_2500_to_f2_2500_w500_total5000,AUPRC,,,,,,,,,,,,,,,,,,,,,,,,,,,,,,,,,,,,,,,,,,,,,,,,,,,,,,,,,,,27.25(0.52),,,,,,,80.13(0.77),,,,,,,,,,,,,,,,,,,,91.00(0.14),85.99(0.39),,,,91.00(0.14),,,91.56(0.07),,,,,,,,,,,91.47(0.11),,,,,,,,,,,,,,,,,,,,,,,,,,89.95(0.36),85.80(0.36),90.16(0.15),,,,,,90.73(0.36),,52.82(1.04),,,,,,,43.32(nan),41.07,27.64(0.10),73.63(0.00),,,,,
STAGGER_f1_2500_to_f2_2500_w500_total5000,Bal. Accuracy,,,,,,,,,,,,,,,,,,,,,,,,,,,,,,,,,,,,,,,,,,,,,,,,,,,,,,,,,,,44.54(2.54),,,,,,,77.27(0.57),,,,,,,,,,,,,,,,,,,,84.36(0.13),80.46(0.34),,,,84.36(0.13),,,84.37(0.10),,,,,,,,,,,85.02(0.02),,,,,,,,,,,,,,,,,,,,,,,,,,84.03(0.14),80.23(0.41),84.29(0.08),,,,,,83.70(0.37),,59.01(1.06),,,,,,,66.99(nan),49.99,49.99(0.03),74.01(0.00),,,,,
STAGGER_f1_2500_to_f2_2500_w500_total5000,Time,,,,,,,,,,,,,,,,,,,,,,,,,,,,,,,,,,,,,,,,,,,,,,,,,,,,,,,,,,,60.55(5.60),,,,,,,26.92(0.39),,,,,,,,,,,,,,,,,,,,31.39(0.79),22.39(0.72),,,,24.55(0.11),,,26.32(1.13),,,,,,,,,,,27.77(2.24),,,,,,,,,,,,,,,,,,,,,,,,,,8.82(0.09),12.50(0.52),10.19(0.11),,,,,,125.86(1.70),,15.01(0.07),,,,,,,0.15(nan),0.18,0.52(0.00),8.79(0.16),,,,,
a8a,Num. Errors,5542.00(nan),5527.00(nan),5625.00(nan),5817.00(nan),5488.00(nan),5518.00(nan),5819.00(nan),5812.00(nan),,5506.00(nan),5506.00(nan),5792.00(nan),5483.20(18.17),5491.60(27.48),5530.00(nan),5463.00(nan),5457.00(nan),5485.00(nan),5583.00(nan),5612.00(nan),5528.00(nan),5812.00(nan),5812.00(nan),5487.80(26.22),5476.40(21.22),5480.20(16.33),5466.40(19.63),5485.80(20.83),5486.00(14.20),5476.40(24.24),5472.00(nan),5474.60(22.50),5820.00(nan),5498.00(nan),5452.00(nan),5452.00(nan),5487.00(nan),5549.20(39.71),5469.20(19.34),5547.20(21.18),5456.00(nan),5466.00(nan),5477.40(15.66),5510.00(nan),5463.00(nan),5482.80(30.43),5475.00(nan),5482.00(nan),5904.80(11.52),7846.00(nan),5532.00(nan),5495.00(nan),5924.00(nan),5630.00(nan),5924.00(nan),5630.00(nan),5639.00(nan),5619.00(nan),5957.00(70.38),5682.60(33.63),5506.00(nan),5555.00(nan),5648.00(nan),5519.00(nan),5609.20(11.88),6425.20(48.46),5749.00(nan),5610.00(nan),5600.00(0.00),6108.00(nan),5678.80(22.08),5593.00(nan),5729.80(14.60),5601.00(nan),5993.00(nan),5467.00(nan),5449.00(nan),5442.00(nan),5556.00(nan),5504.00(nan),5494.00(nan),5475.00(nan),5505.00(nan),5451.00(nan),5524.00(nan),5540.00(nan),,,5547.00(nan),5670.00(nan),5437.40(30.25),,5418.80(24.92),5431.00(19.04),,5442.20(26.75),5431.00(19.04),5429.60(20.42),5431.00(24.05),5431.00(19.04),5814.40(11.93),7322.00(45.51),5447.20(26.37),5513.00(30.39),5559.60(11.35),5560.80(19.90),5548.40(27.02),5602.40(12.18),5598.60(30.36),5608.20(20.24),6088.60(31.97),6112.20(29.96),6087.80(19.03),6620.80(65.66),6623.00(101.97),6615.20(31.98),5533.00(21.93),5546.00(25.71),5533.20(36.97),5558.40(17.78),5559.60(11.35),5582.40(30.96),5573.00(25.87),5688.00(33.63),5533.00(21.93),5550.60(19.44),5971.20(21.11),5442.60(16.99),5532.00(13.58),5479.40(24.34),,,,5456.20(31.03),5477.20(32.69),,,,5930.00(40.22),7911.33(19.22),6531.60(112.26),5802.00(nan),6102.00(nan),5873.00(nan),6068.00(nan),7872.00(nan),6526.00(nan),7271.00(nan),6622.0,7852.00(0.00),5655.00(0.00),,,,,5930.60(31.15)
a8a,Accuracy,82.98(nan),83.03(nan),82.72(nan),82.14(nan),83.15(nan),83.05(nan),82.13(nan),82.15(nan),,83.09(nan),83.09(nan),82.21(nan),83.16(0.06),83.13(0.08),83.02(nan),83.22(nan),83.24(nan),83.15(nan),82.85(nan),82.76(nan),83.02(nan),82.15(nan),82.15(nan),83.15(0.08),83.18(0.07),83.17(0.05),83.21(0.06),83.15(0.06),83.15(0.04),83.18(0.07),83.19(nan),83.19(0.07),82.13(nan),83.11(nan),83.26(nan),83.26(nan),83.15(nan),82.96(0.12),83.20(0.06),82.96(0.07),83.24(nan),83.21(nan),83.18(0.05),83.08(nan),83.22(nan),83.16(0.09),83.19(nan),83.16(nan),81.87(0.04),75.90(nan),83.01(nan),83.12(nan),81.81(nan),82.71(nan),81.81(nan),82.71(nan),82.68(nan),82.74(nan),81.71(0.22),82.55(0.10),83.09(nan),82.94(nan),82.65(nan),83.05(nan),82.77(0.04),80.27(0.15),82.34(nan),82.77(nan),82.80(0.00),81.24(nan),82.56(0.07),82.82(nan),82.40(0.04),82.80(nan),81.59(nan),83.21(nan),83.27(nan),83.29(nan),82.94(nan),83.10(nan),83.13(nan),83.19(nan),83.09(nan),83.26(nan),83.03(nan),82.99(nan),,,82.96(nan),82.59(nan),83.30(0.09),,83.36(0.08),83.32(0.06),,83.29(0.08),83.32(0.06),83.32(0.06),83.32(0.07),83.32(0.06),82.14(0.04),77.51(0.14),83.27(0.08),83.07(0.09),82.93(0.03),82.92(0.06),82.96(0.08),82.79(0.04),82.81(0.09),82.78(0.06),81.30(0.10),81.23(0.09),81.30(0.06),79.67(0.20),79.66(0.31),79.68(0.10),83.01(0.07),82.97(0.08),83.01(0.11),82.93(0.05),82.93(0.03),82.86(0.10),82.88(0.08),82.53(0.10),83.01(0.07),82.95(0.06),81.66(0.06),83.28(0.05),83.01(0.04),83.17(0.07),,,,83.24(0.10),83.18(0.10),,,,81.79(0.12),75.70(0.06),79.94(0.34),82.18(nan),81.26(nan),81.96(nan),81.36(nan),75.82(nan),79.96(nan),77.67(nan),79.66,75.88(0.00),82.63(0.00),,,,,81.79(0.10)
a8a,AUROC,87.38(nan),87.69(nan),87.27(nan),86.37(nan),87.51(nan),87.34(nan),86.20(nan),86.20(nan),,87.40(nan),87.40(nan),86.51(nan),87.52(0.04),87.50(0.04),87.16(nan),87.53(nan),87.49(nan),87.56(nan),87.37(nan),86.80(nan),87.30(nan),86.37(nan),86.37(nan),87.67(0.02),87.67(0.03),87.68(0.03),87.70(0.04),87.66(0.02),87.67(0.01),87.69(0.02),87.53(nan),87.68(0.03),86.37(nan),87.46(nan),87.49(nan),87.55(nan),87.47(nan),87.22(0.04),87.50(0.02),87.19(0.04),87.53(nan),87.55(nan),87.52(0.05),87.45(nan),87.54(nan),87.49(0.06),87.47(nan),87.51(nan),85.87(0.05),61.63(nan),87.27(nan),87.78(nan),85.81(nan),87.08(nan),85.81(nan),87.08(nan),87.13(nan),87.08(nan),84.35(0.67),86.40(0.22),87.59(nan),87.26(nan),86.75(nan),87.57(nan),87.09(0.06),84.16(0.25),87.10(nan),86.75(nan),87.32(0.00),86.27(nan),86.66(0.05),86.87(nan),86.63(0.04),86.87(nan),84.98(nan),87.77(nan),87.85(nan),87.80(nan),87.26(nan),87.65(nan),87.68(nan),87.70(nan),87.49(nan),87.49(nan),87.52(nan),87.47(nan),,,87.03(nan),86.45(nan),87.93(0.03),,88.02(0.04),87.94(0.03),,88.00(0.04),87.94(0.03),88.03(0.03),87.94(0.03),87.94(0.03),86.47(0.02),87.95(0.05),87.95(0.03),87.96(0.04),87.96(0.03),87.84(0.07),87.84(0.05),87.67(0.06),87.67(0.03),87.68(0.04),84.60(0.04),84.58(0.10),84.66(0.09),81.91(0.12),82.02(0.23),82.00(0.15),88.05(0.04),88.06(0.03),88.06(0.04),88.01(0.04),87.96(0.03),87.93(0.04),87.91(0.03),87.55(0.04),88.05(0.04),87.96(0.03),87.95(0.03),87.95(0.03),87.95(0.04),87.94(0.04),,,,87.56(0.05),87.64(0.04),,,,85.55(0.10),49.52(0.02),79.66(1.14),83.50(nan),85.64(nan),86.53(nan),85.95(nan),58.71(nan),80.14(nan),43.44(nan),72.43,46.92(0.03),87.03(0.00),,,,,85.94(0.08)
a8a,AUPRC,95.58(nan),95.62(nan),95.45(nan),95.12(nan),95.52(nan),95.46(nan),95.03(nan),95.03(nan),,95.50(nan),95.50(nan),95.20(nan),95.52(0.01),95.50(0.04),95.44(nan),95.52(nan),95.51(nan),95.56(nan),95.51(nan),95.28(nan),95.42(nan),95.13(nan),95.13(nan),95.61(0.02),95.61(0.02),95.60(0.02),95.62(0.02),95.61(0.01),95.61(0.02),95.62(0.01),95.53(nan),95.61(0.03),95.10(nan),95.47(nan),95.51(nan),95.54(nan),95.48(nan),95.49(0.02),95.51(0.01),95.47(0.01),95.53(nan),95.53(nan),95.51(0.04),95.49(nan),95.54(nan),95.50(0.04),95.50(nan),95.52(nan),94.97(0.02),83.68(nan),95.53(nan),95.63(nan),94.95(nan),95.33(nan),94.95(nan),95.33(nan),95.44(nan),95.33(nan),94.46(0.26),95.18(0.08),95.59(nan),95.40(nan),95.09(nan),95.52(nan),95.34(0.03),94.17(0.12),95.40(nan),95.21(nan),95.52(0.00),95.14(nan),95.06(0.03),95.26(nan),95.09(0.03),95.24(nan),93.93(nan),95.66(nan),95.67(nan),95.66(nan),95.51(nan),95.60(nan),95.63(nan),95.63(nan),95.53(nan),95.50(nan),95.53(nan),95.51(nan),,,95.27(nan),95.05(nan),95.73(0.02),,95.79(0.02),95.73(0.02),,95.78(0.02),95.73(0.02),95.78(0.02),95.74(0.03),95.73(0.02),95.26(0.01),95.76(0.03),95.74(0.02),95.75(0.03),95.75(0.02),95.74(0.02),95.72(0.02),95.59(0.03),95.58(0.02),95.60(0.02),94.09(0.02),94.11(0.07),94.14(0.05),93.25(0.09),93.25(0.06),93.25(0.05),95.80(0.02),95.80(0.02),95.81(0.02),95.77(0.02),95.75(0.02),95.73(0.03),95.71(0.03),95.66(0.02),95.80(0.02),95.75(0.02),95.75(0.02),95.74(0.02),95.74(0.02),95.74(0.02),,,,95.54(0.03),95.58(0.02),,,,94.80(0.05),75.76(0.05),92.35(0.43),93.03(nan),94.76(nan),95.24(nan),94.97(nan),81.98(nan),92.42(nan),55.82(nan),90.0,74.06(0.02),95.47(0.00),,,,,95.05(0.02)
a8a,Bal. Accuracy,72.95(nan),73.94(nan),72.71(nan),72.64(nan),73.14(nan),73.47(nan),72.60(nan),72.62(nan),,72.55(nan),72.55(nan),73.00(nan),72.85(0.08),72.59(0.22),72.39(nan),72.95(nan),72.87(nan),73.03(nan),72.70(nan),72.44(nan),73.81(nan),72.97(nan),72.97(nan),72.80(0.16),72.93(0.18),72.81(0.06),72.96(0.19),72.84(0.11),72.95(0.21),72.89(0.23),72.83(nan),72.90(0.21),72.47(nan),72.58(nan),73.00(nan),73.18(nan),72.68(nan),72.14(0.20),72.93(0.21),72.12(0.24),73.24(nan),73.06(nan),72.89(0.15),72.62(nan),72.86(nan),72.87(0.05),72.94(nan),72.98(nan),71.35(0.08),51.16(nan),72.77(nan),73.43(nan),71.08(nan),72.66(nan),71.08(nan),72.66(nan),72.77(nan),72.81(nan),67.64(0.54),70.26(0.24),72.70(nan),72.21(nan),72.78(nan),72.91(nan),72.47(0.18),63.31(0.50),69.44(nan),72.14(nan),72.40(0.00),64.15(nan),71.91(0.12),72.11(nan),71.49(0.08),72.07(nan),72.51(nan),73.17(nan),73.18(nan),73.17(nan),72.23(nan),72.67(nan),72.73(nan),72.69(nan),72.42(nan),72.82(nan),74.00(nan),72.61(nan),,,72.40(nan),72.13(nan),74.10(0.13),,74.11(0.11),74.18(0.09),,73.64(0.15),74.18(0.09),74.08(0.06),74.16(0.11),74.18(0.09),71.50(0.07),79.61(0.08),75.23(0.04),76.19(0.16),76.65(0.08),76.12(0.09),76.13(0.16),76.49(0.08),76.51(0.06),76.42(0.14),73.88(0.24),73.76(0.10),73.89(0.24),70.64(0.17),70.51(0.43),70.67(0.19),76.63(0.07),76.60(0.07),76.61(0.13),76.59(0.08),76.65(0.08),76.59(0.11),76.61(0.16),75.67(0.14),76.63(0.07),76.50(0.05),78.39(0.11),74.12(0.06),76.41(0.11),75.56(0.14),,,,73.44(0.57),72.84(0.26),,,,70.31(0.19),50.05(0.01),62.88(0.94),69.53(nan),65.90(nan),67.93(nan),65.84(nan),50.02(nan),64.94(nan),56.56(nan),70.63,49.99(0.00),71.86(0.00),,,,,70.91(0.35)
a8a,Time,25.26(nan),24.33(nan),32.65(nan),139.36(nan),599.45(nan),743.18(nan),797.61(nan),677.31(nan),,438.96(nan),554.79(nan),818.50(nan),50.27(1.00),161.81(2.18),118.53(nan),110.31(nan),68.45(nan),3932.35(nan),3757.98(nan),139.91(nan),133.88(nan),797.95(nan),823.85(nan),142.34(20.38),80.33(0.61),80.89(2.02),129.88(2.39),213.05(4.92),69.85(2.71),75.05(0.53),451.56(nan),36.24(0.44),148.46(nan),508.76(nan),478.85(nan),467.13(nan),451.83(nan),1037.75(22.51),630.11(180.58),311.80(13.08),413.16(nan),424.63(nan),392.87(75.19),462.96(nan),534.49(nan),253.32(9.91),581.03(nan),582.51(nan),282.72(28.85),240.58(nan),217.10(nan),95.32(nan),353.64(nan),240.29(nan),406.86(nan),232.47(nan),358.16(nan),284.69(nan),406.44(51.21),378.51(59.49),273.06(nan),325.09(nan),353.36(nan),320.40(nan),324.22(9.09),269.97(26.17),166.55(nan),1829.71(nan),2617.54(10.79),994.26(nan),1176.80(87.60),1025.15(nan),3856.18(5.34),4066.02(nan),585.61(nan),156.95(nan),137.24(nan),136.32(nan),32.74(nan),31.30(nan),59.01(nan),70.33(nan),93.58(nan),543.93(nan),409.60(nan),453.36(nan),,,879.21(nan),1418.71(nan),404.46(45.14),,24.93(1.45),697.14(11.89),,449.64(234.12),324.67(4.06),189.52(2.67),521.05(5.01),613.82(6.80),36.98(0.54),297.83(6.81),278.67(4.03),394.96(111.87),287.09(7.14),358.13(106.33),341.46(12.74),326.59(46.43),547.33(187.58),369.98(123.44),411.33(129.01),273.36(11.59),267.71(12.84),294.42(15.55),347.49(105.27),283.27(40.84),109.72(7.72),317.51(7.00),349.58(68.21),278.61(4.60),281.59(5.74),559.23(145.83),380.33(106.80),255.75(6.83),25.15(0.25),32.90(0.17),703.01(28.11),501.39(168.30),284.06(4.84),706.24(20.85),,,,872.98(206.67),651.52(167.20),,,,953.52(20.80),468.73(10.15),165.59(30.74),141.58(nan),6674.16(nan),72.42(nan),4713.05(nan),4551.92(nan),5806.11(nan),19.04(nan),2.92,175.42(4.68),2577.72(528.11),,,,,5683.06(268.61)
airlines,Num. Errors,211218.00(nan),202270.00(nan),203015.00(nan),212678.00(nan),,,,,,,,,,,210708.00(nan),199277.00(nan),197266.00(nan),,,209835.00(nan),201623.00(nan),,,,,,,,,,,,199407.00(nan),,,,,,,,,,,,,,,,206383.40(462.71),199441.00(nan),205678.00(nan),199122.00(nan),207636.00(nan),202441.00(nan),207624.00(nan),202440.00(nan),200089.00(nan),199754.00(nan),208810.00(36.99),,,,,,,240262.60(3.21),197145.00(nan),214219.00(nan),240247.00(0.00),240545.00(nan),,214193.00(nan),206304.80(120.35),213374.00(nan),253844.00(nan),198542.00(nan),197663.00(nan),198536.00(nan),210845.00(nan),201129.00(nan),201763.00(nan),201089.00(nan),201592.00(nan),,,,,,,,,,,,,,,,,,,,,,,,,,,,,,,,,,,,,,,,,,,,,,,,,,,,,,,,182013.20(245.53),,209982.40(507.72),203002.00(nan),,,,,,,,,,,,,,
airlines,Accuracy,60.84(nan),62.50(nan),62.36(nan),60.57(nan),,,,,,,,,,,60.94(nan),63.05(nan),63.43(nan),,,61.10(nan),62.62(nan),,,,,,,,,,,,63.03(nan),,,,,,,,,,,,,,,,61.74(0.09),63.02(nan),61.87(nan),63.08(nan),61.50(nan),62.47(nan),61.51(nan),62.47(nan),62.90(nan),62.97(nan),61.29(0.01),,,,,,,55.46(0.00),63.45(nan),60.28(nan),55.46(0.00),55.40(nan),,60.29(nan),61.75(0.02),60.44(nan),52.94(nan),63.19(nan),63.35(nan),63.19(nan),60.91(nan),62.71(nan),62.59(nan),62.72(nan),62.63(nan),,,,,,,,,,,,,,,,,,,,,,,,,,,,,,,,,,,,,,,,,,,,,,,,,,,,,,,,66.26(0.05),,61.07(0.09),62.36(nan),,,,,,,,,,,,,,
airlines,AUROC,63.63(nan),66.42(nan),66.32(nan),63.57(nan),,,,,,,,,,,64.12(nan),67.21(nan),67.68(nan),,,64.33(nan),66.46(nan),,,,,,,,,,,,66.94(nan),,,,,,,,,,,,,,,,64.87(0.04),67.04(nan),64.99(nan),67.25(nan),64.96(nan),66.38(nan),64.97(nan),66.38(nan),66.98(nan),67.07(nan),64.73(0.02),,,,,,,50.00(0.00),67.74(nan),62.66(nan),60.33(0.00),54.03(nan),,62.72(nan),65.38(0.04),62.98(nan),50.25(nan),67.40(nan),67.60(nan),67.40(nan),64.08(nan),66.75(nan),66.62(nan),66.77(nan),66.59(nan),,,,,,,,,,,,,,,,,,,,,,,,,,,,,,,,,,,,,,,,,,,,,,,,,,,,,,,,71.37(0.05),,63.08(0.35),65.97(nan),,,,,,,,,,,,,,
airlines,AUPRC,55.47(nan),59.88(nan),59.87(nan),55.52(nan),,,,,,,,,,,56.30(nan),62.19(nan),63.20(nan),,,56.70(nan),60.98(nan),,,,,,,,,,,,62.38(nan),,,,,,,,,,,,,,,,56.31(0.30),62.08(nan),57.16(nan),62.09(nan),57.59(nan),59.72(nan),57.59(nan),59.72(nan),61.47(nan),61.56(nan),57.18(0.03),,,,,,,49.40(8.28),63.62(nan),54.42(nan),52.63(0.00),47.15(nan),,54.51(nan),58.08(0.04),54.65(nan),53.33(nan),62.55(nan),62.88(nan),62.55(nan),56.45(nan),61.24(nan),60.75(nan),61.24(nan),60.20(nan),,,,,,,,,,,,,,,,,,,,,,,,,,,,,,,,,,,,,,,,,,,,,,,,,,,,,,,,68.02(0.08),,56.34(0.21),59.68(nan),,,,,,,,,,,,,,
airlines,Bal. Accuracy,59.59(nan),61.23(nan),61.10(nan),59.24(nan),,,,,,,,,,,59.73(nan),61.62(nan),61.94(nan),,,59.90(nan),61.19(nan),,,,,,,,,,,,61.79(nan),,,,,,,,,,,,,,,,60.55(0.07),61.51(nan),60.59(nan),61.57(nan),60.14(nan),61.13(nan),60.14(nan),61.13(nan),61.46(nan),61.50(nan),60.02(0.01),,,,,,,50.00(0.00),62.06(nan),59.05(nan),50.06(0.00),49.96(nan),,58.99(nan),60.45(0.04),59.22(nan),52.04(nan),61.64(nan),61.91(nan),61.64(nan),59.67(nan),61.38(nan),61.26(nan),61.38(nan),61.28(nan),,,,,,,,,,,,,,,,,,,,,,,,,,,,,,,,,,,,,,,,,,,,,,,,,,,,,,,,64.84(0.04),,59.78(0.17),61.04(nan),,,,,,,,,,,,,,
airlines,Time,329.46(nan),327.89(nan),356.71(nan),2135.43(nan),,,,,,,,,,,1787.07(nan),1790.80(nan),828.41(nan),,,2122.25(nan),2112.09(nan),,,,,,,,,,,,2138.38(nan),,,,,,,,,,,,,,,,2142.14(198.48),2273.33(nan),1594.77(nan),1477.81(nan),2948.76(nan),2112.96(nan),2765.62(nan),2021.31(nan),4605.07(nan),2212.79(nan),6604.00(664.34),,,,,,,2724.26(235.21),2637.76(nan),3797.32(nan),3878.56(20.87),1733.77(nan),,2230.77(nan),10223.94(1900.83),13146.78(nan),643.59(nan),2459.53(nan),2138.99(nan),2061.44(nan),502.91(nan),519.93(nan),881.11(nan),1086.47(nan),1428.58(nan),,,,,,,,,,,,,,,,,,,,,,,,,,,,,,,,,,,,,,,,,,,,,,,,,,,,,,,,12533.72(341.22),,1701.08(41.85),1723.24(nan),,,,,,,,,,,,,,
australian,Num. Errors,271.00(nan),123.00(nan),138.00(nan),246.00(nan),137.00(nan),134.00(nan),130.00(nan),130.00(nan),,134.00(nan),134.00(nan),132.00(nan),123.60(4.56),123.60(4.72),299.00(nan),137.00(nan),130.00(nan),155.00(nan),152.00(nan),258.00(nan),132.00(nan),126.00(nan),126.00(nan),126.20(6.02),127.20(6.42),126.00(6.04),128.00(5.83),127.60(6.91),128.00(7.21),127.60(6.73),132.00(nan),127.40(5.59),123.00(nan),134.00(nan),133.00(nan),135.00(nan),134.00(nan),282.20(11.03),126.40(5.73),276.20(10.94),137.00(nan),138.00(nan),126.40(5.73),134.00(nan),134.00(nan),127.40(6.07),135.00(nan),134.00(nan),250.20(13.88),134.00(nan),254.00(nan),110.00(nan),234.00(nan),134.00(nan),234.00(nan),134.00(nan),133.00(nan),134.00(nan),274.80(8.73),272.80(53.96),129.00(nan),133.00(nan),149.00(nan),131.00(nan),139.40(3.29),307.60(3.29),129.00(nan),286.00(nan),111.00(0.00),201.00(nan),121.20(1.64),254.00(nan),124.20(2.68),238.00(nan),233.00(nan),121.00(nan),119.00(nan),121.00(nan),273.00(nan),122.00(nan),127.00(nan),127.00(nan),128.00(nan),134.00(nan),126.00(nan),123.00(nan),123.80(3.19),126.60(5.59),136.00(nan),152.00(nan),130.20(9.88),232.20(15.63),127.40(5.59),124.20(6.69),126.40(9.91),143.40(9.40),124.40(6.47),126.60(7.64),125.80(6.14),124.20(6.69),267.40(7.57),124.60(8.20),126.20(7.33),126.20(6.65),124.40(7.54),256.40(9.89),253.60(19.28),124.40(7.54),128.60(8.41),126.80(3.63),125.80(3.49),131.20(8.93),128.40(8.96),142.60(6.35),137.00(6.16),143.40(4.72),126.60(8.05),131.20(6.83),139.80(12.40),125.20(6.50),124.40(7.54),127.60(8.91),129.60(8.91),288.60(13.37),126.60(8.05),130.60(8.02),125.40(8.26),126.00(7.21),126.60(6.39),125.20(5.67),,132.40(7.02),,126.60(11.67),131.60(11.59),132.00(10.91),132.80(9.28),138.40(3.21),150.00(4.69),343.67(1.53),256.40(12.36),303.00(nan),201.00(nan),128.00(nan),200.00(nan),313.00(nan),313.00(nan),370.00(nan),285.0,404.60(8.68),262.60(51.75),263.80(20.10),319.00(34.73),263.80(20.10),342.20(49.95),185.60(8.26)
australian,Accuracy,60.72(nan),82.17(nan),80.00(nan),64.35(nan),80.14(nan),80.58(nan),81.16(nan),81.16(nan),,80.58(nan),80.58(nan),80.87(nan),82.09(0.66),82.09(0.68),56.67(nan),80.14(nan),81.16(nan),77.54(nan),77.97(nan),62.61(nan),80.87(nan),81.74(nan),81.74(nan),81.71(0.87),81.57(0.93),81.74(0.88),81.45(0.85),81.51(1.00),81.45(1.05),81.51(0.98),80.87(nan),81.54(0.81),82.17(nan),80.58(nan),80.72(nan),80.43(nan),80.58(nan),59.10(1.60),81.68(0.83),59.97(1.59),80.14(nan),80.00(nan),81.68(0.83),80.58(nan),80.58(nan),81.54(0.88),80.43(nan),80.58(nan),63.74(2.01),80.58(nan),63.19(nan),84.06(nan),66.09(nan),80.58(nan),66.09(nan),80.58(nan),80.72(nan),80.58(nan),60.17(1.27),60.46(7.82),81.30(nan),80.72(nan),78.41(nan),81.01(nan),79.80(0.48),55.42(0.48),81.30(nan),58.55(nan),83.91(0.00),70.87(nan),82.43(0.24),63.19(nan),82.00(0.39),65.51(nan),66.23(nan),82.46(nan),82.75(nan),82.46(nan),60.43(nan),82.32(nan),81.59(nan),81.59(nan),81.45(nan),80.58(nan),81.74(nan),82.17(nan),82.06(0.46),81.65(0.81),80.29(nan),77.97(nan),81.13(1.43),66.35(2.26),81.54(0.81),82.00(0.97),81.68(1.44),79.22(1.36),81.97(0.94),81.65(1.11),81.77(0.89),82.00(0.97),61.25(1.10),81.94(1.19),81.71(1.06),81.71(0.96),81.97(1.09),62.84(1.43),63.25(2.79),81.97(1.09),81.36(1.22),81.62(0.53),81.77(0.51),80.99(1.29),81.39(1.30),79.33(0.92),80.14(0.89),79.22(0.68),81.65(1.17),80.99(0.99),79.74(1.80),81.86(0.94),81.97(1.09),81.51(1.29),81.22(1.29),58.17(1.94),81.65(1.17),81.07(1.16),81.83(1.20),81.74(1.05),81.65(0.93),81.86(0.82),,80.81(1.02),,81.65(1.69),80.93(1.68),80.87(1.58),80.75(1.35),79.94(0.47),78.26(0.68),50.19(0.22),62.84(1.79),56.09(nan),70.87(nan),81.45(nan),71.01(nan),54.64(nan),54.64(nan),46.38(nan),58.7,41.28(1.26),61.94(7.50),61.77(2.91),53.77(5.03),61.77(2.91),50.41(7.24),73.10(1.20)
australian,AUROC,64.20(nan),88.18(nan),86.64(nan),64.70(nan),87.24(nan),87.07(nan),87.90(nan),87.90(nan),,87.29(nan),87.29(nan),88.02(nan),87.88(0.32),87.84(0.47),61.52(nan),87.32(nan),87.48(nan),85.19(nan),84.85(nan),62.28(nan),87.32(nan),87.96(nan),87.96(nan),87.69(0.64),87.74(0.62),87.68(0.65),87.74(0.65),87.74(0.62),87.80(0.61),87.75(0.62),87.12(nan),87.74(0.65),87.74(nan),87.23(nan),87.28(nan),87.25(nan),87.14(nan),61.79(1.95),87.80(0.54),62.16(1.79),87.14(nan),86.95(nan),87.83(0.53),87.23(nan),87.19(nan),87.81(0.53),87.25(nan),87.23(nan),63.88(3.15),87.58(nan),62.82(nan),88.87(nan),67.40(nan),87.05(nan),67.40(nan),87.05(nan),87.84(nan),87.32(nan),59.95(4.21),66.18(9.15),87.83(nan),87.12(nan),86.44(nan),86.71(nan),86.77(0.50),50.19(0.68),86.99(nan),60.25(nan),90.00(0.00),76.19(nan),88.31(0.09),62.97(nan),88.06(0.07),63.71(nan),68.75(nan),87.31(nan),87.28(nan),87.21(nan),62.84(nan),87.76(nan),87.93(nan),87.94(nan),87.87(nan),87.21(nan),87.68(nan),88.00(nan),87.91(0.29),87.91(0.35),87.36(nan),84.07(nan),87.57(0.68),69.57(2.51),87.74(0.65),87.89(0.50),87.76(0.96),86.97(0.69),87.84(0.46),87.61(0.58),87.83(0.58),87.89(0.50),62.67(0.57),87.82(0.62),87.84(0.62),87.78(0.55),87.84(0.56),63.90(1.16),64.65(1.86),87.84(0.56),87.57(0.92),87.48(0.52),87.58(0.21),87.37(0.44),87.34(0.41),85.65(0.70),85.58(0.90),85.94(0.40),87.56(0.57),87.55(0.68),86.67(1.21),87.80(0.49),87.84(0.56),87.62(0.89),87.41(0.87),61.93(1.50),87.56(0.57),87.18(0.45),87.86(0.53),87.74(0.64),87.84(0.61),87.77(0.61),,87.41(0.71),,87.20(0.63),87.04(0.54),87.11(0.51),87.10(0.51),86.03(0.64),85.24(0.23),48.26(0.07),66.02(1.13),58.36(nan),80.21(nan),88.62(nan),80.32(nan),53.01(nan),53.01(nan),51.71(nan),60.2,43.47(1.03),60.05(10.05),61.68(3.09),50.25(7.74),61.68(3.09),45.15(8.66),81.56(0.71)
australian,AUPRC,65.11(nan),84.78(nan),84.76(nan),65.64(nan),83.38(nan),83.23(nan),84.04(nan),84.04(nan),,83.48(nan),83.48(nan),84.08(nan),85.30(1.13),85.13(1.24),62.90(nan),83.31(nan),83.50(nan),80.76(nan),81.49(nan),59.14(nan),83.14(nan),84.38(nan),84.38(nan),85.30(1.28),85.38(1.26),85.29(1.28),85.36(1.29),85.41(1.28),85.40(1.45),85.41(1.29),83.33(nan),85.33(1.31),83.55(nan),83.52(nan),83.45(nan),83.56(nan),83.28(nan),62.90(1.38),85.01(1.18),63.48(1.31),83.38(nan),83.13(nan),85.04(1.23),83.53(nan),83.49(nan),85.07(1.15),83.56(nan),83.53(nan),63.54(2.17),83.69(nan),62.11(nan),86.95(nan),66.48(nan),83.58(nan),66.48(nan),83.58(nan),85.90(nan),83.68(nan),56.55(3.79),59.45(10.20),85.58(nan),84.75(nan),83.73(nan),83.00(nan),83.95(1.11),45.57(3.33),84.53(nan),62.10(nan),87.84(0.00),75.24(nan),86.71(0.24),61.83(nan),86.51(0.24),62.58(nan),62.52(nan),83.69(nan),83.76(nan),83.69(nan),63.77(nan),83.61(nan),84.36(nan),84.35(nan),84.40(nan),83.45(nan),83.62(nan),85.74(nan),84.87(0.97),85.30(0.70),84.43(nan),80.23(nan),84.82(0.87),69.55(2.13),85.33(1.31),85.66(0.49),85.79(1.25),84.63(1.37),85.58(0.43),85.15(0.72),85.59(0.53),85.66(0.49),62.77(1.09),85.53(0.57),85.61(0.64),85.54(0.45),85.57(0.48),64.01(0.74),63.47(1.36),85.57(0.48),85.52(0.83),85.10(0.75),86.47(0.69),86.02(0.53),86.17(0.66),84.33(0.83),84.03(0.80),84.52(0.42),85.06(0.71),85.25(0.81),84.15(1.42),85.42(0.64),85.57(0.48),85.53(0.81),85.28(1.46),62.97(1.39),85.06(0.71),84.40(0.76),85.61(0.46),85.83(0.23),85.62(0.53),85.53(0.54),,84.00(1.14),,84.10(1.32),83.72(1.06),83.89(1.02),83.89(0.98),83.35(1.48),82.69(0.56),43.88(0.08),62.16(2.18),50.87(nan),76.87(nan),85.69(nan),77.09(nan),46.04(nan),46.04(nan),55.52(nan),58.67,40.63(0.93),57.94(7.87),64.20(1.78),53.23(6.13),64.20(1.78),50.25(6.55),77.81(0.73)
australian,Bal. Accuracy,60.55(nan),81.87(nan),79.04(nan),63.85(nan),80.18(nan),80.54(nan),80.96(nan),80.96(nan),,80.54(nan),80.54(nan),80.70(nan),81.71(0.62),81.68(0.73),56.47(nan),80.21(nan),81.15(nan),77.02(nan),77.47(nan),61.54(nan),80.86(nan),81.68(nan),81.68(nan),81.15(0.88),81.00(1.00),81.19(0.86),80.91(0.93),80.97(1.04),81.01(1.19),80.96(1.05),80.86(nan),80.99(0.94),82.26(nan),80.54(nan),80.70(nan),80.44(nan),80.54(nan),58.91(1.77),81.26(0.71),59.79(1.64),80.18(nan),80.01(nan),81.26(0.71),80.57(nan),80.57(nan),81.15(0.77),80.44(nan),80.57(nan),62.72(2.22),80.02(nan),62.15(nan),83.41(nan),65.15(nan),80.18(nan),65.15(nan),80.18(nan),80.34(nan),80.08(nan),58.70(1.80),56.80(9.64),80.74(nan),79.63(nan),78.25(nan),80.73(nan),79.13(0.59),50.28(0.66),81.16(nan),58.14(nan),83.86(0.00),70.04(nan),82.19(0.23),62.51(nan),81.66(0.40),64.73(nan),65.15(nan),82.23(nan),82.56(nan),82.23(nan),60.03(nan),82.13(nan),80.87(nan),80.87(nan),80.70(nan),80.54(nan),81.55(nan),81.71(nan),81.60(0.57),81.20(0.86),80.37(nan),77.93(nan),80.68(1.42),66.02(2.16),80.99(0.94),81.54(0.87),81.15(1.43),78.48(1.70),81.51(0.86),81.29(0.93),81.31(0.80),81.54(0.87),60.44(0.77),81.79(1.14),81.27(1.02),81.29(0.89),81.58(0.98),62.40(1.46),62.05(2.45),81.58(0.98),80.92(1.34),81.24(0.53),81.38(0.45),80.65(1.28),81.05(1.27),78.91(0.97),79.70(0.96),78.88(0.75),81.35(0.97),80.59(1.12),79.07(1.83),81.55(0.81),81.58(0.98),81.09(1.30),80.81(1.36),58.26(1.93),81.35(0.97),80.70(1.13),81.54(1.13),81.25(1.05),81.24(0.90),81.45(0.79),,80.40(1.34),,81.25(1.62),80.77(1.61),80.71(1.50),80.59(1.24),79.40(0.52),77.23(0.82),48.68(0.26),61.03(2.10),54.50(nan),69.75(nan),80.83(nan),69.79(nan),52.55(nan),52.55(nan),48.21(nan),57.11,42.86(1.20),61.76(7.62),61.71(2.98),53.65(5.22),61.71(2.98),50.31(7.36),72.34(1.29)
australian,Time,0.36(nan),0.41(nan),0.43(nan),2.35(nan),4.99(nan),5.91(nan),6.39(nan),6.13(nan),,3.00(nan),3.17(nan),7.66(nan),0.74(0.01),2.64(0.03),1.74(nan),1.79(nan),1.04(nan),15.55(nan),14.23(nan),2.17(nan),2.21(nan),7.30(nan),7.36(nan),1.46(0.14),1.23(0.01),1.27(0.01),2.59(0.12),2.76(0.02),1.05(0.01),1.14(0.01),2.97(nan),0.63(0.02),2.43(nan),4.12(nan),3.00(nan),3.46(nan),3.11(nan),2.80(0.03),2.56(0.06),2.70(0.06),8.20(nan),5.50(nan),3.40(0.19),4.20(nan),5.21(nan),3.00(0.02),4.36(nan),4.77(nan),1.74(0.01),2.64(nan),1.54(nan),1.58(nan),1.87(nan),1.95(nan),1.88(nan),1.75(nan),2.62(nan),1.92(nan),9.55(0.36),7.24(0.08),1.81(nan),2.01(nan),2.50(nan),1.64(nan),2.90(0.03),5.74(0.17),3.49(nan),7.05(nan),7.78(0.19),3.27(nan),7.21(0.04),3.94(nan),13.70(0.19),13.80(nan),1.22(nan),2.80(nan),2.33(nan),2.34(nan),0.54(nan),0.57(nan),0.89(nan),1.16(nan),1.58(nan),3.18(nan),2.47(nan),5.58(nan),3.25(0.15),3.18(0.11),6.47(nan),13.28(nan),4.45(0.71),4.28(0.53),0.55(0.01),3.33(0.39),2.92(0.02),3.37(0.47),5.35(0.21),3.26(0.03),2.76(0.02),3.23(0.08),0.70(0.02),4.72(0.17),3.03(0.10),3.45(0.05),3.01(0.07),2.83(0.03),3.02(0.06),2.68(0.06),3.65(0.24),3.09(0.06),3.65(0.16),2.94(0.02),2.99(0.02),4.11(0.41),3.17(0.28),2.76(0.03),3.40(0.11),4.10(0.37),3.03(0.02),2.89(0.07),2.89(0.04),3.14(0.10),3.41(0.15),2.74(0.05),0.58(0.01),0.88(0.00),3.21(0.38),4.03(0.33),4.84(0.22),3.81(0.90),,2.00(0.11),,6.58(0.07),5.30(0.14),6.31(0.29),8.20(0.31),4.44(0.06),17.85(0.27),9.23(0.12),2.68(0.20),2.10(nan),25.82(nan),0.76(nan),25.89(nan),24.94(nan),24.39(nan),0.06(nan),0.03,0.48(0.00),3.76(0.03),3.06(0.03),3.55(0.43),3.04(0.08),3.06(0.05),11.85(0.13)
chessweka,Num. Errors,179.00(nan),170.00(nan),162.00(nan),162.00(nan),145.00(nan),141.00(nan),148.00(nan),148.00(nan),,,,148.00(nan),,,158.00(nan),138.00(nan),143.00(nan),,,178.00(nan),138.00(nan),152.00(nan),152.00(nan),,,,,,,,,,156.00(nan),,,,,,,,,,,,,,,,188.60(6.58),141.00(nan),210.00(nan),169.00(nan),189.00(nan),147.00(nan),189.00(nan),147.00(nan),142.00(nan),149.00(nan),201.60(6.62),,,,,,,295.60(5.08),157.00(nan),173.00(nan),131.00(0.00),153.00(nan),,174.00(nan),133.80(3.03),183.00(nan),107.00(nan),138.00(nan),143.00(nan),145.00(nan),160.00(nan),144.00(nan),149.00(nan),148.00(nan),148.00(nan),,,,,,,,,,,,,,,,,,,,,,,,,,,,,,,,,,,,,,,,,,,,,,,,,,,,,,,,178.40(9.66),,201.00(1.41),199.00(nan),198.00(nan),201.00(nan),202.00(nan),198.00(nan),198.00(nan),,,,,,,,,
chessweka,Accuracy,64.41(nan),66.20(nan),67.79(nan),67.79(nan),71.17(nan),71.97(nan),70.58(nan),70.58(nan),,,,70.58(nan),,,68.59(nan),72.56(nan),71.57(nan),,,64.61(nan),72.56(nan),69.78(nan),69.78(nan),,,,,,,,,,68.99(nan),,,,,,,,,,,,,,,,62.50(1.31),71.97(nan),58.25(nan),66.40(nan),62.43(nan),70.78(nan),62.43(nan),70.78(nan),71.77(nan),70.38(nan),59.92(1.32),,,,,,,41.23(1.01),68.79(nan),65.61(nan),73.96(0.00),69.58(nan),,65.41(nan),73.40(0.60),63.62(nan),78.73(nan),72.56(nan),71.57(nan),71.17(nan),68.19(nan),71.37(nan),70.38(nan),70.58(nan),70.58(nan),,,,,,,,,,,,,,,,,,,,,,,,,,,,,,,,,,,,,,,,,,,,,,,,,,,,,,,,64.53(1.92),,60.04(0.28),60.44(nan),60.64(nan),60.04(nan),59.84(nan),60.64(nan),60.64(nan),,,,,,,,,
chessweka,AUROC,67.00(nan),71.97(nan),73.49(nan),72.42(nan),75.12(nan),74.93(nan),75.53(nan),75.53(nan),,,,75.67(nan),,,69.94(nan),76.16(nan),75.94(nan),,,64.04(nan),74.95(nan),75.59(nan),75.59(nan),,,,,,,,,,75.10(nan),,,,,,,,,,,,,,,,64.36(1.30),79.41(nan),60.29(nan),70.56(nan),63.80(nan),74.50(nan),63.80(nan),74.50(nan),76.63(nan),74.07(nan),58.50(2.39),,,,,,,51.24(0.74),63.36(nan),66.76(nan),80.61(0.00),78.05(nan),,65.10(nan),79.71(0.47),66.44(nan),85.97(nan),77.28(nan),76.77(nan),76.82(nan),69.82(nan),75.08(nan),74.95(nan),74.66(nan),74.08(nan),,,,,,,,,,,,,,,,,,,,,,,,,,,,,,,,,,,,,,,,,,,,,,,,,,,,,,,,65.42(2.13),,49.25(2.18),55.73(nan),53.62(nan),54.55(nan),52.94(nan),49.79(nan),49.79(nan),,,,,,,,,
chessweka,AUPRC,78.34(nan),77.70(nan),79.11(nan),82.52(nan),79.97(nan),79.06(nan),81.07(nan),81.07(nan),,,,81.79(nan),,,81.56(nan),81.91(nan),81.84(nan),,,71.95(nan),80.92(nan),80.81(nan),80.81(nan),,,,,,,,,,80.90(nan),,,,,,,,,,,,,,,,75.76(1.95),84.48(nan),74.37(nan),77.17(nan),71.95(nan),80.49(nan),71.95(nan),80.49(nan),82.92(nan),80.76(nan),66.71(1.81),,,,,,,68.57(3.15),69.04(nan),76.32(nan),85.72(0.00),83.68(nan),,76.25(nan),85.20(0.44),76.96(nan),88.76(nan),83.16(nan),82.93(nan),82.95(nan),79.02(nan),81.13(nan),80.88(nan),80.93(nan),80.26(nan),,,,,,,,,,,,,,,,,,,,,,,,,,,,,,,,,,,,,,,,,,,,,,,,,,,,,,,,71.93(1.12),,60.73(2.46),63.77(nan),62.13(nan),64.87(nan),61.80(nan),60.28(nan),60.28(nan),,,,,,,,,
chessweka,Bal. Accuracy,62.86(nan),58.58(nan),61.48(nan),66.36(nan),67.81(nan),68.73(nan),65.90(nan),65.90(nan),,,,65.99(nan),,,67.10(nan),69.32(nan),68.50(nan),,,62.49(nan),69.49(nan),64.98(nan),64.98(nan),,,,,,,,,,63.62(nan),,,,,,,,,,,,,,,,61.07(1.31),68.20(nan),56.89(nan),60.16(nan),60.60(nan),67.93(nan),60.60(nan),67.93(nan),69.10(nan),66.80(nan),54.26(1.72),,,,,,,51.12(0.78),64.69(nan),64.11(nan),68.69(0.00),63.67(nan),,63.95(nan),71.01(0.81),62.20(nan),77.32(nan),69.32(nan),68.50(nan),68.08(nan),67.13(nan),68.15(nan),65.83(nan),66.44(nan),66.70(nan),,,,,,,,,,,,,,,,,,,,,,,,,,,,,,,,,,,,,,,,,,,,,,,,,,,,,,,,60.18(2.30),,50.09(0.89),49.92(nan),52.04(nan),49.60(nan),51.56(nan),52.57(nan),52.57(nan),,,,,,,,,
chessweka,Time,0.26(nan),0.30(nan),0.31(nan),1.66(nan),3.53(nan),4.16(nan),4.61(nan),4.34(nan),,,,5.58(nan),,,1.30(nan),1.36(nan),0.61(nan),,,1.61(nan),1.61(nan),5.14(nan),5.21(nan),,,,,,,,,,1.70(nan),,,,,,,,,,,,,,,,1.29(0.01),1.38(nan),1.07(nan),1.08(nan),1.30(nan),1.23(nan),1.34(nan),1.16(nan),1.83(nan),1.43(nan),5.34(0.54),,,,,,,2.47(0.02),2.49(nan),3.91(nan),3.88(0.04),1.73(nan),,2.22(nan),7.39(0.02),7.58(nan),0.65(nan),1.92(nan),1.60(nan),1.57(nan),0.39(nan),0.41(nan),0.64(nan),0.83(nan),1.15(nan),,,,,,,,,,,,,,,,,,,,,,,,,,,,,,,,,,,,,,,,,,,,,,,,,,,,,,,,12.20(0.16),,1.36(0.03),1.62(nan),14.40(nan),0.54(nan),14.42(nan),13.84(nan),12.67(nan),,,,,,,,,
diabetes_f,Num. Errors,345.00(nan),249.00(nan),256.00(nan),318.00(nan),220.00(nan),225.00(nan),222.00(nan),222.00(nan),,212.00(nan),212.00(nan),221.00(nan),217.00(3.39),221.20(4.09),349.00(nan),225.00(nan),220.00(nan),226.00(nan),228.00(nan),359.00(nan),226.00(nan),218.00(nan),218.00(nan),220.80(5.07),220.80(4.97),221.20(5.02),220.80(5.59),220.00(5.57),221.60(5.98),220.80(5.07),220.00(nan),222.20(4.44),216.00(nan),216.00(nan),218.00(nan),216.00(nan),219.00(nan),343.40(10.53),220.40(5.32),341.60(4.16),221.00(nan),225.00(nan),220.00(5.15),216.00(nan),216.00(nan),217.40(4.39),216.00(nan),216.00(nan),330.00(11.60),228.00(nan),343.00(nan),225.00(nan),311.00(nan),221.00(nan),311.00(nan),221.00(nan),221.00(nan),216.00(nan),286.60(9.53),274.60(13.13),219.00(nan),222.00(nan),233.00(nan),221.00(nan),219.60(6.11),274.00(1.00),215.00(nan),353.00(nan),199.00(0.00),280.00(nan),206.20(1.30),342.00(nan),208.20(2.17),327.00(nan),310.00(nan),214.00(nan),213.00(nan),213.00(nan),346.00(nan),218.00(nan),218.00(nan),221.00(nan),219.00(nan),218.00(nan),221.00(nan),219.00(nan),,,226.00(nan),237.00(nan),214.60(4.04),305.80(8.14),222.20(4.44),216.80(7.53),217.40(3.91),227.20(16.80),216.60(7.47),217.40(5.68),214.20(8.17),216.80(7.53),342.20(7.01),235.40(3.13),220.40(6.35),218.80(7.33),222.20(4.76),336.20(6.46),309.60(9.04),222.20(4.76),219.60(7.83),215.80(8.76),220.20(14.57),222.60(11.01),221.60(14.26),234.40(3.91),233.00(6.96),238.00(6.12),221.20(5.63),223.60(9.56),235.60(13.58),215.20(5.07),222.20(4.76),218.40(7.83),220.80(6.18),351.40(12.70),221.20(5.63),215.80(7.22),221.40(5.59),215.40(7.60),220.60(6.11),216.00(7.78),,216.00(5.29),,224.60(11.57),225.80(5.63),224.60(4.72),225.60(4.39),218.80(8.38),228.60(6.35),314.33(0.58),304.80(40.27),478.00(nan),274.00(nan),261.00(nan),276.00(nan),280.00(nan),280.00(nan),280.00(nan),278.0,342.00(8.57),283.40(48.51),251.80(3.96),278.40(62.97),251.80(3.96),246.80(3.42),247.60(5.03)
diabetes_f,Accuracy,55.08(nan),67.58(nan),66.67(nan),58.59(nan),71.35(nan),70.70(nan),71.09(nan),71.09(nan),,72.40(nan),72.40(nan),71.22(nan),71.74(0.44),71.20(0.53),54.56(nan),70.70(nan),71.35(nan),70.57(nan),70.31(nan),53.26(nan),70.57(nan),71.61(nan),71.61(nan),71.25(0.66),71.25(0.65),71.20(0.65),71.25(0.73),71.35(0.72),71.15(0.78),71.25(0.66),71.35(nan),71.07(0.58),71.88(nan),71.88(nan),71.61(nan),71.88(nan),71.48(nan),55.29(1.37),71.30(0.69),55.52(0.54),71.22(nan),70.70(nan),71.35(0.67),71.88(nan),71.88(nan),71.69(0.57),71.88(nan),71.88(nan),57.03(1.51),70.31(nan),55.34(nan),70.70(nan),59.51(nan),71.22(nan),59.51(nan),71.22(nan),71.22(nan),71.88(nan),62.68(1.24),64.24(1.71),71.48(nan),71.09(nan),69.66(nan),71.22(nan),71.41(0.80),64.32(0.13),72.01(nan),54.04(nan),74.09(0.00),63.54(nan),73.15(0.17),55.47(nan),72.89(0.28),57.42(nan),59.64(nan),72.14(nan),72.27(nan),72.27(nan),54.95(nan),71.61(nan),71.61(nan),71.22(nan),71.48(nan),71.61(nan),71.22(nan),71.48(nan),,,70.57(nan),69.14(nan),72.06(0.53),60.18(1.06),71.07(0.58),71.77(0.98),71.69(0.51),70.42(2.19),71.80(0.97),71.69(0.74),72.11(1.06),71.77(0.98),55.44(0.91),69.35(0.41),71.30(0.83),71.51(0.95),71.07(0.62),56.22(0.84),59.69(1.18),71.07(0.62),71.41(1.02),71.90(1.14),71.33(1.90),71.02(1.43),71.15(1.86),69.48(0.51),69.66(0.91),69.01(0.80),71.20(0.73),70.89(1.24),69.32(1.77),71.98(0.66),71.07(0.62),71.56(1.02),71.25(0.80),54.24(1.65),71.20(0.73),71.90(0.94),71.17(0.73),71.95(0.99),71.28(0.80),71.88(1.01),,71.88(0.69),,70.76(1.51),70.60(0.73),70.76(0.61),70.62(0.57),71.51(1.09),70.23(0.83),59.07(0.08),60.31(5.24),37.76(nan),64.32(nan),66.02(nan),64.06(nan),63.54(nan),63.54(nan),63.54(nan),63.8,55.41(1.12),63.10(6.32),67.21(0.52),63.75(8.20),67.21(0.52),67.86(0.45),67.76(0.65)
diabetes_f,AUROC,48.80(nan),70.14(nan),67.72(nan),50.20(nan),73.59(nan),73.52(nan),75.69(nan),75.69(nan),,73.97(nan),73.97(nan),75.38(nan),74.96(1.15),74.58(1.09),50.12(nan),73.45(nan),73.47(nan),71.60(nan),69.67(nan),50.18(nan),73.28(nan),75.39(nan),75.39(nan),74.56(0.27),74.58(0.23),74.56(0.26),74.56(0.29),74.58(0.20),74.46(0.32),74.60(0.23),73.54(nan),74.61(0.25),75.38(nan),73.75(nan),73.81(nan),73.65(nan),73.50(nan),49.00(2.22),74.51(1.01),48.94(1.98),73.39(nan),73.24(nan),74.47(1.02),73.67(nan),73.75(nan),74.55(0.92),73.65(nan),73.67(nan),48.87(1.21),73.01(nan),47.41(nan),72.00(nan),49.90(nan),74.06(nan),49.90(nan),74.06(nan),73.71(nan),73.60(nan),47.43(1.82),55.63(4.98),73.71(nan),72.78(nan),71.04(nan),73.23(nan),74.11(0.60),50.13(0.27),74.92(nan),46.79(nan),78.21(0.00),44.43(nan),75.60(0.28),47.13(nan),75.07(0.27),48.52(nan),59.55(nan),73.78(nan),73.76(nan),73.74(nan),48.84(nan),74.29(nan),74.19(nan),74.30(nan),73.95(nan),73.55(nan),74.00(nan),74.33(nan),,,72.46(nan),69.54(nan),75.31(0.86),55.61(2.05),74.61(0.25),75.01(0.96),74.71(0.99),73.96(0.67),75.02(0.96),75.01(0.85),75.00(1.06),75.01(0.96),47.42(1.43),74.87(0.95),74.96(1.05),74.87(0.92),74.93(0.98),50.24(1.63),48.02(0.65),74.93(0.98),74.69(0.77),75.08(0.66),74.28(0.81),73.99(0.76),74.28(0.52),71.76(0.50),72.05(0.95),71.56(0.98),75.06(0.78),74.81(0.73),73.53(0.78),75.26(0.77),74.93(0.98),74.72(1.02),74.36(1.16),47.94(1.49),75.06(0.78),75.51(0.83),75.01(0.95),75.19(0.85),74.93(1.06),74.87(1.07),,74.92(0.85),,74.09(1.30),73.59(1.31),73.85(1.24),73.84(1.30),70.98(0.73),71.16(0.65),51.78(0.71),48.06(2.54),53.82(nan),57.76(nan),65.97(nan),57.58(nan),52.26(nan),52.26(nan),49.90(nan),59.49,47.30(0.74),61.37(9.84),70.36(0.71),65.71(12.35),70.36(0.71),71.18(0.21),68.10(1.18)
diabetes_f,AUPRC,36.58(nan),51.99(nan),49.43(nan),38.20(nan),59.36(nan),59.02(nan),62.51(nan),62.51(nan),,59.71(nan),59.71(nan),61.92(nan),61.24(1.99),60.31(2.20),37.28(nan),58.32(nan),58.91(nan),58.94(nan),56.33(nan),37.19(nan),57.72(nan),62.10(nan),62.10(nan),59.76(1.26),59.83(1.28),59.77(1.25),59.80(1.20),59.87(1.34),59.66(1.65),59.86(1.25),59.35(nan),59.83(1.19),61.66(nan),59.74(nan),59.64(nan),59.58(nan),59.39(nan),37.16(2.28),60.24(2.14),37.01(1.81),59.02(nan),59.01(nan),60.16(2.09),59.64(nan),59.46(nan),60.37(2.07),59.58(nan),59.64(nan),35.97(1.12),59.32(nan),35.77(nan),58.37(nan),36.75(nan),61.52(nan),36.75(nan),61.52(nan),60.54(nan),60.55(nan),36.80(1.71),38.35(4.29),60.43(nan),57.51(nan),57.27(nan),58.55(nan),59.92(1.11),36.54(1.68),61.20(nan),34.94(nan),65.08(0.00),32.58(nan),63.31(0.24),34.90(nan),63.03(0.29),35.99(nan),48.57(nan),60.09(nan),60.12(nan),59.91(nan),34.85(nan),60.30(nan),60.30(nan),60.53(nan),59.79(nan),59.29(nan),60.76(nan),58.64(nan),,,55.97(nan),54.81(nan),61.26(2.12),41.21(1.66),59.83(1.19),60.74(1.82),60.22(1.59),59.64(2.27),60.75(1.81),60.72(1.99),60.88(1.72),60.74(1.82),35.18(1.00),60.82(1.95),60.92(1.94),60.65(1.70),60.78(1.54),37.56(1.62),35.99(0.29),60.78(1.54),60.72(1.83),61.27(2.00),60.65(1.77),60.29(1.66),60.93(1.44),57.27(0.95),57.87(1.69),57.53(1.32),60.77(2.01),60.40(1.34),58.02(1.49),61.09(1.93),60.78(1.54),60.42(1.48),60.34(1.47),35.52(0.91),60.77(2.01),61.56(1.99),60.81(1.74),61.05(1.55),60.66(1.60),61.06(1.95),,60.40(0.85),,58.63(2.47),58.54(2.30),58.87(1.94),58.84(2.18),57.47(1.03),57.57(1.07),36.29(0.63),34.83(1.66),39.29(nan),40.48(nan),50.34(nan),40.99(nan),35.14(nan),35.14(nan),65.60(nan),46.14,32.72(0.64),44.80(7.82),52.94(1.54),51.24(6.89),52.94(1.54),54.98(0.70),53.40(2.04)
diabetes_f,Bal. Accuracy,50.96(nan),57.53(nan),55.10(nan),53.05(nan),63.46(nan),63.04(nan),64.81(nan),64.81(nan),,64.52(nan),64.52(nan),64.66(nan),63.98(0.83),63.03(0.91),50.30(nan),62.35(nan),63.11(nan),62.94(nan),61.79(nan),48.95(nan),62.25(nan),64.87(nan),64.87(nan),62.63(1.02),62.68(1.01),62.57(1.02),62.65(1.02),62.78(1.08),62.66(0.99),62.68(1.03),63.11(nan),62.51(0.96),65.41(nan),63.68(nan),63.48(nan),63.77(nan),63.21(nan),50.75(1.85),63.35(1.08),50.79(0.87),63.18(nan),62.52(nan),63.44(1.12),63.77(nan),63.68(nan),63.84(0.96),63.77(nan),63.77(nan),51.09(1.47),61.88(nan),49.86(nan),62.52(nan),51.85(nan),63.18(nan),51.85(nan),63.18(nan),63.27(nan),63.51(nan),51.81(0.51),49.84(0.27),62.69(nan),62.74(nan),59.99(nan),62.58(nan),63.10(0.72),50.21(0.30),65.60(nan),49.46(nan),68.24(0.00),49.23(nan),67.12(0.29),49.87(nan),66.58(0.43),51.11(nan),56.36(nan),63.45(nan),63.46(nan),63.46(nan),49.47(nan),63.05(nan),63.05(nan),62.58(nan),62.69(nan),63.48(nan),63.01(nan),65.37(nan),,,61.13(nan),60.72(nan),64.52(1.13),55.15(1.21),62.51(0.96),64.83(1.89),63.61(0.89),61.20(4.90),64.85(1.88),63.72(1.47),65.23(1.91),64.83(1.89),49.63(1.00),67.46(0.91),64.82(1.73),65.39(1.92),65.18(1.45),51.70(1.07),50.98(0.52),65.18(1.45),65.40(1.90),66.08(1.93),66.05(1.59),65.81(1.20),66.05(2.06),64.18(1.60),64.49(1.25),64.55(1.32),64.36(1.61),63.70(1.34),60.79(1.07),65.82(1.40),65.18(1.45),65.92(1.76),66.01(1.23),50.30(1.76),64.36(1.61),65.61(1.31),66.54(1.70),65.15(1.79),65.34(1.80),66.75(1.72),,63.56(0.95),,62.82(1.81),61.51(1.26),61.99(0.91),61.81(0.92),64.88(1.38),59.90(0.99),51.20(0.17),50.37(0.85),50.21(nan),51.82(nan),54.08(nan),51.80(nan),49.58(nan),49.58(nan),50.10(nan),49.17,46.70(1.20),58.57(5.57),62.27(0.47),59.35(7.03),62.27(0.47),62.89(0.44),56.18(1.04)
diabetes_f,Time,0.43(nan),0.45(nan),0.47(nan),2.59(nan),5.39(nan),6.44(nan),7.00(nan),6.64(nan),,3.15(nan),3.87(nan),8.26(nan),0.82(0.01),2.97(0.01),2.00(nan),2.01(nan),1.15(nan),13.55(nan),12.61(nan),2.42(nan),2.44(nan),7.87(nan),8.18(nan),1.52(0.13),1.36(0.01),1.38(0.01),2.90(0.19),2.50(0.07),1.16(0.00),1.26(0.01),3.22(nan),0.70(0.02),2.65(nan),3.55(nan),3.46(nan),3.58(nan),3.17(nan),3.02(0.10),2.73(0.03),2.90(0.07),5.65(nan),5.81(nan),3.48(0.10),4.31(nan),5.41(nan),3.29(0.05),4.55(nan),5.14(nan),1.92(0.01),2.65(nan),1.65(nan),1.72(nan),1.99(nan),2.02(nan),1.98(nan),1.82(nan),2.84(nan),1.97(nan),10.29(1.08),8.16(0.23),1.97(nan),2.22(nan),2.72(nan),1.68(nan),3.17(0.07),6.31(0.03),3.71(nan),5.70(nan),5.94(0.11),2.55(nan),5.99(0.03),3.31(nan),11.19(0.02),11.30(nan),0.89(nan),3.09(nan),2.68(nan),2.44(nan),0.60(nan),0.63(nan),0.98(nan),1.29(nan),1.86(nan),3.39(nan),2.59(nan),6.05(nan),,,6.73(nan),14.67(nan),4.95(0.17),3.47(0.09),0.60(0.00),3.71(0.30),3.13(0.02),3.29(0.07),4.78(0.35),3.64(0.07),3.00(0.01),3.50(0.07),0.88(0.03),4.59(0.20),3.73(0.42),3.84(0.05),3.20(0.03),2.94(0.02),3.29(0.02),2.93(0.05),4.22(0.37),4.27(0.63),3.91(0.20),3.13(0.03),3.28(0.07),3.90(0.28),3.67(0.10),3.06(0.04),3.52(0.06),3.87(0.52),3.11(0.02),3.20(0.06),3.15(0.09),3.17(0.15),3.62(0.09),3.03(0.02),0.65(0.00),0.97(0.01),3.56(0.05),3.81(0.15),4.08(0.08),3.42(0.11),,1.84(0.01),,8.36(0.14),5.81(0.03),7.02(0.08),8.56(0.17),4.84(0.03),19.63(0.57),9.75(0.03),2.78(0.06),2.36(nan),19.94(nan),0.80(nan),21.44(nan),20.22(nan),19.57(nan),0.04(nan),0.04,0.33(0.01),1.11(0.05),0.90(0.01),0.90(0.00),0.90(0.02),0.89(0.01),7.72(0.07)
elec,Num. Errors,14758.00(nan),10729.00(nan),10083.00(nan),9521.00(nan),8154.00(nan),8797.00(nan),7984.00(nan),7984.00(nan),7984.00(nan),8784.00(nan),8784.00(nan),7945.00(nan),10610.00(67.57),9482.20(155.16),13055.00(nan),10294.00(nan),10538.00(nan),8935.00(nan),8349.00(nan),12983.00(nan),9916.00(nan),8065.00(nan),8065.00(nan),10445.60(74.13),10263.60(118.72),10417.40(81.92),10183.20(210.75),10011.20(103.49),10217.60(125.22),10112.00(69.89),9446.00(nan),10746.00(52.74),8457.00(nan),8902.00(nan),9064.00(nan),8876.00(nan),9958.00(nan),12512.40(227.71),8724.60(115.14),12623.80(76.15),8543.00(nan),8561.00(nan),8604.40(130.49),8914.00(nan),8836.00(nan),8763.40(178.03),8998.00(nan),8786.00(nan),10511.80(495.93),3616.00(nan),10672.00(nan),7218.00(nan),13404.00(nan),7472.00(nan),13404.00(nan),7472.00(nan),6371.00(nan),6532.00(nan),15109.60(250.36),9547.40(38.69),8135.00(nan),8143.00(nan),7755.00(nan),9636.00(nan),7427.80(123.49),12442.60(103.79),8015.00(nan),15616.00(nan),13847.00(0.00),18071.00(nan),10745.00(104.09),15711.00(nan),10544.20(72.83),15593.00(nan),15757.00(nan),7445.00(nan),7757.00(nan),7537.00(nan),14670.00(nan),10734.00(nan),10156.00(nan),10145.00(nan),9978.00(nan),8818.00(nan),9275.00(nan),8553.00(nan),,,9283.00(nan),10469.00(nan),8789.00(197.20),,10739.00(50.63),9975.00(182.60),,10339.40(84.05),9975.00(182.60),10146.60(112.86),10630.60(77.85),9975.00(182.60),14997.60(218.56),10207.60(243.72),9934.60(69.20),9970.80(142.55),10095.00(205.00),9770.40(206.70),9689.60(266.45),10095.00(205.00),10477.80(93.40),10655.60(86.13),11125.00(45.96),11221.60(76.95),11136.80(104.42),12276.60(963.43),11819.80(131.95),12491.80(691.86),10709.60(58.62),10260.60(111.90),9212.40(179.03),10162.60(75.47),10095.00(205.00),9845.00(207.06),9587.80(130.39),12345.40(228.94),10709.60(58.62),10749.60(145.86),9975.80(161.87),9873.00(237.45),9850.00(220.09),9918.40(73.19),,,,10337.60(61.11),10105.00(146.22),,,,9687.80(245.62),,17679.20(288.66),11214.00(nan),13848.00(nan),14523.00(nan),13077.00(nan),13037.00(nan),12574.00(nan),17532.00(nan),19038.0,25232.00(82.98),15739.60(82.77),,,,,8326.20(95.78)
elec,Accuracy,67.43(nan),76.32(nan),77.75(nan),78.99(nan),82.00(nan),80.59(nan),82.38(nan),82.38(nan),82.38(nan),80.61(nan),80.61(nan),82.47(nan),76.58(0.15),79.07(0.34),71.19(nan),77.28(nan),76.74(nan),80.28(nan),81.57(nan),71.35(nan),78.12(nan),82.20(nan),82.20(nan),76.95(0.16),77.35(0.26),77.01(0.18),77.53(0.47),77.91(0.23),77.45(0.28),77.68(0.15),79.15(nan),76.28(0.12),81.34(nan),80.35(nan),80.00(nan),80.41(nan),78.02(nan),72.39(0.50),80.75(0.25),72.14(0.17),81.15(nan),81.11(nan),81.01(0.29),80.33(nan),80.50(nan),80.66(0.39),80.14(nan),80.61(nan),76.80(1.09),92.02(nan),76.45(nan),84.07(nan),70.42(nan),83.51(nan),70.42(nan),83.51(nan),85.94(nan),85.58(nan),66.65(0.55),78.93(0.09),82.05(nan),82.03(nan),82.89(nan),78.73(nan),83.61(0.27),72.54(0.23),82.31(nan),65.54(nan),69.44(0.00),60.12(nan),76.29(0.23),65.33(nan),76.73(0.16),65.59(nan),65.23(nan),83.57(nan),82.88(nan),83.37(nan),67.62(nan),76.31(nan),77.59(nan),77.61(nan),77.98(nan),80.54(nan),79.53(nan),81.12(nan),,,79.51(nan),76.90(nan),80.60(0.44),,76.30(0.11),77.99(0.40),,77.18(0.19),77.99(0.40),77.61(0.25),76.54(0.17),77.99(0.40),66.90(0.48),77.47(0.54),78.08(0.15),78.00(0.31),77.72(0.45),78.44(0.46),78.62(0.59),77.72(0.45),76.88(0.21),76.48(0.19),75.45(0.10),75.23(0.17),75.42(0.23),72.91(2.13),73.91(0.29),72.43(1.53),76.36(0.13),77.36(0.25),79.67(0.40),77.57(0.17),77.72(0.45),78.27(0.46),78.84(0.29),72.75(0.51),76.36(0.13),76.28(0.32),77.98(0.36),78.21(0.52),78.26(0.49),78.11(0.16),,,,77.19(0.13),77.70(0.32),,,,78.62(0.54),,60.98(0.64),75.25(nan),69.44(nan),67.95(nan),71.14(nan),71.23(nan),72.25(nan),61.31(nan),57.98,44.31(0.18),65.26(0.18),,,,,81.62(0.21)
elec,AUROC,72.07(nan),84.37(nan),86.05(nan),86.85(nan),90.32(nan),89.17(nan),90.46(nan),90.46(nan),90.46(nan),89.19(nan),89.19(nan),90.47(nan),85.04(0.09),87.52(0.34),77.65(nan),85.84(nan),85.09(nan),88.45(nan),89.84(nan),77.76(nan),86.61(nan),90.17(nan),90.17(nan),85.11(0.14),85.70(0.20),85.10(0.15),85.74(0.39),86.15(0.11),85.77(0.25),86.04(0.18),87.65(nan),84.73(0.15),89.64(nan),88.90(nan),88.23(nan),88.79(nan),86.70(nan),79.04(0.61),89.11(0.27),78.68(0.26),89.42(nan),89.47(nan),89.27(0.20),88.78(nan),89.03(nan),89.11(0.25),88.56(nan),89.15(nan),83.96(1.14),97.76(nan),83.37(nan),91.72(nan),75.82(nan),91.44(nan),75.82(nan),91.44(nan),93.49(nan),93.04(nan),70.51(0.77),86.77(0.11),89.94(nan),89.97(nan),90.69(nan),87.20(nan),91.74(0.26),78.74(0.26),90.45(nan),68.75(nan),77.70(0.00),63.83(nan),84.69(0.12),68.49(nan),84.97(0.06),68.54(nan),67.06(nan),91.32(nan),90.62(nan),91.12(nan),72.49(nan),84.68(nan),86.01(nan),86.05(nan),86.42(nan),89.09(nan),87.82(nan),89.37(nan),,,88.48(nan),85.62(nan),88.99(0.25),,84.71(0.17),86.57(0.35),,85.28(0.20),86.57(0.35),85.96(0.26),84.96(0.12),86.57(0.35),72.23(0.54),86.59(0.40),86.56(0.13),86.60(0.30),86.40(0.41),86.67(0.34),86.94(0.52),86.40(0.41),85.27(0.12),84.92(0.18),84.43(0.09),83.95(0.23),84.30(0.20),80.85(2.23),81.97(0.54),80.37(1.56),84.83(0.10),85.75(0.23),87.93(0.50),86.11(0.16),86.40(0.41),87.00(0.49),87.39(0.39),79.46(0.52),84.83(0.10),84.78(0.28),86.70(0.33),86.73(0.42),86.80(0.44),86.68(0.18),,,,85.79(0.15),86.49(0.27),,,,86.28(0.62),,62.60(0.79),80.27(nan),74.87(nan),75.83(nan),77.24(nan),77.18(nan),78.14(nan),41.18(nan),45.68,46.31(0.18),69.14(0.33),,,,,89.62(0.16)
elec,AUPRC,67.47(nan),80.92(nan),82.80(nan),84.10(nan),87.69(nan),86.72(nan),88.11(nan),88.11(nan),88.11(nan),86.52(nan),86.52(nan),87.99(nan),81.59(0.16),84.43(0.42),73.57(nan),82.46(nan),81.59(nan),85.71(nan),87.30(nan),73.91(nan),83.35(nan),87.65(nan),87.65(nan),81.66(0.15),82.29(0.23),81.65(0.17),82.25(0.40),82.83(0.18),82.37(0.27),82.64(0.23),84.51(nan),81.20(0.15),86.89(nan),86.25(nan),85.28(nan),86.17(nan),83.39(nan),74.97(0.72),86.40(0.31),74.59(0.32),86.94(nan),86.89(nan),86.64(0.27),85.87(nan),86.54(nan),86.50(0.39),85.98(nan),86.38(nan),79.12(1.58),97.17(nan),78.77(nan),89.44(nan),69.58(nan),89.47(nan),69.58(nan),89.47(nan),91.86(nan),91.21(nan),64.62(0.91),83.73(0.10),87.56(nan),87.62(nan),88.14(nan),84.01(nan),89.62(0.30),74.39(0.36),87.93(nan),62.46(nan),73.87(0.00),55.83(nan),81.51(0.13),62.08(nan),81.73(0.10),61.93(nan),60.37(nan),89.08(nan),88.33(nan),88.88(nan),68.17(nan),81.10(nan),82.78(nan),82.75(nan),83.33(nan),86.37(nan),84.65(nan),86.65(nan),,,85.71(nan),81.93(nan),86.15(0.40),,81.22(0.15),83.11(0.36),,81.92(0.18),83.11(0.36),82.53(0.29),81.47(0.12),83.11(0.36),66.49(0.68),83.28(0.54),83.11(0.20),83.20(0.39),83.00(0.51),83.46(0.38),83.95(0.52),83.00(0.51),81.82(0.13),81.47(0.24),80.69(0.13),80.24(0.47),80.57(0.27),76.96(2.29),78.12(0.69),76.42(1.81),81.37(0.14),82.41(0.25),84.94(0.54),82.74(0.14),83.00(0.51),83.70(0.58),84.04(0.50),75.45(0.72),81.37(0.14),81.33(0.32),83.32(0.28),83.37(0.35),83.50(0.48),83.29(0.21),,,,82.49(0.19),83.14(0.26),,,,82.44(0.76),,54.92(0.99),76.73(nan),68.47(nan),70.66(nan),71.63(nan),71.43(nan),72.90(nan),55.87(nan),38.53,40.09(0.14),60.61(0.07),,,,,87.21(0.20)
elec,Bal. Accuracy,65.10(nan),75.13(nan),76.75(nan),77.82(nan),81.39(nan),79.80(nan),81.68(nan),81.68(nan),81.68(nan),79.88(nan),79.88(nan),81.79(nan),75.51(0.14),78.25(0.41),69.02(nan),76.34(nan),75.69(nan),79.52(nan),80.84(nan),69.28(nan),77.41(nan),81.52(nan),81.52(nan),75.88(0.18),76.36(0.27),75.92(0.23),76.58(0.52),76.93(0.20),76.49(0.29),76.74(0.18),78.39(nan),75.22(0.18),80.67(nan),79.58(nan),79.27(nan),79.62(nan),77.24(nan),70.43(0.58),79.99(0.25),70.10(0.13),80.44(nan),80.46(nan),80.27(0.30),79.65(nan),79.73(nan),79.89(0.37),79.36(nan),79.96(nan),75.93(1.14),91.74(nan),75.53(nan),83.42(nan),68.81(nan),82.73(nan),68.81(nan),82.73(nan),85.32(nan),84.92(nan),63.26(0.72),77.82(0.13),81.28(nan),81.32(nan),82.16(nan),77.99(nan),82.92(0.29),70.85(0.28),81.72(nan),62.48(nan),64.95(0.00),54.09(nan),74.84(0.27),62.18(nan),75.51(0.17),62.59(nan),65.11(nan),82.91(nan),82.05(nan),82.63(nan),64.58(nan),75.31(nan),76.52(nan),76.60(nan),76.95(nan),79.80(nan),78.83(nan),80.39(nan),,,78.75(nan),76.19(nan),79.87(0.41),,75.23(0.16),77.18(0.45),,76.20(0.18),77.18(0.45),76.71(0.29),75.54(0.20),77.18(0.45),64.20(0.56),77.71(0.49),77.38(0.15),77.42(0.26),77.15(0.43),77.79(0.47),77.83(0.65),77.15(0.43),76.26(0.19),75.79(0.26),74.84(0.09),74.42(0.12),74.77(0.28),71.79(2.27),72.82(0.33),71.23(1.44),75.67(0.09),76.65(0.24),79.02(0.47),76.93(0.22),77.15(0.43),77.74(0.49),78.35(0.27),71.21(0.56),75.67(0.09),75.55(0.37),77.72(0.41),77.39(0.55),77.70(0.53),77.43(0.17),,,,75.95(0.11),76.73(0.37),,,,77.84(0.57),,55.90(1.06),73.42(nan),67.64(nan),63.50(nan),69.37(nan),69.52(nan),70.36(nan),58.82(nan),54.49,46.25(0.16),62.43(0.18),,,,,80.86(0.22)
elec,Time,24.10(nan),26.92(nan),28.13(nan),158.00(nan),488.09(nan),645.32(nan),602.85(nan),568.43(nan),558.96(nan),361.01(nan),384.96(nan),635.06(nan),53.23(0.59),188.65(5.28),129.26(nan),132.95(nan),76.48(nan),847.40(nan),829.96(nan),157.29(nan),161.96(nan),627.31(nan),648.34(nan),88.79(8.37),85.28(0.24),86.87(0.17),136.47(1.33),174.72(6.15),72.40(0.35),77.62(0.50),333.22(nan),44.75(0.79),191.35(nan),450.93(nan),362.56(nan),362.94(nan),343.67(nan),419.58(20.40),320.84(10.46),218.17(11.13),363.27(nan),354.38(nan),335.91(82.17),401.13(nan),407.36(nan),213.00(6.56),480.55(nan),445.71(nan),134.55(2.77),163.23(nan),115.61(nan),102.67(nan),217.10(nan),122.77(nan),212.98(nan),114.58(nan),172.21(nan),189.47(nan),555.79(83.16),482.80(6.84),123.66(nan),150.93(nan),201.98(nan),140.00(nan),234.02(14.56),311.28(58.97),215.21(nan),293.33(nan),301.78(0.95),131.49(nan),185.06(9.48),175.76(nan),615.81(22.95),630.12(nan),43.69(nan),184.93(nan),153.60(nan),154.39(nan),38.25(nan),40.33(nan),64.38(nan),82.01(nan),113.95(nan),419.10(nan),175.75(nan),415.02(nan),,,1025.79(nan),1817.77(nan),424.77(67.47),,41.88(2.12),337.10(4.50),,427.05(33.21),354.29(9.27),336.21(6.15),308.66(51.12),402.65(94.23),50.06(0.90),323.13(5.53),287.60(2.55),407.10(28.27),340.32(22.33),432.83(61.18),422.64(21.19),318.32(13.92),355.47(33.19),336.85(4.13),366.93(34.51),329.75(13.49),315.02(12.04),325.58(27.46),311.78(16.02),376.66(23.92),181.14(1.40),316.81(14.76),395.47(32.40),297.50(6.10),294.72(3.04),409.02(35.90),296.47(4.25),291.91(11.43),41.52(0.59),67.37(0.42),332.91(29.41),446.03(78.79),347.89(32.83),339.24(8.11),,,,569.42(90.41),417.96(10.58),,,,1021.55(1.48),,151.45(13.45),135.41(nan),1210.89(nan),47.02(nan),853.39(nan),832.47(nan),1061.85(nan),2.10(nan),1.84,630.67(29.83),49.11(1.20),,,,,321.03(25.05)
german,Num. Errors,303.00(nan),276.00(nan),265.00(nan),301.00(nan),245.00(nan),251.00(nan),255.00(nan),255.00(nan),,247.00(nan),247.00(nan),251.00(nan),255.40(3.78),256.20(6.57),309.00(nan),255.00(nan),253.00(nan),255.00(nan),268.00(nan),297.00(nan),254.00(nan),256.00(nan),256.00(nan),262.40(10.14),261.00(8.51),261.40(9.61),263.00(8.75),260.80(8.14),261.40(10.69),261.20(6.76),247.00(nan),262.00(8.00),252.00(nan),248.00(nan),250.00(nan),248.00(nan),249.00(nan),307.40(8.02),253.80(7.85),308.20(7.66),252.00(nan),256.00(nan),253.60(7.47),248.00(nan),248.00(nan),254.40(7.09),248.00(nan),248.00(nan),297.40(6.88),272.00(nan),302.00(nan),276.00(nan),292.00(nan),263.00(nan),292.00(nan),263.00(nan),260.00(nan),263.00(nan),309.20(4.15),302.60(2.88),250.00(nan),261.00(nan),264.00(nan),258.00(nan),261.00(6.67),307.80(3.83),255.00(nan),323.00(nan),257.00(0.00),319.00(nan),254.20(5.02),306.00(nan),258.40(6.62),304.00(nan),354.00(nan),266.00(nan),265.00(nan),265.00(nan),293.00(nan),262.00(nan),265.00(nan),260.00(nan),266.00(nan),247.00(nan),254.00(nan),246.00(nan),263.40(4.51),248.60(5.94),268.00(nan),275.00(nan),274.20(6.30),304.60(7.47),279.00(5.24),271.20(4.55),279.40(6.99),280.20(8.07),271.20(4.55),280.40(7.92),275.00(2.55),271.20(4.55),314.40(5.81),340.00(12.63),272.60(3.51),272.20(3.96),272.80(5.45),313.40(9.99),313.40(5.18),272.80(5.45),271.80(3.11),272.00(6.04),281.60(7.16),287.00(5.70),287.40(9.76),306.60(9.15),301.40(14.01),320.20(14.58),274.60(7.33),278.00(7.42),280.00(7.28),273.40(6.19),272.80(5.45),272.40(8.71),281.40(11.28),341.40(10.78),274.60(7.33),277.20(10.85),282.80(9.20),274.40(3.51),273.20(4.92),272.60(6.84),,285.60(7.30),,258.40(4.16),261.60(4.04),260.80(3.49),260.80(4.71),275.80(4.21),298.80(5.81),,354.40(39.97),318.00(nan),273.00(nan),262.00(nan),272.00(nan),284.00(nan),284.00(nan),394.00(nan),465.0,300.00(0.00),334.00(28.83),358.80(2.59),350.40(13.87),358.80(2.59),369.80(4.82),
german,Accuracy,68.40(nan),71.22(nan),72.37(nan),68.61(nan),74.45(nan),73.83(nan),73.41(nan),73.41(nan),,74.24(nan),74.24(nan),73.83(nan),73.37(0.39),73.28(0.69),67.78(nan),73.41(nan),73.62(nan),73.41(nan),72.05(nan),69.03(nan),73.51(nan),73.31(nan),73.31(nan),72.64(1.06),72.78(0.89),72.74(1.00),72.58(0.91),72.81(0.85),72.74(1.11),72.76(0.70),74.24(nan),72.68(0.83),73.72(nan),74.14(nan),73.93(nan),74.14(nan),74.04(nan),67.95(0.84),73.53(0.82),67.86(0.80),73.72(nan),73.31(nan),73.56(0.78),74.14(nan),74.14(nan),73.47(0.74),74.14(nan),74.14(nan),68.99(0.72),71.64(nan),68.51(nan),71.22(nan),69.55(nan),72.58(nan),69.55(nan),72.58(nan),72.89(nan),72.58(nan),69.08(0.41),69.74(0.29),73.93(nan),72.78(nan),72.47(nan),73.10(nan),72.78(0.70),69.22(0.38),73.41(nan),66.32(nan),73.20(0.00),66.74(nan),73.49(0.52),68.09(nan),73.06(0.69),68.30(nan),63.09(nan),72.26(nan),72.37(nan),72.37(nan),69.45(nan),72.68(nan),72.37(nan),72.89(nan),72.26(nan),74.24(nan),73.51(nan),74.35(nan),72.53(0.47),74.08(0.62),72.05(nan),71.32(nan),72.58(0.63),69.54(0.75),72.10(0.52),72.88(0.45),72.06(0.70),71.98(0.81),72.88(0.45),71.96(0.79),72.50(0.25),72.88(0.45),68.56(0.58),66.00(1.26),72.74(0.35),72.78(0.40),72.72(0.54),68.66(1.00),68.66(0.52),72.72(0.54),72.82(0.31),72.80(0.60),71.84(0.72),71.30(0.57),71.26(0.98),69.34(0.92),69.86(1.40),67.98(1.46),72.54(0.73),72.20(0.74),72.00(0.73),72.66(0.62),72.72(0.54),72.76(0.87),71.86(1.13),65.86(1.08),72.54(0.73),72.28(1.08),71.72(0.92),72.56(0.35),72.68(0.49),72.74(0.68),,71.44(0.73),,73.06(0.43),72.72(0.42),72.81(0.36),72.81(0.49),71.24(0.44),70.12(0.58),,64.56(4.00),66.84(nan),71.53(nan),72.68(nan),71.64(nan),70.39(nan),70.39(nan),60.60(nan),53.5,69.97(0.00),66.60(2.88),64.12(0.26),64.96(1.39),64.12(0.26),63.02(0.48),
german,AUROC,57.50(nan),70.11(nan),67.90(nan),57.02(nan),70.52(nan),70.37(nan),70.01(nan),70.01(nan),,70.81(nan),70.81(nan),69.94(nan),70.47(0.74),70.40(0.93),52.91(nan),70.58(nan),70.98(nan),68.27(nan),65.02(nan),53.72(nan),70.49(nan),70.43(nan),70.43(nan),69.84(0.73),69.84(0.76),69.83(0.72),69.75(0.77),69.77(0.74),69.60(0.60),69.81(0.77),70.98(nan),69.97(0.69),70.53(nan),70.98(nan),70.98(nan),70.86(nan),70.82(nan),53.79(1.69),70.30(0.80),53.83(1.77),70.41(nan),70.25(nan),70.31(0.78),70.93(nan),70.98(nan),70.28(0.87),70.86(nan),70.93(nan),55.00(1.31),66.75(nan),55.65(nan),67.87(nan),55.37(nan),67.56(nan),55.37(nan),67.56(nan),68.80(nan),68.08(nan),51.12(1.95),48.77(2.65),70.51(nan),69.79(nan),66.60(nan),69.78(nan),68.28(0.70),58.14(0.30),68.83(nan),56.73(nan),72.61(0.00),64.32(nan),70.83(0.40),58.76(nan),69.70(0.48),57.99(nan),54.06(nan),70.22(nan),69.85(nan),69.96(nan),55.43(nan),70.28(nan),69.96(nan),69.93(nan),69.53(nan),70.94(nan),71.14(nan),71.07(nan),69.76(0.61),70.70(0.35),68.42(nan),54.46(nan),71.71(0.53),61.47(1.64),71.56(0.92),71.50(0.77),71.74(0.87),71.12(0.30),71.50(0.77),71.92(0.55),71.49(0.75),71.50(0.77),56.89(1.15),72.25(0.76),71.59(0.82),71.77(0.67),71.70(0.60),62.96(1.35),57.40(2.08),71.70(0.60),72.31(0.49),72.16(0.35),69.86(1.04),69.84(1.15),70.19(0.59),67.31(0.99),67.71(1.28),66.52(1.43),72.29(0.56),71.89(0.58),71.09(0.96),72.05(0.56),71.70(0.60),71.23(0.98),70.64(1.12),57.90(1.15),72.29(0.56),71.98(0.34),72.04(0.73),71.54(0.73),71.69(0.71),71.83(0.79),,70.85(1.16),,70.32(0.46),69.73(0.38),69.77(0.46),69.82(0.49),61.11(0.61),63.04(0.54),,47.22(2.67),53.29(nan),62.52(nan),69.77(nan),61.91(nan),48.31(nan),48.31(nan),46.00(nan),49.23,48.28(0.40),59.75(4.87),59.21(0.43),58.21(0.79),59.21(0.43),58.10(0.44),
german,AUPRC,76.14(nan),84.43(nan),82.32(nan),75.35(nan),83.44(nan),83.26(nan),83.19(nan),83.19(nan),,83.48(nan),83.48(nan),83.46(nan),83.55(0.41),83.67(0.40),72.88(nan),83.50(nan),83.71(nan),81.56(nan),80.10(nan),72.92(nan),83.49(nan),83.81(nan),83.81(nan),83.40(0.31),83.32(0.36),83.40(0.30),83.32(0.33),83.30(0.34),83.16(0.21),83.31(0.36),83.74(nan),83.50(0.25),83.55(nan),83.60(nan),83.74(nan),83.63(nan),83.66(nan),73.09(1.19),83.47(0.40),73.12(1.23),83.46(nan),83.36(nan),83.47(0.39),83.62(nan),83.60(nan),83.38(0.48),83.63(nan),83.62(nan),73.99(1.10),81.21(nan),74.04(nan),82.04(nan),74.41(nan),82.47(nan),74.41(nan),82.47(nan),83.20(nan),82.73(nan),71.30(1.97),71.57(1.79),83.71(nan),82.78(nan),80.78(nan),83.28(nan),82.28(0.36),74.31(0.14),82.64(nan),74.47(nan),85.78(0.00),79.87(nan),83.56(0.35),75.46(nan),83.36(0.31),75.01(nan),72.51(nan),83.79(nan),83.56(nan),83.59(nan),74.63(nan),83.59(nan),83.30(nan),83.26(nan),83.29(nan),83.70(nan),84.40(nan),83.90(nan),83.10(0.26),83.37(0.25),81.56(nan),74.90(nan),84.68(0.40),76.07(0.87),84.72(0.64),84.46(0.59),84.74(0.62),84.39(0.24),84.46(0.59),84.93(0.34),84.52(0.61),84.46(0.59),73.20(0.56),84.65(0.53),84.55(0.62),84.52(0.54),84.51(0.52),76.63(0.68),74.67(1.34),84.51(0.52),84.78(0.55),84.60(0.54),82.61(0.68),82.41(0.59),82.63(0.39),81.27(0.59),81.32(0.75),80.66(0.87),85.03(0.25),84.92(0.31),84.52(0.57),84.85(0.43),84.51(0.52),84.09(0.79),83.51(0.90),73.90(0.67),85.03(0.25),84.73(0.32),84.69(0.48),84.49(0.60),84.49(0.56),84.54(0.60),,84.46(0.92),,83.48(0.30),83.43(0.24),83.49(0.20),83.51(0.18),78.68(1.23),78.46(0.39),,68.47(2.44),73.05(nan),78.13(nan),84.01(nan),77.78(nan),69.30(nan),69.30(nan),71.81(nan),69.01,68.94(0.30),75.60(3.09),77.64(0.32),75.78(0.24),77.64(0.32),75.96(0.37),
german,Bal. Accuracy,52.41(nan),55.80(nan),55.73(nan),52.77(nan),58.17(nan),57.19(nan),58.75(nan),58.75(nan),,58.24(nan),58.24(nan),59.26(nan),56.98(0.81),56.57(1.74),52.41(nan),56.46(nan),56.94(nan),57.88(nan),55.30(nan),52.09(nan),56.43(nan),58.13(nan),58.13(nan),56.27(1.39),56.55(1.27),56.43(1.28),56.31(1.21),56.58(1.26),56.67(1.25),56.58(1.26),57.81(nan),56.45(1.60),59.29(nan),57.84(nan),57.92(nan),57.74(nan),57.55(nan),51.94(0.82),57.29(1.86),51.88(0.71),56.57(nan),55.85(nan),57.33(1.79),57.84(nan),57.84(nan),57.40(1.85),57.74(nan),57.84(nan),51.28(1.09),53.70(nan),52.81(nan),55.15(nan),50.71(nan),55.55(nan),50.71(nan),55.55(nan),56.21(nan),55.55(nan),49.82(0.26),49.99(0.04),57.81(nan),56.02(nan),54.72(nan),55.92(nan),55.68(0.95),51.96(0.35),56.90(nan),51.06(nan),62.62(0.00),59.07(nan),62.33(0.95),52.95(nan),60.00(1.17),51.47(nan),51.62(nan),55.88(nan),55.84(nan),55.95(nan),52.49(nan),55.41(nan),54.75(nan),55.12(nan),54.46(nan),57.92(nan),60.45(nan),59.95(nan),57.22(1.82),59.54(1.32),52.90(nan),50.00(nan),60.22(0.98),56.05(0.77),59.14(0.74),60.97(0.95),59.47(1.22),59.19(0.97),60.97(0.95),59.19(1.06),60.55(1.05),60.97(0.95),52.48(0.95),67.09(1.16),61.80(0.62),62.96(1.04),63.37(0.42),57.94(1.40),52.64(1.75),63.37(0.42),63.71(0.64),63.39(0.55),62.61(1.53),62.64(1.49),62.58(2.48),59.87(1.14),60.57(1.22),57.97(1.06),62.52(0.75),61.82(0.73),60.78(0.90),63.18(0.38),63.37(0.42),63.63(1.20),62.62(1.19),54.60(1.10),62.52(0.75),62.37(1.21),65.23(1.08),60.69(1.15),63.08(0.75),63.98(0.56),,58.99(1.29),,56.65(0.83),54.83(0.66),55.00(0.60),55.02(0.71),55.01(0.87),53.32(0.68),,48.99(1.11),50.99(nan),52.21(nan),54.86(nan),51.96(nan),50.10(nan),50.10(nan),54.05(nan),51.17,50.00(0.00),54.77(2.19),55.97(0.33),56.25(0.86),55.97(0.33),55.95(0.45),
german,Time,0.52(nan),0.58(nan),0.70(nan),3.30(nan),7.59(nan),9.22(nan),9.64(nan),9.42(nan),,4.93(nan),5.13(nan),11.40(nan),1.30(0.09),3.93(0.05),2.52(nan),2.56(nan),1.43(nan),29.44(nan),30.61(nan),3.09(nan),3.10(nan),10.95(nan),11.08(nan),2.08(0.07),1.74(0.01),1.79(0.01),3.11(0.21),3.35(0.09),1.48(0.02),1.58(0.01),4.61(nan),0.88(0.03),3.36(nan),5.11(nan),4.93(nan),5.13(nan),4.54(nan),4.38(0.07),3.84(0.09),4.27(0.05),8.43(nan),8.33(nan),5.51(0.23),6.21(nan),8.29(nan),4.55(0.17),6.47(nan),7.35(nan),2.71(0.24),3.87(nan),2.37(nan),2.36(nan),2.79(nan),3.59(nan),2.80(nan),2.59(nan),3.90(nan),2.77(nan),12.69(1.69),12.79(1.08),2.70(nan),3.09(nan),3.79(nan),2.69(nan),4.45(0.08),6.10(1.26),4.74(nan),14.06(nan),15.86(0.06),6.61(nan),14.39(0.09),7.66(nan),27.10(0.05),27.25(nan),2.73(nan),4.06(nan),3.85(nan),3.44(nan),0.77(nan),0.81(nan),1.27(nan),1.66(nan),2.36(nan),4.98(nan),3.68(nan),8.50(nan),4.95(0.05),5.61(0.32),10.24(nan),20.67(nan),7.58(0.68),5.34(0.27),0.79(0.01),5.87(0.40),4.48(0.08),4.71(0.11),6.41(0.31),5.06(0.14),4.24(0.02),5.35(0.10),1.16(0.02),7.76(1.27),6.18(0.65),5.91(0.16),4.68(0.24),4.49(0.14),5.08(0.21),4.40(0.10),7.04(0.52),9.91(0.52),6.56(0.61),5.52(0.08),5.51(0.22),7.11(0.71),7.48(0.56),4.94(0.11),6.27(0.52),5.65(0.24),5.28(0.16),4.86(0.14),4.73(0.15),4.96(0.14),5.49(0.16),4.74(0.15),0.85(0.00),1.28(0.01),5.98(0.91),7.09(0.83),6.52(0.29),5.44(0.43),,2.69(0.08),,12.01(0.94),7.45(0.06),9.53(0.73),13.20(0.32),6.25(0.10),28.18(0.32),,3.95(0.16),3.02(nan),47.92(nan),1.48(nan),51.71(nan),49.69(nan),49.38(nan),0.13(nan),0.07,1.03(0.04),11.41(0.39),9.12(0.07),9.10(0.12),8.98(0.08),9.27(0.11),
higgs,Num. Errors,,,,,,,,,,,,,415889.33(439.03),415140.33(613.37),,,,,,,,,,,,,,,,,,414939.33(831.80),,,,,,437932.67(59.53),415908.67(472.21),438057.00(112.05),,,416993.67(641.57),,,416612.67(539.01),,,,,,,,,,,,,426661.00(510.42),,415212.00(nan),416537.00(nan),420621.00(nan),415747.00(nan),421893.67(37.23),426439.33(246.55),,,446583.00(0.00),,,,456379.00(241.91),,,,,,,,,,,,,,,,,,415958.67(401.22),,,,,,,,,,,,,,,,,,,,,,,,,,,,,,,,,,,,,,,,,,,,,,,,414570.67(3461.25),,432745.67(262.99),,,,,,,462305.00(0.00),472523.0,523990.00(102.27),,,,,,416199.67(719.89)
higgs,Accuracy,,,,,,,,,,,,,58.41(0.04),58.49(0.06),,,,,,,,,,,,,,,,,,58.51(0.08),,,,,,56.21(0.01),58.41(0.05),56.19(0.01),,,58.30(0.06),,,58.34(0.05),,,,,,,,,,,,,57.33(0.05),,58.48(nan),58.35(nan),57.94(nan),58.43(nan),57.81(0.00),57.36(0.02),,,55.34(0.00),,,,54.36(0.02),,,,,,,,,,,,,,,,,,58.40(0.04),,,,,,,,,,,,,,,,,,,,,,,,,,,,,,,,,,,,,,,,,,,,,,,,58.54(0.35),,56.73(0.03),,,,,,,53.77(0.00),52.75,47.60(0.01),,,,,,58.38(0.07)
higgs,AUROC,,,,,,,,,,,,,61.47(0.03),61.54(0.05),,,,,,,,,,,,,,,,,,61.53(0.05),,,,,,57.98(0.02),61.41(0.05),57.95(0.01),,,61.32(0.02),,,61.34(0.07),,,,,,,,,,,,,59.79(0.04),,61.49(nan),61.33(nan),60.66(nan),61.47(nan),60.58(0.03),59.87(0.04),,,57.01(0.00),,,,55.02(0.03),,,,,,,,,,,,,,,,,,61.42(0.07),,,,,,,,,,,,,,,,,,,,,,,,,,,,,,,,,,,,,,,,,,,,,,,,61.84(0.52),,58.84(0.08),,,,,,,47.52(0.00),50.66,49.89(0.01),,,,,,61.60(0.11)
higgs,AUPRC,,,,,,,,,,,,,63.04(0.05),63.05(0.03),,,,,,,,,,,,,,,,,,63.03(0.03),,,,,,59.81(0.02),62.93(0.06),59.77(0.02),,,62.88(0.03),,,62.87(0.13),,,,,,,,,,,,,61.53(0.06),,63.03(nan),62.84(nan),62.14(nan),63.01(nan),62.21(0.02),61.59(0.05),,,59.23(0.00),,,,56.73(0.05),,,,,,,,,,,,,,,,,,62.96(0.11),,,,,,,,,,,,,,,,,,,,,,,,,,,,,,,,,,,,,,,,,,,,,,,,63.80(0.49),,60.62(0.09),,,,,,,56.83(0.00),53.66,52.89(0.00),,,,,,63.49(0.11)
higgs,Bal. Accuracy,,,,,,,,,,,,,57.67(0.01),57.72(0.03),,,,,,,,,,,,,,,,,,57.74(0.12),,,,,,54.90(0.01),57.70(0.08),54.80(0.00),,,57.53(0.08),,,57.56(0.14),,,,,,,,,,,,,56.14(0.04),,57.75(nan),57.60(nan),57.17(nan),57.69(nan),57.04(0.03),56.37(0.02),,,54.17(0.00),,,,52.78(0.03),,,,,,,,,,,,,,,,,,57.64(0.09),,,,,,,,,,,,,,,,,,,,,,,,,,,,,,,,,,,,,,,,,,,,,,,,57.90(0.41),,55.48(0.05),,,,,,,52.48(0.00),51.98,49.81(0.01),,,,,,57.71(0.08)
higgs,Time,,,,,,,,,,,,,1419.66(7.87),4911.02(452.73),,,,,,,,,,,,,,,,,,1028.24(24.75),,,,,,23068.96(4547.41),17557.47(6060.53),6533.39(94.49),,,7301.50(137.48),,,7055.37(194.11),,,,,,,,,,,,,11310.27(695.99),,7010.92(nan),7090.77(nan),8460.45(nan),7048.09(nan),8798.69(360.63),7465.69(93.17),,,16287.47(341.04),,,,37193.38(3618.39),,,,,,,,,,,,,,,,,,12931.02(4852.59),,,,,,,,,,,,,,,,,,,,,,,,,,,,,,,,,,,,,,,,,,,,,,,,27941.16(3199.54),,3289.48(191.16),,,,,,,111.18(0.46),81.76,22992.60(1670.87),,,,,,29747.59(1197.87)
ionosphere,Num. Errors,96.00(nan),71.00(nan),67.00(nan),82.00(nan),55.00(nan),56.00(nan),55.00(nan),55.00(nan),55.00(nan),56.00(nan),56.00(nan),56.00(nan),64.40(7.23),64.20(7.95),78.00(nan),62.00(nan),57.00(nan),53.00(nan),57.00(nan),76.00(nan),61.00(nan),62.00(nan),62.00(nan),69.60(5.32),66.40(5.32),69.60(4.93),66.40(3.97),65.80(4.92),59.60(4.34),65.80(5.26),57.00(nan),65.60(4.22),60.00(nan),56.00(nan),55.00(nan),55.00(nan),58.00(nan),76.20(4.27),64.20(7.46),75.20(4.60),60.00(nan),60.00(nan),64.20(7.26),55.00(nan),55.00(nan),64.60(8.56),55.00(nan),55.00(nan),97.00(5.24),69.00(nan),84.00(nan),65.00(nan),93.00(nan),62.00(nan),93.00(nan),62.00(nan),60.00(nan),59.00(nan),133.40(17.26),,65.00(nan),63.00(nan),76.00(nan),67.00(nan),70.00(4.95),97.40(4.77),54.00(nan),86.00(nan),66.00(0.00),101.00(nan),60.40(2.30),84.00(nan),60.40(3.05),87.00(nan),80.00(nan),58.00(nan),58.00(nan),57.00(nan),82.00(nan),67.00(nan),65.00(nan),67.00(nan),64.00(nan),58.00(nan),61.00(nan),69.00(nan),,,55.00(nan),73.00(nan),69.00(nan),,,,,,,,,,,,,,,,,,,,,,,,,,,,,,,,,,,,,,,,,,,66.80(3.03),66.20(9.18),66.00(9.59),65.80(8.87),61.80(4.55),61.00(2.12),,102.40(5.08),86.00(nan),86.00(nan),106.00(nan),85.00(nan),106.00(nan),106.00(nan),,,180.60(2.19),,,,,,117.60(4.04)
ionosphere,Accuracy,72.65(nan),79.77(nan),80.91(nan),76.64(nan),84.33(nan),84.05(nan),84.33(nan),84.33(nan),84.33(nan),84.05(nan),84.05(nan),84.05(nan),81.65(2.06),81.71(2.26),77.78(nan),82.34(nan),83.76(nan),84.90(nan),83.76(nan),78.35(nan),82.62(nan),82.34(nan),82.34(nan),80.17(1.52),81.08(1.52),80.17(1.40),81.08(1.13),81.25(1.40),83.02(1.24),81.25(1.50),83.76(nan),81.31(1.20),82.91(nan),84.05(nan),84.33(nan),84.33(nan),83.48(nan),78.29(1.22),81.71(2.13),78.58(1.31),82.91(nan),82.91(nan),81.71(2.07),84.33(nan),84.33(nan),81.60(2.44),84.33(nan),84.33(nan),72.36(1.49),80.34(nan),76.07(nan),81.48(nan),73.50(nan),82.34(nan),73.50(nan),82.34(nan),82.91(nan),83.19(nan),61.99(4.92),,81.48(nan),82.05(nan),78.35(nan),80.91(nan),80.06(1.41),72.25(1.36),84.62(nan),75.50(nan),81.20(0.00),71.23(nan),82.79(0.66),76.07(nan),82.79(0.87),75.21(nan),77.21(nan),83.48(nan),83.48(nan),83.76(nan),76.64(nan),80.91(nan),81.48(nan),80.91(nan),81.77(nan),83.48(nan),82.62(nan),80.34(nan),,,84.33(nan),79.20(nan),80.34(nan),,,,,,,,,,,,,,,,,,,,,,,,,,,,,,,,,,,,,,,,,,,80.97(0.86),81.14(2.61),81.20(2.73),81.25(2.53),82.39(1.30),82.62(0.60),,70.83(1.45),75.50(nan),75.50(nan),69.80(nan),75.78(nan),69.80(nan),69.80(nan),,,48.40(0.63),,,,,,66.50(1.15)
ionosphere,AUROC,78.62(nan),83.56(nan),85.45(nan),80.85(nan),86.29(nan),86.17(nan),87.96(nan),87.96(nan),87.96(nan),86.92(nan),86.92(nan),88.10(nan),85.40(0.78),85.25(1.20),81.14(nan),85.44(nan),86.30(nan),86.96(nan),87.57(nan),81.47(nan),85.99(nan),87.50(nan),87.50(nan),83.77(0.37),84.75(0.45),83.72(0.36),84.76(0.58),85.00(0.50),86.09(0.75),85.00(0.45),86.28(nan),84.80(0.50),85.70(nan),86.36(nan),86.42(nan),86.31(nan),86.26(nan),82.24(0.80),85.45(0.93),82.30(0.76),86.44(nan),86.13(nan),85.44(0.95),86.32(nan),86.40(nan),85.69(0.89),86.31(nan),86.32(nan),72.25(1.25),82.79(nan),75.92(nan),85.18(nan),74.10(nan),85.26(nan),74.10(nan),85.26(nan),85.17(nan),85.28(nan),49.55(6.28),,85.66(nan),84.67(nan),82.17(nan),81.83(nan),82.85(1.30),75.29(0.76),88.24(nan),77.98(nan),83.51(0.00),78.96(nan),82.98(0.48),78.18(nan),82.97(0.53),77.63(nan),78.50(nan),85.50(nan),85.75(nan),85.82(nan),79.51(nan),84.43(nan),84.66(nan),84.45(nan),83.44(nan),86.34(nan),81.88(nan),84.14(nan),,,85.14(nan),81.44(nan),84.14(nan),,,,,,,,,,,,,,,,,,,,,,,,,,,,,,,,,,,,,,,,,,,84.14(0.94),83.96(1.68),83.87(1.52),83.84(1.49),86.32(0.64),89.87(0.93),,70.35(1.68),80.06(nan),77.20(nan),80.43(nan),77.07(nan),68.63(nan),68.63(nan),,,44.23(1.36),,,,,,60.53(2.33)
ionosphere,AUPRC,83.70(nan),87.30(nan),87.99(nan),86.19(nan),90.56(nan),90.60(nan),92.07(nan),92.07(nan),92.07(nan),90.96(nan),90.96(nan),91.79(nan),88.98(0.81),89.26(1.03),86.25(nan),89.81(nan),90.17(nan),89.88(nan),91.06(nan),86.41(nan),89.88(nan),91.75(nan),91.75(nan),88.01(0.41),88.73(0.50),87.99(0.38),88.76(0.59),88.86(0.49),89.23(0.74),88.88(0.55),90.46(nan),88.78(0.62),90.17(nan),90.52(nan),90.58(nan),90.43(nan),90.32(nan),86.32(1.06),89.09(1.03),86.21(1.01),90.64(nan),90.46(nan),89.09(1.02),90.48(nan),90.48(nan),89.16(1.16),90.43(nan),90.48(nan),77.93(1.22),86.11(nan),82.11(nan),88.87(nan),80.03(nan),88.62(nan),80.03(nan),88.62(nan),88.69(nan),88.35(nan),64.18(4.45),,89.79(nan),89.02(nan),87.67(nan),86.17(nan),87.37(0.63),79.06(1.14),91.25(nan),82.02(nan),84.50(0.00),83.42(nan),82.54(0.32),82.15(nan),83.34(0.49),82.26(nan),79.44(nan),89.39(nan),89.37(nan),89.52(nan),84.37(nan),88.72(nan),88.65(nan),88.69(nan),88.15(nan),90.38(nan),85.15(nan),87.77(nan),,,87.74(nan),84.91(nan),87.77(nan),,,,,,,,,,,,,,,,,,,,,,,,,,,,,,,,,,,,,,,,,,,88.02(0.91),87.99(1.24),87.92(1.12),87.88(1.12),88.86(0.82),92.95(0.40),,78.76(1.81),86.95(nan),80.83(nan),82.94(nan),80.34(nan),75.46(nan),75.46(nan),,,60.00(1.05),,,,,,69.32(1.60)
ionosphere,Bal. Accuracy,64.00(nan),76.71(nan),75.16(nan),68.33(nan),79.22(nan),78.83(nan),78.87(nan),78.87(nan),78.87(nan),79.00(nan),79.00(nan),78.65(nan),77.45(0.71),77.35(1.32),70.44(nan),76.44(nan),78.25(nan),79.49(nan),79.30(nan),71.24(nan),76.67(nan),76.27(nan),76.27(nan),75.00(1.46),76.30(1.57),75.00(1.34),76.23(1.38),76.44(1.71),78.13(1.49),76.54(1.63),78.43(nan),76.97(1.71),77.06(nan),79.00(nan),79.22(nan),79.22(nan),78.21(nan),71.96(1.07),77.49(1.03),72.18(1.02),77.59(nan),77.24(nan),77.46(1.10),79.22(nan),79.22(nan),77.33(1.51),79.22(nan),79.22(nan),64.02(1.97),74.89(nan),67.54(nan),75.78(nan),66.41(nan),77.32(nan),66.41(nan),77.32(nan),77.41(nan),77.98(nan),49.65(2.34),,76.83(nan),76.75(nan),72.46(nan),76.03(nan),74.35(1.65),62.05(1.90),79.62(nan),69.02(nan),75.56(0.00),60.27(nan),78.65(0.75),69.63(nan),78.55(1.02),68.97(nan),74.19(nan),78.73(nan),78.90(nan),79.13(nan),69.21(nan),77.43(nan),76.13(nan),75.33(nan),75.83(nan),78.21(nan),77.71(nan),76.29(nan),,,79.75(nan),73.65(nan),76.29(nan),,,,,,,,,,,,,,,,,,,,,,,,,,,,,,,,,,,,,,,,,,,76.74(1.49),76.56(2.61),76.60(2.66),76.58(2.39),77.96(1.69),79.08(1.67),,61.36(0.89),70.76(nan),68.14(nan),58.11(nan),68.54(nan),62.30(nan),62.30(nan),,,43.40(1.02),,,,,,54.31(1.77)
ionosphere,Time,0.24(nan),0.25(nan),0.26(nan),1.19(nan),2.66(nan),3.15(nan),3.27(nan),5.01(nan),3.21(nan),1.62(nan),1.78(nan),3.87(nan),0.41(0.01),1.44(0.03),0.93(nan),0.96(nan),0.79(nan),12.01(nan),11.70(nan),1.15(nan),1.17(nan),3.71(nan),3.69(nan),0.75(0.07),0.69(0.07),0.71(0.07),0.96(0.01),1.48(0.06),0.59(0.06),0.61(0.02),1.55(nan),0.34(0.01),1.21(nan),1.74(nan),1.68(nan),1.85(nan),1.58(nan),1.46(0.06),1.54(0.06),1.46(0.07),5.06(nan),3.02(nan),1.81(0.09),1.83(nan),1.84(nan),1.63(0.04),2.31(nan),1.81(nan),0.92(0.02),1.41(nan),0.86(nan),0.90(nan),0.99(nan),1.06(nan),1.03(nan),0.89(nan),1.55(nan),1.00(nan),4.04(0.17),,1.03(nan),1.11(nan),1.33(nan),0.95(nan),1.51(0.04),1.75(0.01),1.81(nan),4.11(nan),7.78(0.06),3.29(nan),6.12(1.37),3.63(nan),13.10(0.10),13.02(nan),1.47(nan),1.54(nan),1.32(nan),1.30(nan),0.30(nan),0.30(nan),0.49(nan),0.62(nan),0.84(nan),1.94(nan),1.36(nan),1.89(nan),,,3.18(nan),6.27(nan),1.89(nan),,,,,,,,,,,,,,,,,,,,,,,,,,,,,,,,,,,,,,,,,,,3.42(0.08),2.76(0.04),2.94(0.21),4.49(0.51),3.29(0.88),9.28(0.03),,1.08(0.00),1.23(nan),14.58(nan),0.60(nan),21.30(nan),23.50(nan),23.30(nan),,,0.49(0.04),,,,,,14.24(0.13)
ipd,Num. Errors,148.00(nan),74.00(nan),67.00(nan),147.00(nan),74.00(nan),73.00(nan),83.00(nan),83.00(nan),,,,83.00(nan),,,142.00(nan),76.00(nan),72.00(nan),,,146.00(nan),72.00(nan),86.00(nan),86.00(nan),,,,,,,,,,82.00(nan),,,,,,,,,,,,,,,,139.20(6.87),91.00(nan),129.00(nan),70.00(nan),147.00(nan),83.00(nan),147.00(nan),83.00(nan),74.00(nan),77.00(nan),385.40(63.45),,,,,,,139.00(4.42),62.00(nan),125.00(nan),67.00(0.00),135.00(nan),64.40(1.52),121.00(nan),66.40(3.78),122.00(nan),443.00(nan),64.00(nan),64.00(nan),62.00(nan),141.00(nan),63.00(nan),72.00(nan),70.00(nan),74.00(nan),,,,,,,,,,,,,,,,,,,,,,,,,,,,,,,,,,,,,,,,,,,,,,,,,,,,,,,,114.60(8.56),,266.60(24.93),87.00(nan),135.00(nan),112.00(nan),136.00(nan),521.00(nan),521.00(nan),,,,,,,,,
ipd,Accuracy,86.50(nan),93.25(nan),93.89(nan),86.59(nan),93.25(nan),93.34(nan),92.43(nan),92.43(nan),,,,92.43(nan),,,87.04(nan),93.07(nan),93.43(nan),,,86.68(nan),93.43(nan),92.15(nan),92.15(nan),,,,,,,,,,92.52(nan),,,,,,,,,,,,,,,,87.30(0.63),91.70(nan),88.23(nan),93.61(nan),86.59(nan),92.43(nan),86.59(nan),92.43(nan),93.25(nan),92.97(nan),64.84(5.79),,,,,,,87.32(0.40),94.34(nan),88.59(nan),93.89(0.00),87.68(nan),94.12(0.14),88.96(nan),93.94(0.35),88.87(nan),59.58(nan),94.16(nan),94.16(nan),94.34(nan),87.14(nan),94.25(nan),93.43(nan),93.61(nan),93.25(nan),,,,,,,,,,,,,,,,,,,,,,,,,,,,,,,,,,,,,,,,,,,,,,,,,,,,,,,,89.54(0.78),,75.68(2.27),92.06(nan),87.68(nan),89.78(nan),87.59(nan),52.46(nan),52.46(nan),,,,,,,,,
ipd,AUROC,94.36(nan),97.37(nan),97.76(nan),94.90(nan),97.57(nan),97.58(nan),97.33(nan),97.33(nan),,,,97.34(nan),,,94.86(nan),97.46(nan),97.51(nan),,,94.85(nan),97.51(nan),97.27(nan),97.27(nan),,,,,,,,,,97.26(nan),,,,,,,,,,,,,,,,94.75(0.42),97.23(nan),94.67(nan),97.63(nan),93.99(nan),97.58(nan),93.99(nan),97.58(nan),97.62(nan),97.65(nan),73.67(8.25),,,,,,,94.15(0.29),97.53(nan),95.13(nan),97.80(0.00),95.95(nan),98.02(0.04),95.23(nan),97.98(0.09),95.12(nan),59.34(nan),97.69(nan),97.72(nan),97.72(nan),94.61(nan),97.68(nan),97.69(nan),97.68(nan),97.66(nan),,,,,,,,,,,,,,,,,,,,,,,,,,,,,,,,,,,,,,,,,,,,,,,,,,,,,,,,95.06(0.48),,82.60(4.07),95.14(nan),94.31(nan),97.30(nan),94.28(nan),53.34(nan),53.34(nan),,,,,,,,,
ipd,AUPRC,94.08(nan),96.12(nan),97.40(nan),94.82(nan),96.57(nan),96.49(nan),96.33(nan),96.33(nan),,,,96.33(nan),,,94.85(nan),96.41(nan),96.47(nan),,,94.88(nan),96.42(nan),96.25(nan),96.25(nan),,,,,,,,,,96.21(nan),,,,,,,,,,,,,,,,94.39(0.46),97.10(nan),94.57(nan),96.45(nan),93.77(nan),97.26(nan),93.77(nan),97.26(nan),97.33(nan),97.43(nan),71.34(9.06),,,,,,,93.63(0.41),96.60(nan),95.16(nan),96.96(0.00),95.26(nan),97.89(0.15),95.26(nan),97.81(0.26),95.13(nan),57.56(nan),97.20(nan),97.20(nan),97.20(nan),94.54(nan),97.52(nan),96.62(nan),96.61(nan),96.58(nan),,,,,,,,,,,,,,,,,,,,,,,,,,,,,,,,,,,,,,,,,,,,,,,,,,,,,,,,94.18(0.60),,80.96(4.91),93.06(nan),91.61(nan),95.35(nan),91.60(nan),51.42(nan),51.42(nan),,,,,,,,,
ipd,Bal. Accuracy,86.50(nan),93.25(nan),93.89(nan),86.59(nan),93.25(nan),93.35(nan),92.43(nan),92.43(nan),,,,92.44(nan),,,87.05(nan),93.07(nan),93.44(nan),,,86.68(nan),93.44(nan),92.16(nan),92.16(nan),,,,,,,,,,92.53(nan),,,,,,,,,,,,,,,,87.30(0.63),91.70(nan),88.23(nan),93.62(nan),86.59(nan),92.43(nan),86.59(nan),92.43(nan),93.25(nan),92.98(nan),64.89(5.78),,,,,,,87.32(0.40),94.34(nan),88.60(nan),93.89(0.00),87.70(nan),94.13(0.14),88.96(nan),93.94(0.35),88.87(nan),59.58(nan),94.16(nan),94.16(nan),94.35(nan),87.14(nan),94.26(nan),93.44(nan),93.62(nan),93.25(nan),,,,,,,,,,,,,,,,,,,,,,,,,,,,,,,,,,,,,,,,,,,,,,,,,,,,,,,,89.54(0.78),,75.69(2.27),92.07(nan),87.69(nan),89.80(nan),87.60(nan),52.46(nan),52.46(nan),,,,,,,,,
ipd,Time,0.60(nan),0.66(nan),0.81(nan),3.72(nan),9.37(nan),10.86(nan),11.99(nan),11.49(nan),,,,13.75(nan),,,2.94(nan),2.93(nan),1.39(nan),,,3.56(nan),3.52(nan),13.22(nan),13.50(nan),,,,,,,,,,3.85(nan),,,,,,,,,,,,,,,,3.47(0.35),4.46(nan),2.68(nan),2.69(nan),3.29(nan),3.60(nan),3.27(nan),3.10(nan),4.46(nan),3.20(nan),11.75(0.27),,,,,,,7.00(1.85),5.49(nan),16.10(nan),19.48(0.76),7.56(nan),16.48(0.04),8.74(nan),31.02(0.07),31.24(nan),3.08(nan),4.68(nan),3.99(nan),3.91(nan),0.88(nan),0.92(nan),1.45(nan),1.90(nan),2.65(nan),,,,,,,,,,,,,,,,,,,,,,,,,,,,,,,,,,,,,,,,,,,,,,,,,,,,,,,,28.26(0.29),,3.25(0.21),3.74(nan),59.38(nan),1.70(nan),59.55(nan),59.82(nan),57.69(nan),,,,,,,,,
krvskp,Num. Errors,965.00(nan),548.00(nan),578.00(nan),904.00(nan),541.00(nan),543.00(nan),552.00(nan),552.00(nan),,528.00(nan),528.00(nan),538.00(nan),518.80(11.78),523.40(5.94),939.00(nan),525.00(nan),510.00(nan),536.00(nan),543.00(nan),958.00(nan),517.00(nan),547.00(nan),547.00(nan),525.20(6.94),523.80(8.17),524.20(6.61),524.20(7.53),524.40(6.50),524.40(9.61),524.20(8.56),527.00(nan),523.80(5.54),539.00(nan),545.00(nan),532.00(nan),538.00(nan),543.00(nan),925.20(26.79),530.00(7.58),916.80(18.07),531.00(nan),538.00(nan),532.40(8.26),544.00(nan),544.00(nan),532.00(9.57),538.00(nan),540.00(nan),969.60(17.07),687.00(nan),1003.00(nan),552.00(nan),1019.00(nan),627.00(nan),1019.00(nan),627.00(nan),596.00(nan),600.00(nan),1087.60(24.44),937.60(93.73),511.00(nan),535.00(nan),575.00(nan),513.00(nan),599.40(3.21),900.20(13.39),560.00(nan),1012.00(nan),529.00(0.00),908.00(nan),552.60(4.16),963.00(nan),553.20(4.87),969.00(nan),597.00(nan),534.00(nan),537.00(nan),533.00(nan),950.00(nan),527.00(nan),521.00(nan),525.00(nan),532.00(nan),533.00(nan),523.00(nan),531.00(nan),,,542.00(nan),611.00(nan),530.60(13.69),674.80(16.32),523.80(5.54),527.60(5.59),524.40(5.68),534.00(5.66),527.60(5.59),528.20(11.03),537.40(7.09),527.60(5.59),928.00(13.91),532.00(11.00),536.40(2.61),532.40(7.16),531.40(7.09),584.40(14.60),563.60(15.27),531.40(7.09),533.20(9.01),530.40(7.86),559.20(16.83),567.60(5.98),559.40(16.55),633.60(9.42),643.60(26.62),618.20(19.10),530.80(5.40),527.80(15.56),525.80(17.64),525.60(7.44),531.40(7.09),537.60(4.04),544.20(3.35),938.00(18.17),530.80(5.40),522.60(7.96),530.20(9.15),530.20(9.04),533.40(6.19),530.60(6.39),,526.40(8.35),,530.80(19.40),527.00(13.21),528.40(15.66),531.80(16.02),638.20(8.58),752.40(40.82),1566.00(2.00),1136.20(19.10),711.00(nan),655.00(nan),586.00(nan),680.00(nan),1546.00(nan),1546.00(nan),1366.00(nan),1090.0,1838.40(7.02),733.00(0.00),,,,,
krvskp,Accuracy,69.81(nan),82.85(nan),81.91(nan),71.71(nan),83.07(nan),83.01(nan),82.73(nan),82.73(nan),,83.48(nan),83.48(nan),83.17(nan),83.77(0.37),83.62(0.19),70.62(nan),83.57(nan),84.04(nan),83.23(nan),83.01(nan),70.03(nan),83.82(nan),82.88(nan),82.88(nan),83.57(0.22),83.61(0.26),83.60(0.21),83.60(0.24),83.59(0.20),83.59(0.30),83.60(0.27),83.51(nan),83.61(0.17),83.14(nan),82.95(nan),83.35(nan),83.17(nan),83.01(nan),71.05(0.84),83.42(0.24),71.31(0.57),83.39(nan),83.17(nan),83.34(0.26),82.98(nan),82.98(nan),83.35(0.30),83.17(nan),83.10(nan),69.66(0.53),78.50(nan),68.62(nan),82.73(nan),68.12(nan),80.38(nan),68.12(nan),80.38(nan),81.35(nan),81.23(nan),65.97(0.76),70.66(2.93),84.01(nan),83.26(nan),82.01(nan),83.95(nan),81.25(0.10),71.83(0.42),82.48(nan),68.34(nan),83.45(0.00),71.59(nan),82.71(0.13),69.87(nan),82.69(0.15),69.68(nan),81.32(nan),83.29(nan),83.20(nan),83.32(nan),70.28(nan),83.51(nan),83.70(nan),83.57(nan),83.35(nan),83.32(nan),83.64(nan),83.39(nan),,,83.04(nan),80.88(nan),83.40(0.43),78.89(0.51),83.61(0.17),83.49(0.18),83.59(0.18),83.29(0.18),83.49(0.18),83.47(0.35),83.19(0.22),83.49(0.18),70.96(0.44),83.35(0.34),83.22(0.08),83.34(0.22),83.37(0.22),81.71(0.46),82.37(0.48),83.37(0.22),83.32(0.28),83.40(0.25),82.50(0.53),82.24(0.19),82.50(0.52),80.18(0.29),79.86(0.83),80.66(0.60),83.39(0.17),83.49(0.49),83.55(0.55),83.55(0.23),83.37(0.22),83.18(0.13),82.97(0.10),70.65(0.57),83.39(0.17),83.65(0.25),83.41(0.29),83.41(0.28),83.31(0.19),83.40(0.20),,83.53(0.26),,83.39(0.61),83.51(0.41),83.47(0.49),83.36(0.50),80.03(0.27),76.46(1.28),51.00(0.06),64.45(0.60),77.75(nan),79.51(nan),81.66(nan),78.72(nan),51.63(nan),51.63(nan),57.26(nan),65.89,42.46(0.22),77.07(0.00),,,,,
krvskp,AUROC,76.34(nan),91.22(nan),90.20(nan),79.68(nan),91.48(nan),91.50(nan),91.38(nan),91.38(nan),,91.63(nan),91.63(nan),91.53(nan),91.74(0.12),91.79(0.11),77.78(nan),91.62(nan),91.75(nan),91.44(nan),91.06(nan),77.71(nan),91.72(nan),91.44(nan),91.44(nan),91.66(0.20),91.67(0.18),91.66(0.19),91.67(0.17),91.67(0.18),91.63(0.17),91.67(0.19),91.68(nan),91.68(0.17),91.57(nan),91.55(nan),91.59(nan),91.55(nan),91.65(nan),78.31(0.55),91.66(0.15),78.49(0.47),91.59(nan),91.46(nan),91.66(0.13),91.58(nan),91.52(nan),91.63(0.13),91.55(nan),91.59(nan),76.62(0.39),86.06(nan),75.68(nan),91.33(nan),74.37(nan),89.05(nan),74.37(nan),89.05(nan),89.71(nan),89.64(nan),70.02(1.07),76.52(3.29),91.70(nan),91.25(nan),90.25(nan),91.89(nan),89.64(0.11),78.71(0.32),90.81(nan),74.47(nan),91.28(0.00),78.48(nan),90.66(0.05),75.26(nan),90.61(0.02),75.22(nan),89.02(nan),91.79(nan),91.81(nan),91.83(nan),78.11(nan),91.58(nan),91.37(nan),91.42(nan),91.42(nan),91.60(nan),91.98(nan),91.49(nan),,,90.89(nan),89.23(nan),91.61(0.23),87.36(0.55),91.68(0.17),91.57(0.15),91.67(0.16),91.54(0.18),91.57(0.15),91.62(0.19),91.58(0.19),91.57(0.15),78.64(0.45),91.59(0.21),91.63(0.14),91.61(0.14),91.64(0.18),90.41(0.22),90.52(0.13),91.64(0.18),91.62(0.18),91.59(0.22),90.48(0.30),90.25(0.16),90.42(0.24),88.51(0.21),88.18(0.65),88.60(0.43),91.60(0.18),91.59(0.21),91.56(0.30),91.63(0.20),91.64(0.18),91.53(0.23),91.49(0.18),77.93(0.32),91.60(0.18),91.61(0.19),91.63(0.21),91.61(0.20),91.64(0.15),91.60(0.22),,91.95(0.20),,91.60(0.19),91.55(0.21),91.54(0.20),91.50(0.18),86.06(0.35),84.79(0.97),51.02(0.20),69.71(1.12),85.45(nan),88.45(nan),90.37(nan),87.74(nan),48.54(nan),48.54(nan),44.16(nan),49.95,42.79(0.09),83.81(0.00),,,,,
krvskp,AUPRC,77.46(nan),92.32(nan),91.41(nan),81.11(nan),92.69(nan),92.73(nan),92.52(nan),92.52(nan),,92.85(nan),92.85(nan),92.61(nan),92.83(0.10),92.88(0.11),79.75(nan),92.78(nan),92.88(nan),92.70(nan),92.32(nan),79.71(nan),92.85(nan),92.58(nan),92.58(nan),92.76(0.16),92.75(0.12),92.75(0.13),92.76(0.11),92.76(0.13),92.72(0.14),92.75(0.13),92.87(nan),92.76(0.12),92.65(nan),92.78(nan),92.80(nan),92.81(nan),92.85(nan),79.89(0.45),92.76(0.10),80.05(0.38),92.79(nan),92.70(nan),92.79(0.10),92.81(nan),92.75(nan),92.72(0.05),92.81(nan),92.83(nan),77.82(0.73),85.98(nan),77.38(nan),92.56(nan),75.33(nan),90.33(nan),75.33(nan),90.33(nan),90.88(nan),90.77(nan),70.46(0.90),78.07(2.94),92.82(nan),92.44(nan),91.27(nan),92.99(nan),90.96(0.10),79.82(0.33),91.56(nan),74.42(nan),92.53(0.00),78.96(nan),91.72(0.04),75.03(nan),91.69(0.03),74.99(nan),89.45(nan),92.94(nan),92.96(nan),92.97(nan),79.99(nan),92.67(nan),92.55(nan),92.60(nan),92.59(nan),92.82(nan),93.06(nan),92.57(nan),,,91.90(nan),90.38(nan),92.67(0.17),88.94(0.50),92.76(0.12),92.61(0.12),92.73(0.10),92.64(0.16),92.61(0.12),92.69(0.17),92.63(0.16),92.61(0.12),80.22(0.41),92.66(0.20),92.68(0.12),92.66(0.14),92.69(0.15),91.61(0.24),91.60(0.07),92.69(0.15),92.63(0.16),92.66(0.19),91.44(0.28),91.25(0.23),91.51(0.22),89.79(0.13),89.32(0.45),89.76(0.38),92.69(0.16),92.69(0.19),92.66(0.26),92.68(0.16),92.69(0.15),92.59(0.18),92.53(0.16),79.67(0.33),92.69(0.16),92.63(0.14),92.68(0.18),92.64(0.19),92.68(0.14),92.65(0.18),,93.02(0.19),,92.74(0.17),92.69(0.20),92.68(0.19),92.66(0.18),86.43(0.37),85.81(1.03),52.93(0.23),69.66(2.06),86.52(nan),90.02(nan),91.55(nan),89.41(nan),50.61(nan),50.61(nan),46.45(nan),52.66,46.74(0.13),82.49(0.00),,,,,
krvskp,Bal. Accuracy,69.70(nan),82.81(nan),81.85(nan),71.63(nan),83.08(nan),83.02(nan),82.72(nan),82.72(nan),,83.49(nan),83.49(nan),83.16(nan),83.77(0.35),83.64(0.16),70.53(nan),83.58(nan),84.04(nan),83.26(nan),83.03(nan),69.87(nan),83.82(nan),82.87(nan),82.87(nan),83.59(0.21),83.63(0.25),83.62(0.21),83.62(0.25),83.62(0.20),83.60(0.31),83.62(0.26),83.53(nan),83.63(0.17),83.13(nan),82.97(nan),83.38(nan),83.19(nan),83.03(nan),70.94(0.83),83.42(0.21),71.20(0.58),83.37(nan),83.17(nan),83.35(0.23),83.00(nan),83.01(nan),83.36(0.27),83.19(nan),83.12(nan),69.54(0.52),78.39(nan),68.52(nan),82.72(nan),67.97(nan),80.30(nan),67.97(nan),80.30(nan),81.32(nan),81.18(nan),65.74(0.74),70.25(3.20),83.99(nan),83.33(nan),82.04(nan),83.93(nan),81.22(0.10),71.71(0.42),82.45(nan),68.23(nan),83.44(0.00),71.60(nan),82.66(0.13),69.78(nan),82.64(0.15),69.59(nan),81.30(nan),83.31(nan),83.22(nan),83.35(nan),70.21(nan),83.55(nan),83.68(nan),83.58(nan),83.35(nan),83.35(nan),83.60(nan),83.36(nan),,,83.14(nan),80.97(nan),83.41(0.43),78.84(0.51),83.63(0.17),83.50(0.19),83.60(0.19),83.30(0.21),83.50(0.19),83.49(0.33),83.19(0.24),83.50(0.19),70.87(0.41),83.38(0.35),83.22(0.05),83.35(0.20),83.37(0.21),81.68(0.48),82.43(0.47),83.37(0.21),83.33(0.28),83.42(0.23),82.55(0.52),82.26(0.16),82.52(0.49),80.23(0.31),79.87(0.87),80.61(0.62),83.41(0.17),83.51(0.47),83.57(0.54),83.57(0.22),83.37(0.21),83.18(0.13),82.98(0.09),70.57(0.55),83.41(0.17),83.68(0.24),83.42(0.30),83.42(0.27),83.32(0.18),83.38(0.19),,83.48(0.26),,83.39(0.62),83.54(0.40),83.49(0.46),83.39(0.49),80.01(0.25),76.37(1.32),50.74(0.06),64.20(0.56),77.79(nan),79.25(nan),81.68(nan),78.50(nan),49.90(nan),49.90(nan),55.81(nan),65.74,43.96(0.23),76.92(0.00),,,,,
krvskp,Time,2.17(nan),2.29(nan),2.37(nan),11.47(nan),36.38(nan),40.24(nan),40.00(nan),37.35(nan),,22.72(nan),25.29(nan),45.70(nan),3.76(0.11),13.44(0.07),9.08(nan),8.98(nan),5.45(nan),140.98(nan),117.14(nan),10.94(nan),10.68(nan),43.30(nan),44.55(nan),6.92(0.25),6.15(0.05),6.27(0.04),10.79(0.29),12.14(0.75),5.19(0.03),5.60(0.06),20.54(nan),3.23(0.05),11.50(nan),24.32(nan),23.24(nan),22.70(nan),20.24(nan),41.07(4.02),18.64(1.81),17.40(1.04),28.97(nan),28.81(nan),18.09(0.82),24.19(nan),28.32(nan),15.99(0.24),30.15(nan),33.12(nan),10.49(0.45),13.47(nan),8.76(nan),8.04(nan),13.45(nan),9.89(nan),14.01(nan),10.12(nan),14.38(nan),9.92(nan),41.45(4.88),41.11(1.03),10.09(nan),11.61(nan),14.23(nan),10.48(nan),18.96(1.24),17.82(0.24),15.88(nan),64.02(nan),79.63(0.70),30.94(nan),65.42(0.31),34.42(nan),132.95(8.62),125.05(nan),14.45(nan),14.23(nan),12.37(nan),12.06(nan),2.78(nan),2.79(nan),4.45(nan),5.83(nan),8.13(nan),22.42(nan),15.73(nan),45.34(nan),,,49.96(nan),111.30(nan),22.54(1.25),30.98(3.65),2.70(0.01),32.44(1.86),19.79(1.35),25.34(0.87),38.01(1.81),20.80(0.55),15.68(0.28),34.71(9.56),4.07(0.12),28.06(5.59),25.32(1.88),33.75(3.92),24.72(1.24),23.47(0.34),24.76(0.86),33.67(7.70),45.03(1.65),50.83(2.05),38.79(1.57),28.50(1.03),27.00(0.35),34.37(6.72),44.61(1.54),37.57(5.33),22.44(0.56),30.70(1.92),27.83(0.93),24.79(2.26),22.42(0.63),26.64(2.33),27.80(2.84),22.51(1.35),2.81(0.01),4.26(0.03),30.44(1.50),37.05(2.64),32.87(0.79),27.99(1.29),,15.97(1.69),,57.90(5.52),27.69(0.47),33.11(0.72),51.43(4.58),21.63(0.15),92.59(4.33),40.80(0.14),13.11(0.61),11.86(nan),216.14(nan),5.52(nan),236.04(nan),242.01(nan),255.22(nan),0.58(nan),0.18,3.85(0.01),57.31(4.27),,,,,
magic04,Num. Errors,5527.00(nan),4187.00(nan),4047.00(nan),5095.00(nan),4007.00(nan),4072.00(nan),3981.00(nan),3981.00(nan),,4044.00(nan),4044.00(nan),4035.00(nan),4019.80(21.63),4071.40(13.03),5065.00(nan),4005.00(nan),4027.00(nan),4072.00(nan),4085.00(nan),5870.00(nan),4016.00(nan),4001.00(nan),4001.00(nan),4053.80(35.70),4052.00(32.60),4053.80(35.54),4012.20(25.48),4044.60(29.25),4038.60(33.29),4050.60(47.29),4032.00(nan),4092.40(32.62),3991.00(nan),4019.00(nan),3999.00(nan),4058.00(nan),4006.00(nan),5035.20(72.80),4009.20(23.25),5064.80(87.74),4041.00(nan),4003.00(nan),4026.40(30.31),4016.00(nan),4008.00(nan),4024.00(23.61),4032.00(nan),4014.00(nan),4767.80(32.31),4310.00(nan),4916.00(nan),4189.00(nan),4864.00(nan),4127.00(nan),4864.00(nan),4127.00(nan),4053.00(nan),4112.00(nan),4998.60(22.32),4517.00(113.76),4048.00(nan),4015.00(nan),4048.00(nan),4086.00(nan),4087.80(37.86),5111.40(43.37),4403.00(nan),5600.00(nan),4638.00(0.00),5111.00(nan),4637.40(16.55),5524.00(nan),4644.80(11.37),5298.00(nan),6008.00(nan),4061.00(nan),4096.00(nan),4096.00(nan),4980.00(nan),4065.00(nan),4013.00(nan),4026.00(nan),4056.00(nan),3989.00(nan),4116.00(nan),4010.00(nan),4045.20(8.29),4078.40(20.77),4037.00(nan),4263.00(nan),4022.80(31.14),,4096.80(29.08),4082.00(35.12),,4118.00(34.43),4082.40(35.23),4091.00(19.76),4058.80(39.35),4082.00(35.12),4775.40(44.55),4456.00(16.69),4080.20(38.54),4095.00(26.80),4070.80(30.47),4640.40(32.48),4485.40(31.79),4070.80(30.47),4107.80(39.20),4109.80(46.86),4301.20(55.30),4264.40(33.52),4317.20(31.74),4594.40(77.86),4615.20(82.25),4597.80(65.55),4101.60(18.77),4086.80(13.37),4129.00(27.34),4087.40(43.75),4070.80(30.47),4094.00(37.35),4118.20(38.17),5111.80(58.74),4101.60(18.77),4075.40(24.98),4158.80(22.07),4072.00(24.59),4096.20(24.45),4095.40(34.91),,,,4126.60(39.04),4086.60(30.09),4088.60(30.96),4099.40(19.76),4310.40(42.71),4031.60(63.01),6994.67(46.69),5538.60(42.16),5032.00(nan),5068.00(nan),5146.00(nan),5108.00(nan),5373.00(nan),5383.00(nan),7101.00(nan),7168.0,12397.40(6.58),5663.80(56.39),,,,,4138.00(25.34)
magic04,Accuracy,70.94(nan),77.99(nan),78.72(nan),73.21(nan),78.93(nan),78.59(nan),79.07(nan),79.07(nan),,78.74(nan),78.74(nan),78.79(nan),78.87(0.11),78.59(0.07),73.37(nan),78.94(nan),78.83(nan),78.59(nan),78.52(nan),69.14(nan),78.89(nan),78.96(nan),78.96(nan),78.69(0.19),78.70(0.17),78.69(0.19),78.91(0.13),78.74(0.15),78.77(0.18),78.70(0.25),78.80(nan),78.48(0.17),79.02(nan),78.87(nan),78.97(nan),78.66(nan),78.94(nan),73.53(0.38),78.92(0.12),73.37(0.46),78.75(nan),78.95(nan),78.83(0.16),78.89(nan),78.93(nan),78.84(0.12),78.80(nan),78.90(nan),74.93(0.17),77.34(nan),74.15(nan),77.98(nan),74.43(nan),78.30(nan),74.43(nan),78.30(nan),78.69(nan),78.38(nan),73.72(0.12),76.25(0.60),78.72(nan),78.89(nan),78.72(nan),78.52(nan),78.51(0.20),73.13(0.23),76.85(nan),70.56(nan),75.62(0.00),73.13(nan),75.62(0.09),70.96(nan),75.58(0.06),72.15(nan),68.41(nan),78.65(nan),78.46(nan),78.46(nan),73.82(nan),78.63(nan),78.90(nan),78.83(nan),78.68(nan),79.03(nan),78.36(nan),78.92(nan),78.73(0.04),78.56(0.11),78.77(nan),77.59(nan),78.85(0.16),,78.46(0.15),78.54(0.18),,78.35(0.18),78.54(0.19),78.49(0.10),78.66(0.21),78.54(0.18),74.89(0.23),76.57(0.09),78.55(0.20),78.47(0.14),78.60(0.16),75.60(0.17),76.42(0.17),78.60(0.16),78.40(0.21),78.39(0.25),77.39(0.29),77.58(0.18),77.30(0.17),75.84(0.41),75.74(0.43),75.83(0.34),78.44(0.10),78.51(0.07),78.29(0.14),78.51(0.23),78.60(0.16),78.48(0.20),78.35(0.20),73.12(0.31),78.44(0.10),78.57(0.13),78.13(0.12),78.59(0.13),78.46(0.13),78.47(0.18),,,,78.30(0.21),78.51(0.16),78.50(0.16),78.45(0.10),77.34(0.22),78.80(0.33),63.22(0.25),70.88(0.22),73.54(nan),73.35(nan),72.94(nan),73.14(nan),71.75(nan),71.70(nan),62.67(nan),62.31,34.82(0.03),70.22(0.30),,,,,78.24(0.13)
magic04,AUROC,69.86(nan),83.87(nan),83.87(nan),72.33(nan),84.45(nan),84.17(nan),84.69(nan),84.69(nan),,84.37(nan),84.37(nan),84.35(nan),84.50(0.13),84.25(0.15),72.19(nan),84.55(nan),84.50(nan),84.27(nan),84.08(nan),61.01(nan),84.48(nan),84.38(nan),84.38(nan),84.26(0.19),84.34(0.20),84.24(0.18),84.36(0.12),84.38(0.21),84.38(0.18),84.36(0.19),84.43(nan),84.12(0.18),84.46(nan),84.48(nan),84.53(nan),84.46(nan),84.52(nan),72.41(0.39),84.47(0.13),72.35(0.37),84.54(nan),84.58(nan),84.47(0.12),84.49(nan),84.54(nan),84.43(0.14),84.49(nan),84.49(nan),74.65(0.21),82.12(nan),73.36(nan),83.41(nan),74.25(nan),83.22(nan),74.25(nan),83.22(nan),83.78(nan),83.42(nan),72.73(0.35),80.78(0.84),84.31(nan),84.25(nan),83.58(nan),84.22(nan),83.55(0.12),72.11(0.22),81.98(nan),67.82(nan),79.46(0.00),71.19(nan),78.71(0.03),68.43(nan),78.66(0.03),72.99(nan),68.09(nan),84.00(nan),83.81(nan),83.92(nan),73.27(nan),84.17(nan),84.29(nan),84.25(nan),84.14(nan),84.52(nan),84.02(nan),84.55(nan),84.34(0.06),84.02(0.13),83.94(nan),82.59(nan),84.48(0.16),,84.12(0.18),84.13(0.07),,83.91(0.14),84.13(0.07),84.19(0.08),84.15(0.10),84.13(0.07),74.50(0.20),84.08(0.08),84.11(0.10),84.13(0.09),84.24(0.08),79.31(0.47),80.79(0.27),84.24(0.08),84.11(0.08),84.10(0.13),82.45(0.16),82.46(0.14),82.41(0.17),79.73(0.70),79.94(0.23),79.75(0.63),84.20(0.09),84.21(0.10),83.96(0.07),84.19(0.12),84.24(0.08),84.09(0.05),83.90(0.08),72.21(0.60),84.20(0.09),84.18(0.08),84.17(0.08),84.16(0.05),84.15(0.06),84.13(0.09),,,,83.86(0.13),84.10(0.16),84.09(0.12),84.09(0.10),79.39(0.41),83.99(0.38),49.97(0.03),68.42(0.45),75.90(nan),76.34(nan),77.10(nan),76.44(nan),73.68(nan),73.57(nan),39.24(nan),46.89,44.26(0.13),70.86(0.47),,,,,83.48(0.10)
magic04,AUPRC,75.80(nan),89.58(nan),89.41(nan),77.33(nan),89.76(nan),89.65(nan),89.84(nan),89.84(nan),,89.69(nan),89.69(nan),89.63(nan),89.87(0.13),89.70(0.16),77.23(nan),89.76(nan),89.72(nan),89.61(nan),89.54(nan),70.48(nan),89.80(nan),89.63(nan),89.63(nan),89.70(0.13),89.76(0.13),89.69(0.13),89.76(0.13),89.80(0.14),89.78(0.14),89.78(0.11),89.69(nan),89.63(0.13),89.67(nan),89.76(nan),89.81(nan),89.76(nan),89.78(nan),77.51(0.25),89.86(0.11),77.48(0.25),89.80(nan),89.83(nan),89.85(0.09),89.79(nan),89.86(nan),89.84(0.09),89.80(nan),89.79(nan),79.61(0.20),88.00(nan),78.35(nan),89.05(nan),79.31(nan),88.75(nan),79.31(nan),88.75(nan),89.27(nan),88.94(nan),78.78(0.21),87.69(0.46),89.72(nan),89.53(nan),89.10(nan),89.67(nan),89.01(0.14),77.47(0.21),88.28(nan),74.36(nan),85.55(0.00),76.56(nan),84.57(0.03),74.69(nan),84.52(0.05),79.35(nan),76.96(nan),89.42(nan),89.36(nan),89.41(nan),78.39(nan),89.52(nan),89.56(nan),89.52(nan),89.44(nan),89.80(nan),89.57(nan),89.85(nan),89.72(0.05),89.41(0.13),89.34(nan),88.38(nan),89.83(0.16),,89.63(0.13),89.56(0.13),,89.47(0.12),89.56(0.13),89.67(0.10),89.58(0.13),89.56(0.13),79.43(0.25),89.57(0.10),89.56(0.11),89.55(0.10),89.64(0.10),84.79(0.38),87.01(0.20),89.64(0.10),89.59(0.06),89.58(0.10),88.07(0.09),88.04(0.08),88.02(0.14),85.96(0.41),86.06(0.14),86.00(0.49),89.68(0.10),89.67(0.11),89.46(0.07),89.64(0.12),89.64(0.10),89.49(0.08),89.34(0.06),77.29(0.48),89.68(0.10),89.60(0.07),89.63(0.11),89.59(0.11),89.59(0.08),89.58(0.08),,,,89.40(0.11),89.58(0.11),89.57(0.11),89.59(0.11),84.87(0.37),89.46(0.27),64.71(0.06),76.11(0.55),83.80(nan),83.61(nan),84.28(nan),83.63(nan),82.03(nan),82.07(nan),64.53(nan),61.4,59.68(0.14),79.09(0.40),,,,,89.05(0.07)
magic04,Bal. Accuracy,65.99(nan),72.75(nan),73.34(nan),67.38(nan),73.83(nan),73.48(nan),74.63(nan),74.63(nan),,73.53(nan),73.53(nan),74.41(nan),73.84(0.16),73.32(0.15),67.17(nan),74.01(nan),73.78(nan),73.42(nan),73.45(nan),58.50(nan),73.83(nan),74.62(nan),74.62(nan),73.54(0.23),73.58(0.21),73.55(0.25),73.90(0.17),73.62(0.19),73.68(0.27),73.59(0.30),73.64(nan),73.28(0.20),74.59(nan),73.84(nan),73.92(nan),73.40(nan),73.92(nan),67.39(0.45),73.84(0.24),67.21(0.48),73.68(nan),73.96(nan),73.72(0.30),73.85(nan),73.94(nan),73.70(0.22),73.60(nan),73.86(nan),68.50(0.11),71.44(nan),67.50(nan),72.56(nan),67.73(nan),72.76(nan),67.73(nan),72.76(nan),73.20(nan),72.81(nan),66.36(0.08),69.11(1.04),73.51(nan),73.73(nan),73.47(nan),73.59(nan),73.11(0.29),65.21(0.38),70.49(nan),64.28(nan),68.72(0.00),66.49(nan),69.60(0.13),64.51(nan),69.51(0.08),66.85(nan),60.73(nan),73.52(nan),73.21(nan),73.26(nan),67.72(nan),73.57(nan),73.74(nan),73.61(nan),73.50(nan),74.06(nan),73.14(nan),73.96(nan),73.66(0.12),73.31(0.25),73.92(nan),72.40(nan),73.86(0.19),,73.26(0.16),73.45(0.26),,73.29(0.30),73.45(0.26),73.34(0.09),73.55(0.25),73.45(0.26),68.88(0.28),75.69(0.09),73.83(0.25),74.13(0.19),74.48(0.17),70.87(0.27),71.35(0.20),74.48(0.17),74.18(0.28),74.23(0.25),72.68(0.24),72.81(0.21),72.45(0.53),70.21(1.11),70.22(0.51),69.64(0.85),74.32(0.06),74.38(0.17),74.02(0.11),74.36(0.17),74.48(0.17),74.31(0.25),74.12(0.28),68.05(0.26),74.32(0.06),74.29(0.11),75.08(0.11),73.45(0.14),74.29(0.15),74.34(0.24),,,,73.34(0.25),73.32(0.22),73.29(0.15),73.25(0.17),72.37(0.28),74.03(0.28),49.85(0.11),63.29(0.83),65.18(nan),65.48(nan),64.26(nan),65.18(nan),64.11(nan),64.08(nan),60.75(nan),56.19,49.32(0.04),62.58(0.30),,,,,73.25(0.14)
magic04,Time,10.22(nan),11.19(nan),11.76(nan),67.30(nan),204.87(nan),249.62(nan),238.07(nan),221.21(nan),,135.27(nan),149.10(nan),263.90(nan),20.79(0.37),72.06(0.53),53.66(nan),53.40(nan),30.08(nan),436.25(nan),531.82(nan),68.34(nan),65.38(nan),235.40(nan),242.11(nan),42.67(7.10),34.91(0.28),35.31(0.15),58.36(1.15),80.35(1.92),28.98(0.11),31.69(0.24),126.54(nan),17.23(0.93),68.18(nan),176.28(nan),142.51(nan),232.45(nan),132.32(nan),155.59(4.16),99.19(2.74),74.55(0.80),150.20(nan),157.58(nan),93.58(4.07),165.99(nan),169.56(nan),88.38(1.98),205.71(nan),216.30(nan),50.15(2.16),77.06(nan),41.49(nan),41.60(nan),50.56(nan),49.59(nan),52.08(nan),45.89(nan),72.39(nan),59.04(nan),224.43(26.16),222.62(23.56),52.23(nan),63.70(nan),83.84(nan),54.12(nan),96.26(5.06),118.99(13.52),93.13(nan),158.05(nan),170.60(0.65),72.38(nan),116.45(21.98),91.16(nan),322.46(1.20),327.33(nan),24.96(nan),75.90(nan),63.31(nan),62.73(nan),16.35(nan),15.95(nan),25.49(nan),32.94(nan),48.78(nan),124.51(nan),76.97(nan),256.88(nan),118.60(4.78),159.62(6.91),340.27(nan),727.01(nan),204.94(14.76),,15.49(0.14),109.63(4.08),,126.86(6.49),131.69(7.93),116.90(6.40),125.91(6.04),249.30(11.41),19.73(0.20),110.90(2.28),99.09(3.31),170.22(32.34),112.24(10.20),109.09(1.69),115.12(1.58),105.02(4.18),141.51(15.11),133.09(4.83),129.79(14.72),117.47(9.04),109.89(1.33),125.96(5.72),145.10(3.33),127.20(10.21),80.78(4.25),121.33(10.04),130.98(9.37),100.61(3.31),100.04(3.14),121.82(6.43),110.49(5.88),107.68(1.91),16.90(0.12),26.16(0.12),133.03(9.00),143.82(4.85),106.32(3.60),114.01(5.39),,,,265.11(31.64),147.80(3.50),205.82(34.89),220.47(3.79),140.54(3.86),510.13(7.30),248.96(10.14),133.39(2.92),60.21(nan),660.33(nan),20.02(nan),667.77(nan),391.18(nan),602.69(nan),1.11(nan),0.78,541.09(56.52),28.83(0.46),,,,,232.26(18.62)
phishing,Num. Errors,1033.00(nan),819.00(nan),896.00(nan),1003.00(nan),854.00(nan),852.00(nan),869.00(nan),869.00(nan),,843.00(nan),843.00(nan),883.00(nan),845.40(14.19),839.00(19.61),1028.00(nan),834.00(nan),839.00(nan),852.00(nan),841.00(nan),1016.00(nan),834.00(nan),867.00(nan),867.00(nan),852.00(8.00),855.20(15.64),853.40(17.24),856.80(13.24),850.80(11.03),861.00(13.84),853.00(11.31),840.00(nan),847.60(13.07),854.00(nan),844.00(nan),820.00(nan),827.00(nan),844.00(nan),1005.80(13.54),847.20(8.96),1009.80(12.46),844.00(nan),864.00(nan),855.80(13.07),839.00(nan),844.00(nan),851.40(22.58),830.00(nan),839.00(nan),1081.00(11.58),1051.00(nan),1025.00(nan),800.00(nan),1079.00(nan),921.00(nan),1079.00(nan),921.00(nan),920.00(nan),916.00(nan),1722.20(48.51),1162.20(40.79),861.00(nan),864.00(nan),936.00(nan),854.00(nan),922.20(5.12),1091.80(10.80),835.00(nan),1067.00(nan),1071.00(0.00),1252.00(nan),,1058.00(nan),902.20(12.32),1055.00(nan),1053.00(nan),828.00(nan),835.00(nan),827.00(nan),1028.00(nan),831.00(nan),853.00(nan),873.00(nan),864.00(nan),845.00(nan),826.00(nan),832.00(nan),,,875.00(nan),973.00(nan),847.20(8.93),,847.60(13.07),852.60(13.81),,854.80(7.50),852.60(13.81),849.40(7.23),854.80(5.89),852.60(13.81),1078.80(11.97),862.00(9.75),856.60(9.74),843.00(15.15),850.00(13.02),863.20(5.26),885.80(13.61),850.00(13.02),849.80(8.17),851.20(10.66),912.20(29.06),928.00(21.91),913.00(26.91),1049.60(36.79),1091.60(92.13),1092.40(30.15),848.40(8.41),842.80(11.63),841.60(10.92),846.40(8.79),850.00(13.02),853.40(12.22),862.60(17.49),1020.20(10.80),848.40(8.41),856.40(14.05),839.60(15.18),849.40(13.78),855.60(8.73),847.80(10.89),,826.00(2.55),,851.60(16.36),,,,,1214.40(29.92),,2287.80(108.47),1541.00(nan),1237.00(nan),1087.00(nan),1214.00(nan),4988.00(nan),3471.00(nan),3915.00(nan),1153.0,4976.80(2.28),1173.00(0.00),,,,,
phishing,Accuracy,90.66(nan),92.59(nan),91.90(nan),90.93(nan),92.27(nan),92.29(nan),92.14(nan),92.14(nan),,92.37(nan),92.37(nan),92.01(nan),92.35(0.13),92.41(0.18),90.70(nan),92.46(nan),92.41(nan),92.29(nan),92.39(nan),90.81(nan),92.46(nan),92.16(nan),92.16(nan),92.29(0.07),92.26(0.14),92.28(0.16),92.25(0.12),92.30(0.10),92.21(0.13),92.28(0.10),92.40(nan),92.33(0.12),92.27(nan),92.37(nan),92.58(nan),92.52(nan),92.37(nan),90.90(0.12),92.34(0.08),90.87(0.11),92.37(nan),92.18(nan),92.26(0.12),92.41(nan),92.37(nan),92.30(0.20),92.49(nan),92.41(nan),90.22(0.10),90.49(nan),90.73(nan),92.76(nan),90.24(nan),91.67(nan),90.24(nan),91.67(nan),91.68(nan),91.71(nan),84.42(0.44),89.49(0.37),92.21(nan),92.18(nan),91.53(nan),92.27(nan),91.66(0.05),90.12(0.10),92.45(nan),90.35(nan),90.31(0.00),88.67(nan),,90.43(nan),91.84(0.11),90.46(nan),90.47(nan),92.51(nan),92.45(nan),92.52(nan),90.70(nan),92.48(nan),92.28(nan),92.10(nan),92.18(nan),92.36(nan),92.53(nan),92.47(nan),,,92.09(nan),91.20(nan),92.34(0.08),,92.33(0.12),92.29(0.12),,92.27(0.07),92.29(0.12),92.32(0.07),92.27(0.05),92.29(0.12),90.24(0.11),92.20(0.09),92.25(0.09),92.37(0.14),92.31(0.12),92.19(0.05),91.99(0.12),92.31(0.12),92.31(0.07),92.30(0.10),91.75(0.26),91.61(0.20),91.74(0.24),90.51(0.33),90.13(0.83),90.12(0.27),92.33(0.08),92.38(0.11),92.39(0.10),92.34(0.08),92.31(0.12),92.28(0.11),92.20(0.16),90.77(0.10),92.33(0.08),92.25(0.13),92.41(0.14),92.32(0.12),92.26(0.08),92.33(0.10),,92.53(0.02),,92.30(0.15),,,,,89.01(0.27),,79.31(0.98),86.06(nan),88.81(nan),90.17(nan),89.02(nan),54.88(nan),68.60(nan),64.59(nan),89.57,54.98(0.02),89.39(0.00),,,,,
phishing,AUROC,97.02(nan),98.03(nan),97.63(nan),97.21(nan),97.89(nan),97.89(nan),97.86(nan),97.86(nan),,97.90(nan),97.90(nan),97.85(nan),97.91(0.04),97.95(0.03),97.08(nan),97.92(nan),97.89(nan),97.86(nan),97.81(nan),97.09(nan),97.91(nan),97.85(nan),97.85(nan),97.92(0.03),97.92(0.02),97.93(0.03),97.92(0.02),97.93(0.03),97.91(0.02),97.91(0.03),97.89(nan),97.92(0.02),97.87(nan),97.89(nan),97.88(nan),97.88(nan),97.88(nan),97.07(0.02),97.91(0.04),97.09(0.04),97.89(nan),97.90(nan),97.91(0.05),97.88(nan),97.87(nan),97.91(0.04),97.88(nan),97.88(nan),96.72(0.01),96.06(nan),96.99(nan),97.99(nan),96.60(nan),97.51(nan),96.60(nan),97.51(nan),97.58(nan),97.57(nan),93.80(0.27),96.46(0.20),97.88(nan),97.72(nan),97.33(nan),97.89(nan),97.50(0.03),96.48(0.02),97.88(nan),96.69(nan),96.21(0.00),95.40(nan),,96.73(nan),97.32(0.02),96.73(nan),96.69(nan),97.99(nan),97.98(nan),97.99(nan),96.98(nan),97.92(nan),97.86(nan),97.88(nan),97.87(nan),97.87(nan),98.02(nan),97.91(nan),,,97.71(nan),97.18(nan),97.91(0.03),,97.92(0.02),97.90(0.04),,97.93(0.02),97.90(0.04),97.94(0.02),97.90(0.02),97.90(0.04),96.79(0.02),97.91(0.03),97.90(0.02),97.91(0.04),97.91(0.03),97.85(0.03),97.67(0.01),97.91(0.03),97.94(0.03),97.92(0.03),97.44(0.08),97.38(0.06),97.39(0.07),96.69(0.16),96.49(0.20),96.50(0.18),97.94(0.02),97.94(0.02),97.93(0.02),97.93(0.02),97.91(0.03),97.89(0.04),97.86(0.03),97.08(0.01),97.94(0.02),97.92(0.03),97.91(0.02),97.92(0.03),97.91(0.04),97.90(0.03),,98.02(0.02),,97.91(0.03),,,,,95.79(0.14),,90.14(0.66),94.18(nan),94.87(nan),95.97(nan),94.96(nan),50.64(nan),75.96(nan),39.88(nan),52.16,42.19(0.09),95.94(0.00),,,,,
phishing,AUPRC,97.59(nan),98.39(nan),98.05(nan),97.74(nan),98.26(nan),98.28(nan),98.26(nan),98.26(nan),,98.28(nan),98.28(nan),98.24(nan),98.28(0.03),98.31(0.02),97.64(nan),98.31(nan),98.28(nan),98.25(nan),98.21(nan),97.65(nan),98.30(nan),98.24(nan),98.24(nan),98.29(0.03),98.29(0.02),98.30(0.03),98.29(0.02),98.29(0.03),98.28(0.02),98.28(0.03),98.27(nan),98.29(0.02),98.26(nan),98.26(nan),98.26(nan),98.22(nan),98.23(nan),97.62(0.01),98.27(0.04),97.63(0.03),98.26(nan),98.29(nan),98.27(0.05),98.21(nan),98.21(nan),98.27(0.05),98.22(nan),98.21(nan),97.28(0.01),95.96(nan),97.56(nan),98.35(nan),97.17(nan),97.92(nan),97.17(nan),97.92(nan),97.99(nan),97.99(nan),94.98(0.20),97.13(0.16),98.29(nan),98.12(nan),97.68(nan),98.27(nan),97.93(0.02),97.12(0.02),98.28(nan),97.26(nan),96.49(0.00),95.88(nan),,97.30(nan),97.71(0.02),97.29(nan),96.95(nan),98.34(nan),98.34(nan),98.35(nan),97.57(nan),98.29(nan),98.24(nan),98.26(nan),98.25(nan),98.22(nan),98.39(nan),98.30(nan),,,98.12(nan),97.66(nan),98.27(0.03),,98.29(0.02),98.27(0.03),,98.31(0.02),98.27(0.03),98.31(0.02),98.27(0.02),98.27(0.03),97.36(0.03),98.29(0.03),98.28(0.03),98.28(0.04),98.28(0.04),98.24(0.03),98.07(0.03),98.28(0.04),98.31(0.02),98.29(0.04),97.85(0.06),97.81(0.03),97.81(0.07),97.18(0.14),96.99(0.14),97.01(0.17),98.32(0.02),98.32(0.02),98.30(0.02),98.30(0.02),98.28(0.04),98.27(0.04),98.23(0.02),97.64(0.01),98.32(0.02),98.29(0.03),98.28(0.02),98.29(0.03),98.28(0.05),98.27(0.02),,98.38(0.03),,98.28(0.03),,,,,96.40(0.14),,91.65(0.50),94.82(nan),95.18(nan),96.24(nan),95.34(nan),56.33(nan),79.45(nan),29.78(nan),54.78,50.98(0.07),96.56(0.00),,,,,
phishing,Bal. Accuracy,90.43(nan),92.42(nan),91.67(nan),90.80(nan),92.17(nan),92.17(nan),92.02(nan),92.02(nan),,92.30(nan),92.30(nan),91.88(nan),92.21(0.16),92.27(0.20),90.53(nan),92.35(nan),92.31(nan),92.16(nan),92.19(nan),90.64(nan),92.34(nan),92.03(nan),92.03(nan),92.14(0.10),92.11(0.17),92.12(0.18),92.10(0.14),92.14(0.12),92.05(0.15),92.12(0.12),92.30(nan),92.18(0.14),92.15(nan),92.27(nan),92.48(nan),92.42(nan),92.26(nan),90.71(0.12),92.19(0.09),90.68(0.11),92.27(nan),92.07(nan),92.12(0.13),92.31(nan),92.25(nan),92.15(0.23),92.38(nan),92.31(nan),89.96(0.11),90.24(nan),90.52(nan),92.62(nan),89.97(nan),91.45(nan),89.97(nan),91.45(nan),91.46(nan),91.50(nan),83.36(0.57),88.99(0.44),92.02(nan),91.99(nan),91.34(nan),92.10(nan),91.48(0.05),89.87(0.11),92.23(nan),90.15(nan),89.88(0.00),88.08(nan),,90.21(nan),91.65(0.12),90.23(nan),90.25(nan),92.36(nan),92.30(nan),92.37(nan),90.55(nan),92.36(nan),92.12(nan),91.92(nan),91.99(nan),92.25(nan),92.35(nan),92.32(nan),,,91.94(nan),91.11(nan),92.18(0.08),,92.18(0.14),92.13(0.13),,92.10(0.08),92.13(0.13),92.16(0.07),92.11(0.07),92.13(0.13),89.99(0.11),92.18(0.10),92.11(0.10),92.24(0.15),92.18(0.13),92.07(0.05),91.86(0.12),92.18(0.13),92.21(0.07),92.19(0.10),91.55(0.26),91.39(0.18),91.53(0.25),90.17(0.34),89.73(0.82),89.75(0.28),92.21(0.08),92.26(0.12),92.27(0.11),92.22(0.09),92.18(0.13),92.14(0.12),92.06(0.15),90.61(0.10),92.21(0.08),92.13(0.15),92.31(0.15),92.16(0.14),92.13(0.09),92.18(0.09),,92.37(0.03),,92.19(0.16),,,,,88.77(0.28),,77.33(1.20),84.91(nan),88.32(nan),89.92(nan),88.47(nan),49.76(nan),65.84(nan),60.11(nan),89.14,49.39(0.02),89.07(0.00),,,,,
phishing,Time,7.28(nan),7.93(nan),8.43(nan),39.58(nan),146.96(nan),179.38(nan),169.34(nan),156.12(nan),,99.95(nan),111.35(nan),187.55(nan),13.09(0.16),48.62(0.73),32.42(nan),31.79(nan),20.06(nan),614.39(nan),595.27(nan),39.09(nan),39.41(nan),175.45(nan),180.14(nan),21.56(0.44),25.82(1.62),21.97(0.12),35.06(0.39),54.03(1.43),18.48(0.15),19.93(0.30),97.40(nan),11.95(0.37),46.42(nan),151.96(nan),115.84(nan),190.49(nan),102.39(nan),148.51(8.42),94.59(6.03),61.71(1.62),109.09(nan),117.96(nan),77.14(3.11),150.71(nan),128.96(nan),66.96(1.64),143.27(nan),115.16(nan),53.47(1.14),50.94(nan),31.00(nan),28.18(nan),91.27(nan),39.28(nan),79.20(nan),36.85(nan),55.53(nan),65.92(nan),140.18(14.90),117.09(0.48),49.81(nan),55.60(nan),63.33(nan),47.53(nan),77.64(4.59),84.68(6.95),56.86(nan),275.49(nan),343.40(1.49),134.56(nan),,144.72(nan),656.78(233.53),604.71(nan),98.49(nan),48.37(nan),41.64(nan),40.56(nan),9.35(nan),9.63(nan),15.66(nan),20.04(nan),27.48(nan),122.67(nan),57.00(nan),111.97(nan),,,217.53(nan),414.57(nan),172.04(31.08),,10.36(0.87),104.18(0.60),,151.61(3.08),144.73(3.16),83.89(2.56),71.62(0.88),109.99(5.34),13.05(0.23),137.47(22.46),102.00(1.88),187.82(47.70),123.23(16.24),129.70(3.22),128.12(3.71),146.82(2.39),116.47(3.73),203.35(20.53),156.63(34.75),189.80(8.83),117.65(3.15),119.76(6.28),199.50(13.11),183.23(31.03),51.60(0.66),134.79(3.68),205.64(17.16),101.62(2.68),165.43(25.87),131.37(5.12),99.22(1.69),97.60(7.54),10.09(0.04),14.92(0.09),109.97(3.81),177.89(6.30),110.96(4.93),133.63(2.34),,46.68(2.59),,206.34(46.47),,,,,365.46(12.43),,76.62(0.96),37.52(nan),736.53(nan),19.64(nan),910.53(nan),1165.36(nan),991.22(nan),2.73(nan),0.68,23.79(1.68),328.06(7.26),,,,,
spam,Num. Errors,269.00(nan),258.00(nan),402.00(nan),220.00(nan),263.00(nan),260.00(nan),239.00(nan),239.00(nan),,285.00(nan),285.00(nan),224.00(nan),289.00(12.33),296.20(26.11),245.00(nan),270.00(nan),283.00(nan),296.00(nan),299.00(nan),244.00(nan),260.00(nan),222.00(nan),222.00(nan),287.60(6.43),290.20(11.97),288.60(8.56),284.80(7.98),294.80(14.65),287.60(8.59),301.20(14.45),291.00(nan),290.20(14.86),222.00(nan),297.00(nan),303.00(nan),284.00(nan),290.00(nan),291.00(14.25),301.40(15.21),282.60(9.66),277.00(nan),273.00(nan),298.20(13.77),292.00(nan),293.00(nan),295.60(9.34),291.00(nan),292.00(nan),772.40(72.73),977.00(nan),242.00(nan),249.00(nan),961.00(nan),435.00(nan),962.00(nan),435.00(nan),453.00(nan),424.00(nan),867.20(169.99),280.60(28.13),291.00(nan),338.00(nan),439.00(nan),287.00(nan),463.80(25.02),287.20(16.18),181.00(nan),289.00(nan),1645.00(0.00),1171.00(nan),,275.00(nan),349.80(13.99),314.00(nan),677.00(nan),225.00(nan),239.00(nan),231.00(nan),279.00(nan),276.00(nan),293.00(nan),276.00(nan),257.00(nan),287.00(nan),266.00(nan),277.20(7.33),295.00(4.80),323.20(8.53),351.00(nan),458.00(nan),279.20(7.19),283.80(11.05),284.80(15.77),267.00(7.14),,292.60(10.90),267.00(7.14),280.60(8.50),272.00(4.80),267.00(7.14),943.40(157.27),332.20(10.89),272.60(6.23),270.60(11.46),273.00(3.54),283.00(10.84),335.60(33.90),301.60(11.55),303.00(16.31),306.80(19.45),424.60(21.81),438.40(26.88),434.80(24.51),583.80(56.20),512.60(33.87),670.40(105.03),286.20(13.65),282.40(5.90),273.60(4.34),274.60(11.78),273.00(3.54),279.40(8.79),284.40(5.32),292.00(11.25),286.20(13.65),288.40(9.13),293.00(13.19),272.00(10.12),272.60(7.54),268.00(11.07),,,,288.60(8.17),,,,,771.60(10.45),,1270.00(126.72),652.00(nan),899.00(nan),3044.00(nan),845.00(nan),1240.00(nan),1440.00(nan),1556.00(nan),341.0,2572.00(21.22),532.00(0.00),,,,,
spam,Accuracy,95.67(nan),95.85(nan),93.53(nan),96.46(nan),95.77(nan),95.82(nan),96.15(nan),96.15(nan),,95.41(nan),95.41(nan),96.39(nan),95.35(0.20),95.23(0.42),96.06(nan),95.65(nan),95.45(nan),95.24(nan),95.19(nan),96.07(nan),95.82(nan),96.43(nan),96.43(nan),95.37(0.10),95.33(0.19),95.35(0.14),95.42(0.13),95.26(0.24),95.37(0.14),95.15(0.23),95.32(nan),95.33(0.24),96.43(nan),95.22(nan),95.12(nan),95.43(nan),95.33(nan),95.32(0.23),95.15(0.24),95.45(0.16),95.54(nan),95.61(nan),95.20(0.22),95.30(nan),95.28(nan),95.24(0.15),95.32(nan),95.30(nan),87.57(1.17),84.27(nan),96.10(nan),95.99(nan),84.53(nan),93.00(nan),84.52(nan),93.00(nan),92.71(nan),93.18(nan),86.04(2.74),95.48(0.45),95.32(nan),94.56(nan),92.93(nan),95.38(nan),92.54(0.40),95.38(0.26),97.09(nan),95.35(nan),73.52(0.00),81.15(nan),,95.57(nan),94.37(0.23),94.95(nan),89.10(nan),96.38(nan),96.15(nan),96.28(nan),95.51(nan),95.56(nan),95.28(nan),95.56(nan),95.86(nan),95.38(nan),95.72(nan),95.54(0.12),95.25(0.08),94.80(0.14),94.35(nan),92.63(nan),95.51(0.12),95.43(0.18),95.42(0.25),95.70(0.11),,95.29(0.18),95.70(0.11),95.48(0.14),95.62(0.08),95.70(0.11),84.82(2.53),94.65(0.18),95.61(0.10),95.64(0.18),95.61(0.06),95.45(0.17),94.60(0.55),95.15(0.19),95.12(0.26),95.06(0.31),93.17(0.35),92.94(0.43),93.00(0.39),90.60(0.90),91.75(0.55),89.21(1.69),95.39(0.22),95.45(0.09),95.60(0.07),95.58(0.19),95.61(0.06),95.50(0.14),95.42(0.09),95.30(0.18),95.39(0.22),95.36(0.15),95.28(0.21),95.62(0.16),95.61(0.12),95.69(0.18),,,,95.35(0.13),,,,,87.58(0.17),,79.56(2.04),89.51(nan),85.53(nan),51.01(nan),86.40(nan),80.04(nan),76.82(nan),74.96(nan),94.51,58.60(0.34),91.44(0.00),,,,,
spam,AUROC,98.51(nan),98.75(nan),97.66(nan),98.95(nan),98.76(nan),98.96(nan),98.99(nan),98.99(nan),,98.55(nan),98.55(nan),98.96(nan),98.53(0.08),98.50(0.09),98.55(nan),98.78(nan),98.56(nan),98.46(nan),98.26(nan),98.73(nan),98.89(nan),99.04(nan),99.04(nan),98.55(0.15),98.51(0.06),98.52(0.05),98.58(0.11),98.54(0.10),98.50(0.06),98.51(0.10),98.54(nan),98.57(0.04),99.02(nan),98.51(nan),98.48(nan),98.51(nan),98.65(nan),98.35(0.05),98.52(0.08),98.34(0.08),98.60(nan),98.72(nan),98.56(0.08),98.46(nan),98.54(nan),98.46(0.08),98.46(nan),98.41(nan),93.65(0.49),90.13(nan),98.61(nan),98.85(nan),88.80(nan),97.27(nan),88.70(nan),97.27(nan),97.47(nan),97.59(nan),93.46(1.91),98.46(0.16),98.48(nan),98.22(nan),97.47(nan),98.44(nan),97.20(0.09),98.39(0.08),99.32(nan),98.29(nan),91.31(0.00),96.65(nan),,98.32(nan),97.78(0.21),98.20(nan),93.64(nan),98.93(nan),98.90(nan),98.90(nan),98.24(nan),98.63(nan),98.49(nan),98.58(nan),98.65(nan),98.43(nan),98.74(nan),98.72(0.05),98.56(0.07),98.07(0.16),98.32(nan),97.21(nan),98.72(0.04),98.37(0.05),98.66(0.08),98.72(0.03),,98.62(0.04),98.72(0.03),98.64(0.05),98.73(0.03),98.72(0.03),91.01(1.26),98.54(0.04),98.74(0.03),98.74(0.08),98.70(0.06),98.63(0.03),98.08(0.12),98.59(0.06),98.46(0.04),98.55(0.08),96.94(0.45),96.29(0.61),96.82(0.43),94.70(0.55),94.43(0.42),94.29(0.57),98.65(0.06),98.69(0.02),98.70(0.02),98.72(0.08),98.70(0.06),98.75(0.03),98.71(0.08),98.32(0.06),98.65(0.06),98.61(0.05),98.67(0.04),98.73(0.04),98.73(0.03),98.75(0.03),,,,98.51(0.06),,,,,93.63(0.19),,86.97(1.26),94.47(nan),90.98(nan),93.18(nan),91.72(nan),86.34(nan),73.12(nan),24.93(nan),35.96,71.54(0.19),96.12(0.00),,,,,
spam,AUPRC,96.40(nan),97.06(nan),95.23(nan),97.55(nan),97.28(nan),97.87(nan),97.68(nan),97.68(nan),,96.98(nan),96.98(nan),97.80(nan),96.79(0.16),96.93(0.18),96.66(nan),97.32(nan),96.91(nan),96.57(nan),96.04(nan),97.01(nan),97.68(nan),97.85(nan),97.85(nan),96.94(0.21),96.86(0.11),96.89(0.04),96.82(0.10),96.76(0.17),96.69(0.11),96.72(0.16),96.91(nan),96.85(0.07),97.80(nan),96.88(nan),96.94(nan),96.91(nan),96.98(nan),96.17(0.12),96.87(0.18),96.18(0.11),96.93(nan),97.24(nan),96.88(0.18),96.68(nan),96.87(nan),96.76(0.17),96.85(nan),96.68(nan),89.19(0.86),83.85(nan),97.05(nan),97.36(nan),84.37(nan),94.83(nan),84.32(nan),94.83(nan),95.00(nan),95.10(nan),86.13(3.77),96.59(0.35),96.77(nan),96.31(nan),95.22(nan),96.69(nan),94.35(0.17),96.00(0.18),98.39(nan),96.05(nan),85.76(0.00),92.99(nan),,96.01(nan),95.59(0.45),95.88(nan),86.74(nan),97.56(nan),97.56(nan),97.52(nan),96.07(nan),96.92(nan),96.58(nan),96.75(nan),96.91(nan),96.68(nan),96.97(nan),97.06(0.14),96.91(0.11),96.34(0.25),96.67(nan),94.73(nan),97.05(0.12),96.15(0.13),96.89(0.14),97.00(0.08),,96.84(0.09),97.00(0.08),96.92(0.07),96.92(0.03),97.00(0.08),85.23(2.38),96.49(0.12),96.98(0.07),97.00(0.11),96.94(0.10),96.52(0.11),95.77(0.24),96.94(0.17),96.82(0.13),96.87(0.16),94.90(0.48),94.05(0.69),94.76(0.48),91.94(0.43),92.11(0.64),90.81(1.22),96.89(0.10),96.94(0.04),96.97(0.11),96.96(0.13),96.94(0.10),97.06(0.09),97.02(0.24),96.05(0.17),96.89(0.10),96.85(0.11),96.88(0.09),96.94(0.10),97.03(0.10),97.11(0.08),,,,96.96(0.07),,,,,87.93(0.20),,72.63(2.12),87.52(nan),85.54(nan),86.14(nan),86.74(nan),78.89(nan),67.53(nan),31.81(nan),26.66,64.91(0.10),92.17(0.00),,,,,
spam,Bal. Accuracy,95.24(nan),95.25(nan),92.37(nan),96.06(nan),95.23(nan),95.41(nan),95.77(nan),95.77(nan),,94.96(nan),94.96(nan),96.00(nan),94.91(0.31),94.70(0.50),95.77(nan),95.18(nan),94.98(nan),94.67(nan),94.67(nan),95.79(nan),95.36(nan),96.10(nan),96.10(nan),94.93(0.15),94.85(0.23),94.89(0.14),94.96(0.15),94.79(0.29),94.84(0.15),94.63(0.34),94.82(nan),94.94(0.30),96.06(nan),94.80(nan),94.64(nan),95.00(nan),94.95(nan),94.90(0.35),94.64(0.24),95.04(0.24),95.06(nan),95.06(nan),94.73(0.30),94.86(nan),94.79(nan),94.73(0.16),94.88(nan),94.82(nan),84.62(1.34),78.64(nan),95.66(nan),95.39(nan),79.90(nan),91.70(nan),79.83(nan),91.70(nan),91.42(nan),91.94(nan),87.60(2.24),95.63(0.47),94.92(nan),94.08(nan),91.46(nan),94.89(nan),91.64(0.34),94.84(0.33),96.91(nan),94.58(nan),78.72(0.00),85.58(nan),,94.87(nan),93.48(0.23),94.02(nan),88.75(nan),96.01(nan),95.79(nan),95.93(nan),95.27(nan),95.29(nan),94.66(nan),94.99(nan),95.46(nan),94.88(nan),95.16(nan),95.12(0.22),94.77(0.04),94.17(0.16),93.55(nan),91.73(nan),95.08(0.22),95.00(0.25),95.08(0.34),95.35(0.19),,94.70(0.36),95.35(0.19),95.11(0.22),95.24(0.12),95.35(0.19),81.26(3.96),93.60(0.22),95.21(0.16),95.19(0.25),95.16(0.09),94.91(0.27),94.36(0.57),94.57(0.35),94.50(0.35),94.42(0.36),91.93(0.34),91.63(0.70),91.90(0.50),89.16(0.61),90.27(0.51),88.04(1.78),94.93(0.34),95.01(0.15),95.15(0.07),95.15(0.25),95.16(0.09),94.96(0.22),94.87(0.03),94.60(0.31),94.93(0.34),94.83(0.28),94.57(0.30),95.20(0.24),95.18(0.16),95.27(0.28),,,,94.87(0.33),,,,,85.15(0.20),,81.21(1.83),90.81(nan),82.04(nan),63.13(nan),83.26(nan),73.18(nan),65.72(nan),75.15(nan),93.4,63.52(0.32),90.52(0.00),,,,,
spam,Time,7.25(nan),6.46(nan),9.85(nan),37.34(nan),270.09(nan),394.61(nan),332.98(nan),288.42(nan),,193.42(nan),222.55(nan),323.70(nan),14.86(0.37),97.19(10.21),33.42(nan),28.28(nan),30.20(nan),2595.92(nan),2921.20(nan),37.34(nan),34.29(nan),303.34(nan),317.33(nan),30.42(0.75),28.68(3.03),22.28(0.46),33.32(0.83),61.15(3.00),20.18(0.43),21.30(0.83),182.80(nan),9.12(0.22),39.11(nan),251.13(nan),327.73(nan),262.34(nan),182.13(nan),498.44(21.85),412.81(42.94),110.30(1.51),132.23(nan),142.03(nan),93.87(1.81),204.72(nan),124.14(nan),91.91(6.42),213.34(nan),200.29(nan),183.59(4.52),86.32(nan),80.55(nan),27.77(nan),436.82(nan),180.15(nan),444.73(nan),178.64(nan),233.31(nan),227.88(nan),85.39(3.98),80.84(0.55),75.84(nan),91.18(nan),239.08(nan),223.11(nan),89.58(1.77),54.18(0.40),35.96(nan),1121.33(nan),2089.39(2.36),799.28(nan),,800.55(nan),3065.65(19.44),2990.66(nan),1155.81(nan),42.72(nan),37.90(nan),38.30(nan),9.01(nan),7.55(nan),16.51(nan),19.48(nan),23.71(nan),203.20(nan),199.68(nan),201.41(24.77),184.72(8.27),258.76(90.68),309.04(nan),405.68(nan),263.31(78.75),446.19(18.20),7.93(0.66),335.86(124.54),,476.45(54.55),466.04(23.35),150.22(39.79),145.25(2.97),296.39(86.81),21.23(0.92),373.30(167.20),233.63(5.63),364.94(104.35),390.27(149.02),253.90(46.93),242.16(16.79),480.72(20.75),189.06(9.72),259.90(63.41),421.45(108.06),396.59(58.78),185.13(9.85),196.68(20.15),383.75(49.12),299.72(116.54),67.67(0.12),247.06(6.17),482.59(72.22),227.28(6.79),234.65(13.98),277.18(88.29),234.05(7.03),236.75(13.08),7.63(0.02),10.37(0.06),287.40(82.03),394.50(77.89),227.08(9.33),489.22(22.10),,,,206.48(53.99),,,,,188.11(0.35),,47.10(1.52),43.26(nan),3631.50(nan),35.16(nan),3723.57(nan),4658.44(nan),4119.11(nan),15.25(nan),1.59,158.29(15.98),1349.88(5.25),,,,,
spambase,Num. Errors,1012.00(nan),467.00(nan),523.00(nan),781.00(nan),480.00(nan),498.00(nan),470.00(nan),470.00(nan),,471.00(nan),471.00(nan),461.00(nan),478.20(11.05),474.20(9.36),991.00(nan),471.00(nan),478.00(nan),486.00(nan),493.00(nan),1246.00(nan),475.00(nan),461.00(nan),461.00(nan),484.20(7.79),482.80(6.38),482.20(7.89),482.40(10.97),481.60(8.26),488.40(6.50),482.20(8.93),470.00(nan),479.40(7.02),479.00(nan),476.00(nan),470.00(nan),472.00(nan),468.00(nan),1043.60(17.85),477.40(11.44),1010.20(15.77),486.00(nan),480.00(nan),476.60(6.07),478.00(nan),477.00(nan),476.00(8.43),485.00(nan),473.00(nan),1028.00(59.34),617.00(nan),1091.00(nan),484.00(nan),1069.00(nan),557.00(nan),1069.00(nan),557.00(nan),518.00(nan),548.00(nan),1567.80(14.31),1343.60(230.89),496.00(nan),500.00(nan),532.00(nan),455.00(nan),568.60(2.41),1484.20(307.67),670.00(nan),1294.00(nan),625.00(0.00),1150.00(nan),530.60(4.16),1185.00(nan),554.60(3.97),1154.00(nan),1284.00(nan),469.00(nan),470.00(nan),469.00(nan),999.00(nan),474.00(nan),489.00(nan),482.00(nan),479.00(nan),468.00(nan),473.00(nan),476.60(13.26),483.00(7.81),476.60(13.26),530.00(nan),541.00(nan),475.80(14.36),821.20(22.13),478.80(7.79),458.60(9.40),457.20(9.15),496.40(13.22),458.80(9.15),473.00(5.52),465.40(11.72),458.60(9.40),967.40(13.28),476.60(8.88),467.40(10.01),457.60(8.88),464.80(7.33),568.60(30.37),541.60(12.34),463.80(8.79),473.20(15.82),487.00(10.89),494.60(20.94),510.60(10.31),516.80(14.62),583.80(25.56),586.20(27.07),599.20(23.58),474.00(6.16),463.40(5.13),457.40(12.97),473.40(12.22),464.80(7.33),463.00(13.32),472.60(15.77),1093.40(74.68),474.00(6.16),481.80(11.26),470.40(12.12),460.80(5.54),463.80(5.40),472.00(13.17),,,,480.00(11.92),484.00(10.27),483.20(9.83),484.20(10.96),638.60(10.06),656.80(17.73),1975.00(26.15),1542.60(37.38),1669.00(nan),869.00(nan),832.00(nan),876.00(nan),1645.00(nan),1645.00(nan),2451.00(nan),1605.0,1831.60(4.45),2358.20(267.31),,,,,
spambase,Accuracy,78.00(nan),89.85(nan),88.63(nan),83.03(nan),89.57(nan),89.18(nan),89.78(nan),89.78(nan),,89.76(nan),89.76(nan),89.98(nan),89.61(0.24),89.69(0.20),78.46(nan),89.76(nan),89.61(nan),89.44(nan),89.28(nan),72.92(nan),89.68(nan),89.98(nan),89.98(nan),89.48(0.17),89.51(0.14),89.52(0.17),89.52(0.24),89.53(0.18),89.38(0.14),89.52(0.19),89.78(nan),89.58(0.15),89.59(nan),89.65(nan),89.78(nan),89.74(nan),89.83(nan),77.32(0.39),89.62(0.25),78.04(0.34),89.44(nan),89.57(nan),89.64(0.13),89.61(nan),89.63(nan),89.65(0.18),89.46(nan),89.72(nan),77.66(1.29),86.59(nan),76.29(nan),89.48(nan),76.77(nan),87.89(nan),76.77(nan),87.89(nan),88.74(nan),88.09(nan),65.92(0.31),70.80(5.02),89.22(nan),89.13(nan),88.44(nan),90.11(nan),87.64(0.05),67.74(6.69),85.44(nan),71.88(nan),86.42(0.00),75.01(nan),88.47(0.09),74.24(nan),87.95(0.09),74.92(nan),72.09(nan),89.81(nan),89.78(nan),89.81(nan),78.29(nan),89.70(nan),89.37(nan),89.52(nan),89.59(nan),89.83(nan),89.72(nan),89.64(0.29),89.50(0.17),89.64(0.29),88.48(nan),88.24(nan),89.66(0.31),82.15(0.48),89.59(0.17),90.03(0.20),90.06(0.20),89.21(0.29),90.03(0.20),89.72(0.12),89.88(0.25),90.03(0.20),78.97(0.29),89.64(0.19),89.84(0.22),90.05(0.19),89.90(0.16),87.64(0.66),88.23(0.27),89.92(0.19),89.72(0.34),89.42(0.24),89.25(0.46),88.90(0.22),88.77(0.32),87.31(0.56),87.26(0.59),86.98(0.51),89.70(0.13),89.93(0.11),90.06(0.28),89.71(0.27),89.90(0.16),89.94(0.29),89.73(0.34),76.24(1.62),89.70(0.13),89.53(0.24),89.78(0.26),89.98(0.12),89.92(0.12),89.74(0.29),,,,89.57(0.26),89.48(0.22),89.50(0.21),89.48(0.24),86.12(0.22),85.72(0.39),57.07(0.57),66.47(0.81),63.73(nan),81.11(nan),81.92(nan),80.96(nan),64.25(nan),64.25(nan),46.73(nan),65.12,60.18(0.10),48.75(5.81),,,,,
spambase,AUROC,82.09(nan),95.08(nan),93.99(nan),88.93(nan),94.94(nan),94.86(nan),94.97(nan),94.97(nan),,95.03(nan),95.03(nan),95.05(nan),94.85(0.08),94.92(0.06),82.46(nan),94.82(nan),94.87(nan),94.71(nan),94.69(nan),81.26(nan),94.76(nan),95.04(nan),95.04(nan),94.90(0.04),94.91(0.04),94.92(0.05),94.92(0.04),94.92(0.04),94.87(0.07),94.91(0.04),94.96(nan),94.93(0.03),94.92(nan),94.95(nan),95.03(nan),95.01(nan),95.00(nan),82.79(0.70),94.92(0.06),82.98(0.88),94.91(nan),94.94(nan),94.90(0.04),94.98(nan),94.99(nan),94.93(0.04),94.95(nan),94.98(nan),84.76(0.94),92.37(nan),83.54(nan),94.71(nan),83.22(nan),93.58(nan),83.22(nan),93.58(nan),94.48(nan),93.82(nan),63.94(0.89),78.28(6.29),94.76(nan),94.41(nan),93.97(nan),94.92(nan),93.59(0.04),66.36(15.15),90.82(nan),75.95(nan),92.54(0.00),77.42(nan),94.13(0.07),78.87(nan),94.00(0.06),79.52(nan),76.32(nan),95.05(nan),95.04(nan),95.06(nan),84.91(nan),94.95(nan),94.70(nan),94.76(nan),94.95(nan),95.00(nan),95.01(nan),94.80(0.12),94.91(0.11),94.80(0.12),94.53(nan),93.68(nan),94.80(0.12),88.11(0.39),94.91(0.06),95.05(0.13),95.19(0.10),94.85(0.07),95.06(0.13),94.93(0.05),95.02(0.11),95.05(0.13),86.44(0.36),94.97(0.17),94.98(0.13),95.02(0.07),95.02(0.11),93.10(0.57),93.39(0.08),95.16(0.09),95.02(0.12),94.94(0.10),94.40(0.20),94.15(0.23),94.27(0.17),93.12(0.37),93.16(0.46),92.71(0.28),94.86(0.06),95.15(0.07),95.25(0.10),94.92(0.12),95.02(0.11),94.97(0.22),94.91(0.18),82.62(0.93),94.86(0.06),94.72(0.10),95.01(0.11),95.02(0.11),95.02(0.08),94.95(0.14),,,,94.81(0.11),94.82(0.08),94.83(0.08),94.83(0.07),90.17(0.49),91.72(0.35),49.93(0.08),66.73(1.68),70.90(nan),88.39(nan),89.15(nan),88.51(nan),64.50(nan),64.50(nan),49.30(nan),57.59,44.77(0.41),49.53(1.89),,,,,
spambase,AUPRC,73.19(nan),92.24(nan),90.72(nan),81.42(nan),91.90(nan),91.74(nan),92.20(nan),92.20(nan),,91.88(nan),91.88(nan),92.28(nan),91.78(0.16),91.88(0.20),72.37(nan),91.97(nan),91.97(nan),91.64(nan),91.99(nan),69.10(nan),91.89(nan),92.49(nan),92.49(nan),92.00(0.06),92.06(0.10),92.05(0.11),92.03(0.06),92.07(0.11),92.00(0.07),92.06(0.10),91.93(nan),92.05(0.10),92.21(nan),91.79(nan),92.06(nan),92.00(nan),91.85(nan),72.04(1.29),91.83(0.22),72.70(0.75),91.92(nan),92.02(nan),91.81(0.20),91.93(nan),91.98(nan),91.87(0.21),91.81(nan),91.96(nan),75.98(1.11),87.26(nan),73.93(nan),91.51(nan),74.45(nan),89.73(nan),74.45(nan),89.73(nan),92.50(nan),90.07(nan),57.11(0.92),70.85(8.32),91.81(nan),91.60(nan),90.91(nan),91.97(nan),90.11(0.19),54.75(16.89),86.59(nan),66.52(nan),88.41(0.00),70.46(nan),90.26(0.09),69.50(nan),90.18(0.10),71.70(nan),70.61(nan),92.10(nan),92.06(nan),92.10(nan),76.27(nan),92.01(nan),91.59(nan),91.68(nan),92.06(nan),91.91(nan),91.60(nan),91.54(0.23),91.90(0.35),91.54(0.23),91.38(nan),90.09(nan),91.54(0.23),82.55(0.77),91.79(0.17),92.16(0.28),92.41(0.12),91.71(0.17),92.16(0.28),91.81(0.14),92.06(0.11),92.16(0.28),76.56(0.74),92.11(0.27),92.01(0.26),92.07(0.13),92.17(0.18),88.07(1.10),89.41(0.38),92.42(0.20),92.17(0.23),91.91(0.15),91.31(0.40),90.64(0.39),90.73(0.25),89.40(0.40),89.04(0.98),88.35(0.56),91.70(0.08),92.23(0.27),92.42(0.13),91.94(0.15),92.17(0.18),91.93(0.27),91.96(0.31),71.98(1.27),91.70(0.08),91.39(0.07),92.06(0.19),92.20(0.25),92.11(0.19),92.03(0.21),,,,91.65(0.27),91.84(0.27),91.86(0.31),91.86(0.25),85.16(0.43),89.19(0.43),39.98(0.17),59.77(1.35),58.97(nan),82.63(nan),82.89(nan),82.72(nan),54.46(nan),54.46(nan),48.22(nan),50.04,35.32(0.19),55.03(11.65),,,,,
spambase,Bal. Accuracy,77.05(nan),88.83(nan),87.64(nan),82.16(nan),88.53(nan),88.06(nan),88.91(nan),88.91(nan),,88.77(nan),88.77(nan),89.15(nan),88.62(0.33),88.62(0.24),77.04(nan),88.74(nan),88.58(nan),88.45(nan),88.30(nan),71.27(nan),88.63(nan),89.11(nan),89.11(nan),88.42(0.14),88.45(0.12),88.46(0.14),88.47(0.23),88.49(0.14),88.39(0.13),88.47(0.18),88.78(nan),88.53(0.18),88.71(nan),88.66(nan),88.81(nan),88.70(nan),88.83(nan),76.04(0.31),88.61(0.32),76.82(0.49),88.34(nan),88.52(nan),88.62(0.20),88.56(nan),88.64(nan),88.63(0.25),88.41(nan),88.67(nan),74.94(1.80),85.11(nan),73.08(nan),88.43(nan),73.68(nan),86.80(nan),73.68(nan),86.80(nan),87.60(nan),87.05(nan),58.84(0.32),63.82(6.56),88.22(nan),87.95(nan),87.24(nan),89.19(nan),86.55(0.08),61.75(10.73),83.88(nan),68.42(nan),84.75(0.00),71.47(nan),87.24(0.09),71.10(nan),86.47(0.10),71.60(nan),67.74(nan),88.75(nan),88.75(nan),88.74(nan),76.81(nan),88.59(nan),88.24(nan),88.39(nan),88.47(nan),88.84(nan),88.82(nan),88.84(0.30),88.60(0.11),88.84(0.30),87.31(nan),87.42(nan),88.87(0.34),80.88(0.61),88.70(0.12),89.31(0.22),89.29(0.30),87.92(0.65),89.31(0.21),88.92(0.16),89.12(0.30),89.31(0.22),78.60(0.32),89.38(0.23),89.12(0.24),89.42(0.23),89.27(0.22),86.88(0.68),87.46(0.15),89.26(0.27),89.00(0.40),88.67(0.23),88.65(0.50),88.29(0.23),88.10(0.37),86.58(0.50),86.80(0.48),86.46(0.47),89.04(0.18),89.24(0.17),89.30(0.36),89.06(0.31),89.27(0.22),89.35(0.34),89.04(0.38),75.32(1.72),89.04(0.18),88.84(0.24),89.27(0.30),89.21(0.15),89.32(0.11),89.04(0.27),,,,88.42(0.21),88.46(0.28),88.49(0.30),88.47(0.31),85.20(0.22),84.18(0.48),50.10(0.22),63.15(1.43),55.65(nan),77.65(nan),78.88(nan),77.53(nan),57.10(nan),57.10(nan),50.65(nan),59.8,49.69(0.09),49.96(1.86),,,,,
spambase,Time,3.10(nan),3.31(nan),3.50(nan),16.68(nan),52.30(nan),63.14(nan),60.99(nan),57.98(nan),,37.60(nan),42.56(nan),68.14(nan),5.39(0.04),20.27(0.28),13.10(nan),13.17(nan),7.84(nan),287.94(nan),234.48(nan),16.04(nan),15.77(nan),65.75(nan),68.06(nan),11.50(2.57),9.08(0.03),9.22(0.08),15.89(0.43),18.31(2.54),7.57(0.04),8.20(0.07),32.62(nan),4.52(0.04),16.76(nan),39.92(nan),34.72(nan),37.32(nan),34.71(nan),59.51(3.63),28.30(1.27),23.20(1.43),41.18(nan),44.56(nan),25.09(0.71),39.57(nan),40.67(nan),23.38(0.42),53.21(nan),52.62(nan),16.90(1.61),21.00(nan),12.91(nan),11.91(nan),17.83(nan),15.10(nan),18.07(nan),14.41(nan),28.30(nan),15.87(nan),53.75(2.66),59.18(0.81),15.63(nan),17.15(nan),21.53(nan),19.27(nan),23.37(2.14),27.76(6.57),22.97(nan),138.38(nan),174.22(0.70),66.85(nan),134.45(10.16),72.26(nan),263.80(0.60),265.23(nan),34.79(nan),20.08(nan),17.72(nan),17.05(nan),4.01(nan),4.02(nan),6.49(nan),8.32(nan),11.86(nan),36.12(nan),21.28(nan),49.44(1.66),27.20(1.36),53.71(2.44),80.03(nan),175.57(nan),39.34(1.54),61.14(2.89),3.90(0.02),59.27(3.65),50.27(2.34),43.79(2.90),65.79(4.68),34.58(1.59),40.47(11.92),74.37(4.32),7.14(0.44),39.09(2.31),38.13(3.03),68.62(7.56),48.95(10.65),46.03(1.61),48.38(2.05),31.58(2.13),65.66(14.45),89.16(4.88),59.92(1.44),46.19(1.09),47.36(1.65),39.94(1.45),81.93(3.83),58.32(18.33),29.73(7.56),45.38(3.99),45.89(2.01),37.46(3.22),36.75(2.72),41.31(4.37),39.12(2.48),39.85(0.98),4.20(0.03),6.30(0.06),59.71(5.70),64.57(5.65),46.40(14.97),56.19(5.88),,,,81.59(11.66),39.96(0.84),51.12(3.46),69.79(5.88),31.14(0.54),114.32(0.61),61.12(1.25),17.38(0.48),18.06(nan),489.82(nan),8.38(nan),494.66(nan),307.70(nan),491.24(nan),1.23(nan),0.28,21.35(0.88),57.88(1.04),,,,,
susy,Num. Errors,,,,,,,,,,,,,253005.33(46.46),257114.33(77.98),,,,,,,,,,,,,,,,,,257480.67(170.59),,,,,,257395.33(372.97),252963.67(278.85),256722.00(315.38),,,252991.00(217.39),,,253439.33(42.71),,,,,,,,,,,,,253584.67(539.08),,252267.00(nan),252822.00(nan),253246.00(nan),254533.00(nan),253668.67(75.50),251081.00(400.75),,,298275.00(0.00),,,,271744.67(547.62),,,,,,,,,,,,,,,,,,252873.33(23.59),,,,,,,,,,,,,,,,,,,,,,,,,,,,,,,,,,,,,,,,,,,,,,,,250934.67(1029.96),,255982.00(629.74),,,,,,,439520.00(0.00),452821.0,509862.00(156.14),,,,,,253831.33(338.30)
susy,Accuracy,,,,,,,,,,,,,74.70(0.00),74.29(0.01),,,,,,,,,,,,,,,,,,74.25(0.02),,,,,,74.26(0.04),74.70(0.03),74.33(0.03),,,74.70(0.02),,,74.66(0.00),,,,,,,,,,,,,74.64(0.05),,74.77(nan),74.72(nan),74.68(nan),74.55(nan),74.63(0.01),74.89(0.04),,,70.17(0.00),,,,72.83(0.05),,,,,,,,,,,,,,,,,,74.71(0.00),,,,,,,,,,,,,,,,,,,,,,,,,,,,,,,,,,,,,,,,,,,,,,,,74.91(0.10),,74.40(0.06),,,,,,,56.05(0.00),54.72,49.01(0.02),,,,,,74.62(0.03)
susy,AUROC,,,,,,,,,,,,,81.54(0.01),81.13(0.01),,,,,,,,,,,,,,,,,,81.10(0.00),,,,,,80.98(0.02),81.52(0.02),81.03(0.03),,,81.51(0.01),,,81.47(0.02),,,,,,,,,,,,,81.40(0.04),,81.57(nan),81.48(nan),81.40(nan),81.38(nan),81.36(0.02),81.88(0.03),,,78.28(0.00),,,,79.16(0.09),,,,,,,,,,,,,,,,,,81.53(0.02),,,,,,,,,,,,,,,,,,,,,,,,,,,,,,,,,,,,,,,,,,,,,,,,81.94(0.11),,81.07(0.11),,,,,,,43.61(0.00),65.15,48.49(0.02),,,,,,81.48(0.03)
susy,AUPRC,,,,,,,,,,,,,81.57(0.01),81.18(0.01),,,,,,,,,,,,,,,,,,81.14(0.01),,,,,,81.00(0.01),81.53(0.02),81.04(0.02),,,81.53(0.01),,,81.48(0.02),,,,,,,,,,,,,81.45(0.05),,81.59(nan),81.49(nan),81.38(nan),81.42(nan),81.38(0.03),81.87(0.02),,,78.17(0.00),,,,78.87(0.18),,,,,,,,,,,,,,,,,,81.54(0.02),,,,,,,,,,,,,,,,,,,,,,,,,,,,,,,,,,,,,,,,,,,,,,,,81.93(0.13),,80.49(0.11),,,,,,,53.12(0.00),65.74,44.44(0.03),,,,,,81.43(0.03)
susy,Bal. Accuracy,,,,,,,,,,,,,73.85(0.01),73.39(0.00),,,,,,,,,,,,,,,,,,73.32(0.02),,,,,,73.38(0.05),73.84(0.03),73.46(0.04),,,73.85(0.02),,,73.78(0.01),,,,,,,,,,,,,73.78(0.06),,73.95(nan),73.91(nan),73.90(nan),73.69(nan),73.76(0.01),74.02(0.05),,,67.90(0.00),,,,72.09(0.02),,,,,,,,,,,,,,,,,,73.85(0.01),,,,,,,,,,,,,,,,,,,,,,,,,,,,,,,,,,,,,,,,,,,,,,,,74.11(0.10),,73.53(0.11),,,,,,,56.39(0.00),55.98,47.80(0.01),,,,,,73.79(0.04)
susy,Time,,,,,,,,,,,,,1335.10(2.26),4723.25(137.50),,,,,,,,,,,,,,,,,,1013.32(2.62),,,,,,13558.56(3506.67),7800.93(113.27),4233.48(68.33),,,5540.09(374.00),,,5253.26(268.95),,,,,,,,,,,,,10873.72(49.70),,3565.26(nan),3983.06(nan),7304.54(nan),4099.94(nan),6359.12(1350.37),5223.80(249.97),,,8438.46(1433.68),,,,24426.78(7501.18),,,,,,,,,,,,,,,,,,7853.14(98.02),,,,,,,,,,,,,,,,,,,,,,,,,,,,,,,,,,,,,,,,,,,,,,,,25082.08(1491.55),,3479.09(20.96),,,,,,,51.90(0.16),92.57,12669.73(165.78),,,,,,9179.53(180.07)
svmguide3,Num. Errors,296.00(nan),283.00(nan),281.00(nan),287.00(nan),275.00(nan),281.00(nan),275.00(nan),275.00(nan),,278.00(nan),278.00(nan),281.00(nan),269.40(4.45),275.00(8.80),291.00(nan),277.00(nan),276.00(nan),265.00(nan),270.00(nan),290.00(nan),279.00(nan),278.00(nan),278.00(nan),272.20(3.11),273.00(2.45),272.60(2.51),274.60(4.39),273.40(3.36),272.00(3.24),273.60(2.79),275.00(nan),271.60(4.04),277.00(nan),276.00(nan),272.00(nan),271.00(nan),276.00(nan),291.20(1.92),273.40(6.43),291.20(1.92),274.00(nan),273.00(nan),273.00(5.43),273.00(nan),276.00(nan),271.80(7.36),271.00(nan),273.00(nan),299.40(4.04),282.00(nan),292.00(nan),268.00(nan),302.00(nan),276.00(nan),302.00(nan),276.00(nan),277.00(nan),279.00(nan),310.40(19.27),309.60(18.93),272.00(nan),273.00(nan),277.00(nan),273.00(nan),274.00(1.58),294.40(3.13),273.00(nan),290.00(nan),282.00(0.00),296.00(nan),267.20(2.68),294.00(nan),268.60(2.79),294.00(nan),386.00(nan),273.00(nan),273.00(nan),273.00(nan),295.00(nan),272.00(nan),272.00(nan),274.00(nan),270.00(nan),274.00(nan),267.00(nan),268.00(nan),,,281.00(nan),286.00(nan),274.40(5.59),287.60(8.65),271.60(4.04),273.40(7.27),274.40(8.44),280.80(4.60),273.40(7.27),277.80(4.27),274.00(8.19),273.40(7.27),296.60(0.55),403.00(37.24),268.00(8.09),268.80(6.46),265.40(6.88),269.40(6.69),274.20(6.76),265.40(6.88),267.80(5.63),265.80(4.82),271.20(4.55),276.80(12.72),274.00(8.75),290.80(10.55),287.00(4.36),292.60(13.97),270.80(8.70),267.60(7.86),269.40(7.50),266.80(7.73),265.40(6.88),267.00(7.07),265.40(5.77),290.40(9.26),270.80(8.70),266.80(5.17),272.00(8.92),272.60(6.73),266.40(5.98),266.40(5.94),,276.20(7.40),,273.80(6.87),275.60(6.27),276.00(5.87),274.60(6.58),285.40(7.54),297.00(5.29),335.33(1.15),326.60(31.82),319.00(nan),296.00(nan),286.00(nan),299.00(nan),301.00(nan),301.00(nan),391.00(nan),359.0,298.60(1.82),301.40(5.81),298.20(3.27),300.00(4.24),308.40(20.18),302.20(3.56),
svmguide3,Accuracy,76.19(nan),77.23(nan),77.39(nan),76.91(nan),77.88(nan),77.39(nan),77.88(nan),77.88(nan),,77.63(nan),77.63(nan),77.39(nan),78.33(0.36),77.88(0.71),76.59(nan),77.72(nan),77.80(nan),78.68(nan),78.28(nan),76.67(nan),77.55(nan),77.63(nan),77.63(nan),78.10(0.25),78.04(0.20),78.07(0.20),77.91(0.35),78.00(0.27),78.12(0.26),77.99(0.22),77.88(nan),78.15(0.32),77.72(nan),77.80(nan),78.12(nan),78.20(nan),77.80(nan),76.57(0.15),78.00(0.52),76.57(0.15),77.96(nan),78.04(nan),78.04(0.44),78.04(nan),77.80(nan),78.13(0.59),78.20(nan),78.04(nan),75.91(0.32),77.31(nan),76.51(nan),78.44(nan),75.70(nan),77.80(nan),75.70(nan),77.80(nan),77.72(nan),77.55(nan),75.03(1.55),75.09(1.52),78.12(nan),78.04(nan),77.72(nan),78.04(nan),77.96(0.13),76.32(0.25),78.04(nan),76.67(nan),77.31(0.00),76.19(nan),78.50(0.22),76.35(nan),78.39(0.22),76.35(nan),68.95(nan),78.04(nan),78.04(nan),78.04(nan),76.27(nan),78.12(nan),78.12(nan),77.96(nan),78.28(nan),77.96(nan),78.52(nan),78.44(nan),,,77.39(nan),76.99(nan),77.92(0.45),76.86(0.70),78.15(0.32),78.00(0.58),77.92(0.68),77.41(0.37),78.00(0.58),77.65(0.34),77.96(0.66),78.00(0.58),76.14(0.04),67.58(3.00),78.44(0.65),78.37(0.52),78.65(0.55),78.33(0.54),77.94(0.54),78.65(0.55),78.46(0.45),78.62(0.39),78.18(0.37),77.73(1.02),77.96(0.70),76.60(0.85),76.91(0.35),76.46(1.12),78.21(0.70),78.47(0.63),78.33(0.60),78.54(0.62),78.65(0.55),78.52(0.57),78.65(0.46),76.64(0.75),78.21(0.70),78.54(0.42),78.12(0.72),78.07(0.54),78.57(0.48),78.57(0.48),,77.78(0.60),,77.97(0.55),77.83(0.50),77.80(0.47),77.91(0.53),77.04(0.61),76.11(0.43),73.02(0.09),73.72(2.56),74.34(nan),76.19(nan),76.99(nan),75.95(nan),75.78(nan),75.78(nan),68.54(nan),71.12,75.96(0.15),75.75(0.47),76.01(0.26),75.86(0.34),75.19(1.62),75.69(0.29),
svmguide3,AUROC,58.56(nan),67.45(nan),66.01(nan),64.38(nan),68.43(nan),68.25(nan),67.88(nan),67.88(nan),,68.62(nan),68.62(nan),67.44(nan),68.08(0.85),67.66(1.17),60.56(nan),67.31(nan),67.90(nan),67.27(nan),65.93(nan),60.32(nan),67.18(nan),68.52(nan),68.52(nan),68.55(1.12),68.36(1.16),68.60(1.11),68.02(1.23),68.19(1.13),67.74(1.33),68.16(1.20),68.47(nan),68.55(1.15),66.99(nan),68.96(nan),68.99(nan),68.96(nan),68.66(nan),60.43(0.72),68.09(1.17),60.43(0.71),68.37(nan),68.38(nan),68.12(1.21),68.99(nan),69.05(nan),68.28(1.06),68.96(nan),68.99(nan),55.72(0.69),67.10(nan),57.38(nan),67.45(nan),54.89(nan),66.00(nan),54.89(nan),66.00(nan),66.68(nan),65.97(nan),47.54(0.57),49.64(2.13),69.12(nan),67.81(nan),64.99(nan),68.26(nan),66.61(0.90),57.82(0.52),68.31(nan),59.61(nan),69.26(0.00),51.97(nan),67.44(0.42),59.90(nan),66.36(0.52),59.10(nan),52.21(nan),67.96(nan),68.07(nan),68.01(nan),60.05(nan),68.83(nan),68.87(nan),68.74(nan),68.36(nan),68.79(nan),68.68(nan),69.91(nan),,,68.20(nan),63.06(nan),67.83(1.30),63.62(1.07),68.55(1.15),68.06(1.31),68.11(1.37),67.29(1.44),68.06(1.31),67.93(1.39),68.00(1.31),68.06(1.31),54.92(0.66),69.28(1.49),68.37(1.29),68.47(1.39),68.60(1.34),65.75(1.76),64.04(1.88),68.60(1.34),68.78(1.48),68.57(1.66),67.56(0.71),66.84(0.96),67.37(1.19),62.44(1.75),60.94(2.17),61.12(2.26),68.48(1.39),68.52(1.35),68.47(1.23),68.68(1.36),68.60(1.34),68.55(1.25),68.43(1.42),60.96(1.17),68.48(1.39),68.31(1.21),69.04(1.41),68.07(1.30),68.40(1.35),68.49(1.34),,67.21(1.93),,67.87(1.40),67.99(1.14),68.11(1.14),68.19(1.18),60.94(0.79),65.82(1.04),48.52(0.29),48.80(1.13),48.14(nan),59.14(nan),64.41(nan),58.76(nan),53.63(nan),53.63(nan),49.02(nan),53.37,46.60(0.41),55.54(1.77),57.19(1.84),57.25(1.75),57.36(1.78),59.13(1.86),
svmguide3,AUPRC,80.12(nan),84.78(nan),83.96(nan),82.85(nan),85.36(nan),85.32(nan),85.03(nan),85.03(nan),,85.37(nan),85.37(nan),84.90(nan),84.96(0.56),84.97(0.62),80.51(nan),84.80(nan),85.01(nan),83.87(nan),83.04(nan),80.22(nan),84.80(nan),85.45(nan),85.45(nan),85.30(0.81),85.20(0.76),85.30(0.78),85.04(0.85),85.06(0.80),84.63(0.89),85.09(0.78),85.41(nan),85.40(0.75),84.48(nan),85.53(nan),85.56(nan),85.48(nan),85.46(nan),80.37(0.36),85.04(0.66),80.36(0.36),85.30(nan),85.38(nan),85.05(0.68),85.50(nan),85.52(nan),85.03(0.64),85.48(nan),85.50(nan),78.24(0.56),83.66(nan),78.92(nan),84.57(nan),77.54(nan),82.98(nan),77.54(nan),82.98(nan),84.00(nan),83.11(nan),73.65(0.67),75.86(1.79),85.51(nan),84.72(nan),83.07(nan),85.29(nan),83.78(0.68),79.15(0.27),84.21(nan),79.24(nan),86.40(0.00),77.33(nan),84.24(0.22),79.46(nan),83.38(0.34),79.31(nan),76.59(nan),84.95(nan),85.01(nan),84.98(nan),80.74(nan),85.92(nan),85.36(nan),85.31(nan),84.91(nan),85.53(nan),85.95(nan),86.22(nan),,,85.00(nan),82.07(nan),85.00(0.77),82.30(0.42),85.40(0.75),85.18(0.80),85.25(0.86),84.97(0.95),85.18(0.80),85.25(0.86),85.15(0.76),85.18(0.80),78.12(0.37),85.44(0.82),85.29(0.73),85.37(0.76),85.38(0.73),83.22(1.20),82.27(1.15),85.38(0.73),85.38(0.87),85.10(1.04),84.36(0.34),83.95(0.57),84.30(0.68),82.10(0.92),81.38(1.06),81.53(0.74),85.42(0.92),85.44(0.89),85.46(0.84),85.48(0.83),85.38(0.73),85.33(0.66),85.25(0.69),80.65(0.58),85.42(0.92),85.37(0.71),85.49(0.70),85.11(0.70),85.30(0.76),85.31(0.74),,85.11(1.19),,84.86(0.90),85.33(0.63),85.38(0.69),85.43(0.69),80.58(0.26),84.11(0.46),75.11(0.24),75.02(0.95),74.90(nan),79.69(nan),82.57(nan),79.54(nan),77.25(nan),77.25(nan),76.93(nan),75.74,74.15(0.18),78.75(1.38),79.66(1.49),80.03(1.57),79.73(1.40),81.58(1.61),
svmguide3,Bal. Accuracy,50.58(nan),54.29(nan),55.09(nan),55.00(nan),57.61(nan),56.48(nan),58.66(nan),58.66(nan),,57.45(nan),57.45(nan),57.41(nan),57.37(0.60),56.26(1.72),52.93(nan),56.58(nan),56.86(nan),58.02(nan),58.11(nan),52.99(nan),56.36(nan),58.03(nan),58.03(nan),56.76(0.98),56.60(1.03),56.67(0.94),56.38(1.16),56.56(1.04),57.12(0.81),56.48(0.98),57.61(nan),56.89(1.22),57.74(nan),57.79(nan),58.12(nan),58.52(nan),57.56(nan),52.16(0.62),56.88(1.53),52.16(0.62),57.66(nan),57.72(nan),56.88(1.26),58.30(nan),57.91(nan),57.22(1.57),58.52(nan),58.30(nan),50.03(0.33),56.31(nan),51.26(nan),56.70(nan),49.80(nan),56.98(nan),49.80(nan),56.98(nan),56.81(nan),56.82(nan),50.28(0.42),50.09(0.18),57.07(nan),56.79(nan),55.07(nan),57.48(nan),56.25(0.32),50.73(0.33),57.95(nan),52.87(nan),55.85(0.00),50.00(nan),58.63(0.26),52.20(nan),57.53(0.50),53.01(nan),52.33(nan),56.32(nan),56.32(nan),56.32(nan),51.45(nan),57.31(nan),57.07(nan),56.62(nan),57.41(nan),58.01(nan),57.10(nan),58.33(nan),,,56.60(nan),52.85(nan),56.67(1.14),53.02(1.43),56.89(1.22),56.74(1.22),56.53(1.37),54.84(0.94),56.74(1.22),55.72(0.91),56.74(1.44),56.74(1.22),49.97(0.03),63.67(1.73),58.42(1.41),59.05(1.20),60.02(1.25),58.63(1.40),57.35(1.34),60.02(1.25),59.71(1.14),59.96(1.30),58.88(0.91),58.49(1.36),59.29(1.09),56.45(1.98),56.28(1.10),56.24(2.13),58.67(1.58),59.09(1.33),58.86(1.20),59.79(1.34),60.02(1.25),60.03(1.04),60.05(1.03),53.87(1.40),58.67(1.58),59.14(1.34),62.81(1.15),57.02(1.20),59.41(1.05),60.60(0.96),,56.41(1.67),,56.86(1.23),56.37(0.86),56.30(0.79),56.47(0.93),57.22(1.21),52.71(1.21),50.71(0.18),50.68(0.68),50.64(nan),51.86(nan),52.62(nan),51.70(nan),50.32(nan),50.32(nan),51.02(nan),53.64,49.86(0.10),51.27(0.57),51.79(0.63),52.02(0.66),51.62(1.09),52.55(0.54),
svmguide3,Time,0.68(nan),0.74(nan),0.92(nan),4.18(nan),10.01(nan),12.09(nan),12.55(nan),11.85(nan),,6.43(nan),6.71(nan),15.04(nan),1.42(0.01),5.05(0.16),3.33(nan),3.32(nan),1.85(nan),36.07(nan),33.12(nan),4.02(nan),3.99(nan),14.49(nan),14.51(nan),2.53(0.09),2.25(0.01),2.30(0.01),4.55(0.25),4.69(0.14),1.91(0.01),2.04(0.01),6.17(nan),1.12(0.02),4.35(nan),7.72(nan),6.85(nan),7.21(nan),6.17(nan),8.00(2.36),5.49(0.48),5.53(0.25),10.13(nan),10.12(nan),6.81(0.59),8.43(nan),9.60(nan),5.81(0.24),9.68(nan),10.15(nan),3.95(0.44),5.02(nan),3.08(nan),3.01(nan),3.77(nan),3.58(nan),3.95(nan),3.32(nan),4.85(nan),3.57(nan),13.51(0.06),16.42(0.25),3.45(nan),4.13(nan),4.85(nan),3.29(nan),5.98(0.18),8.46(1.67),6.11(nan),16.60(nan),20.16(1.00),7.79(nan),16.90(0.09),9.09(nan),32.18(0.06),32.20(nan),3.16(nan),5.23(nan),4.54(nan),4.39(nan),1.00(nan),1.05(nan),1.66(nan),2.14(nan),3.02(nan),6.64(nan),4.84(nan),11.29(nan),,,14.78(nan),32.78(nan),9.38(2.17),7.21(0.51),1.01(0.02),7.49(0.79),5.81(0.20),6.28(0.17),8.21(0.36),6.43(0.21),5.30(0.04),7.18(0.10),1.42(0.01),8.25(0.60),6.77(0.55),7.77(0.24),6.38(0.11),6.23(0.32),6.37(0.25),6.05(0.14),9.52(0.65),13.23(1.13),8.41(0.53),7.80(0.25),8.12(0.09),10.00(0.69),11.94(1.29),6.96(0.28),7.07(0.45),7.32(0.30),7.30(0.20),6.61(0.35),6.15(0.11),6.66(0.17),7.41(0.31),6.10(0.21),1.04(0.01),1.60(0.01),7.49(1.14),9.16(1.01),8.55(0.54),6.65(0.24),,4.86(0.07),,14.33(0.24),9.66(0.21),11.81(0.50),14.03(0.11),8.45(0.28),34.99(1.13),16.47(0.33),4.87(0.32),4.21(nan),43.65(nan),1.89(nan),62.12(nan),61.19(nan),59.54(nan),0.15(nan),0.06,4.58(0.45),5.38(0.18),4.49(0.01),4.44(0.04),4.51(0.03),4.47(0.04),
wbc,Num. Errors,133.00(nan),56.00(nan),49.00(nan),74.00(nan),41.00(nan),40.00(nan),44.00(nan),44.00(nan),,41.00(nan),41.00(nan),46.00(nan),39.20(1.92),37.00(3.54),88.00(nan),39.00(nan),39.00(nan),48.00(nan),44.00(nan),88.00(nan),38.00(nan),45.00(nan),45.00(nan),40.80(1.64),40.40(1.82),40.60(1.67),40.60(1.67),40.20(1.79),40.00(3.39),40.40(1.82),41.00(nan),40.60(1.52),50.00(nan),41.00(nan),41.00(nan),40.00(nan),41.00(nan),82.20(11.52),37.20(3.11),81.00(11.40),41.00(nan),41.00(nan),37.20(3.11),40.00(nan),41.00(nan),37.80(3.11),40.00(nan),40.00(nan),55.20(5.93),45.00(nan),90.00(nan),38.00(nan),54.00(nan),45.00(nan),54.00(nan),45.00(nan),43.00(nan),43.00(nan),128.40(43.32),115.20(31.95),38.00(nan),35.00(nan),45.00(nan),34.00(nan),45.80(3.56),54.80(3.03),39.00(nan),85.00(nan),38.00(0.00),85.00(nan),39.00(1.41),84.00(nan),38.80(1.30),75.00(nan),47.00(nan),42.00(nan),41.00(nan),41.00(nan),101.00(nan),41.00(nan),38.00(nan),38.00(nan),37.00(nan),41.00(nan),46.00(nan),34.80(2.59),40.20(4.15),34.80(2.59),47.00(nan),46.00(nan),34.80(2.59),58.20(3.35),37.20(3.03),33.80(1.79),35.00(2.45),36.00(1.73),33.80(1.79),36.00(3.32),33.60(2.30),33.80(1.79),55.60(8.14),35.80(2.59),34.20(1.79),34.00(2.24),33.40(2.30),47.40(5.18),43.80(6.94),37.80(3.27),36.80(1.48),36.80(1.79),35.40(2.30),36.20(2.95),36.60(3.21),38.40(2.70),39.60(1.52),40.60(2.70),35.20(1.92),35.80(1.64),36.60(3.91),34.40(2.30),33.40(2.30),34.40(0.89),34.40(2.41),81.00(8.12),35.20(1.92),34.40(3.21),34.20(1.79),34.20(1.64),33.80(2.59),34.80(1.10),,36.40(2.07),,40.20(1.79),46.60(7.09),45.80(7.60),45.60(7.57),43.60(2.70),48.80(4.71),292.33(0.58),102.20(10.62),64.00(nan),75.00(nan),94.00(nan),72.00(nan),78.00(nan),78.00(nan),297.00(nan),201.0,518.40(5.81),79.00(0.00),78.00(0.00),75.00(0.00),78.00(0.00),74.00(0.00),72.60(3.29)
wbc,Accuracy,80.97(nan),91.99(nan),92.99(nan),89.41(nan),94.13(nan),94.28(nan),93.71(nan),93.71(nan),,94.13(nan),94.13(nan),93.42(nan),94.39(0.28),94.71(0.51),87.41(nan),94.42(nan),94.42(nan),93.13(nan),93.71(nan),87.41(nan),94.56(nan),93.56(nan),93.56(nan),94.16(0.24),94.22(0.26),94.19(0.24),94.19(0.24),94.25(0.26),94.28(0.49),94.22(0.26),94.13(nan),94.19(0.22),92.85(nan),94.13(nan),94.13(nan),94.28(nan),94.13(nan),88.24(1.65),94.68(0.45),88.41(1.63),94.13(nan),94.13(nan),94.68(0.45),94.28(nan),94.13(nan),94.59(0.45),94.28(nan),94.28(nan),92.10(0.85),93.56(nan),87.12(nan),94.56(nan),92.27(nan),93.56(nan),92.27(nan),93.56(nan),93.85(nan),93.85(nan),81.63(6.20),83.52(4.57),94.56(nan),94.99(nan),93.56(nan),95.14(nan),93.45(0.51),92.16(0.43),94.42(nan),87.84(nan),94.56(0.00),87.84(nan),94.42(0.20),87.98(nan),94.45(0.19),89.27(nan),93.28(nan),93.99(nan),94.13(nan),94.13(nan),85.55(nan),94.13(nan),94.56(nan),94.56(nan),94.71(nan),94.13(nan),93.42(nan),95.02(0.37),94.25(0.59),95.02(0.37),93.28(nan),93.42(nan),95.02(0.37),91.67(0.48),94.68(0.43),95.16(0.26),94.99(0.35),94.85(0.25),95.16(0.26),94.85(0.47),95.19(0.33),95.16(0.26),92.05(1.16),94.88(0.37),95.11(0.26),95.14(0.32),95.22(0.33),93.22(0.74),93.73(0.99),94.59(0.47),94.74(0.21),94.74(0.26),94.94(0.33),94.82(0.42),94.76(0.46),94.51(0.39),94.33(0.22),94.19(0.39),94.96(0.28),94.88(0.24),94.76(0.56),95.08(0.33),95.22(0.33),95.08(0.13),95.08(0.34),88.41(1.16),94.96(0.28),95.08(0.46),95.11(0.26),95.11(0.24),95.16(0.37),95.02(0.16),,94.79(0.30),,94.25(0.26),93.33(1.01),93.45(1.09),93.48(1.08),93.76(0.39),93.02(0.67),58.18(0.08),85.38(1.52),90.84(nan),89.27(nan),86.55(nan),89.70(nan),88.84(nan),88.84(nan),57.51(nan),71.24,25.73(0.83),88.70(0.00),88.84(0.00),89.27(0.00),88.84(0.00),89.41(0.00),89.61(0.47)
wbc,AUROC,85.28(nan),97.45(nan),97.92(nan),94.63(nan),98.14(nan),98.15(nan),97.99(nan),97.99(nan),,98.17(nan),98.17(nan),97.86(nan),98.18(0.11),98.25(0.10),92.54(nan),98.13(nan),98.12(nan),98.00(nan),97.91(nan),92.98(nan),98.15(nan),97.86(nan),97.86(nan),98.03(0.07),98.05(0.07),98.02(0.07),98.06(0.08),98.06(0.07),98.12(0.06),98.06(0.07),98.14(nan),98.07(0.08),97.74(nan),98.18(nan),98.17(nan),98.17(nan),98.16(nan),93.04(0.81),98.24(0.09),93.21(0.75),98.11(nan),98.08(nan),98.23(0.09),98.17(nan),98.17(nan),98.26(0.09),98.17(nan),98.17(nan),96.83(0.27),97.13(nan),93.83(nan),98.29(nan),97.02(nan),98.09(nan),97.02(nan),98.09(nan),98.07(nan),97.99(nan),81.38(10.93),88.61(6.95),98.26(nan),98.14(nan),97.91(nan),98.27(nan),97.87(0.11),97.15(0.40),98.45(nan),89.80(nan),98.69(0.00),89.93(nan),98.55(0.07),90.10(nan),98.56(0.07),93.93(nan),97.39(nan),97.96(nan),98.01(nan),98.01(nan),90.12(nan),97.96(nan),98.15(nan),98.15(nan),98.14(nan),98.16(nan),97.78(nan),98.38(0.03),98.20(0.05),98.38(0.03),97.68(nan),97.11(nan),98.38(0.03),95.30(0.44),98.31(0.05),98.39(0.05),98.40(0.04),98.41(0.06),98.39(0.05),98.41(0.05),98.35(0.05),98.39(0.05),96.79(0.28),98.40(0.05),98.39(0.05),98.39(0.05),98.39(0.04),97.68(0.12),97.52(0.24),98.36(0.08),98.46(0.08),98.47(0.07),98.17(0.16),98.20(0.09),98.17(0.06),98.00(0.10),97.86(0.11),97.96(0.11),98.42(0.06),98.41(0.06),98.38(0.06),98.43(0.07),98.39(0.04),98.37(0.08),98.35(0.09),92.99(0.66),98.42(0.06),98.37(0.08),98.40(0.06),98.39(0.04),98.39(0.05),98.38(0.05),,98.44(0.10),,98.15(0.09),97.99(0.06),97.98(0.07),97.98(0.08),97.57(0.13),98.11(0.10),51.90(0.30),90.46(1.50),96.09(nan),94.52(nan),98.20(nan),94.55(nan),94.00(nan),94.00(nan),53.15(nan),74.93,37.69(0.44),93.02(0.00),95.30(0.00),94.69(0.00),95.30(0.00),95.33(0.00),96.40(0.20)
wbc,AUPRC,85.29(nan),95.66(nan),96.22(nan),92.74(nan),96.31(nan),96.50(nan),96.25(nan),96.25(nan),,96.27(nan),96.27(nan),96.00(nan),96.21(0.18),96.38(0.15),90.75(nan),96.43(nan),96.39(nan),96.13(nan),95.75(nan),91.09(nan),96.52(nan),96.16(nan),96.16(nan),96.02(0.07),96.05(0.07),96.02(0.07),96.11(0.13),96.06(0.08),96.08(0.08),96.04(0.08),96.23(nan),96.14(0.10),95.95(nan),96.24(nan),96.28(nan),96.24(nan),96.25(nan),91.25(0.89),96.21(0.19),91.40(0.86),96.29(nan),96.27(nan),96.22(0.19),96.25(nan),96.28(nan),96.24(0.15),96.24(nan),96.25(nan),94.40(0.41),92.99(nan),91.35(nan),95.94(nan),94.21(nan),95.41(nan),94.21(nan),95.41(nan),95.31(nan),94.91(nan),80.36(10.54),82.25(11.62),96.47(nan),95.86(nan),95.48(nan),96.61(nan),95.58(0.53),95.25(0.48),97.07(nan),88.83(nan),97.59(0.00),89.05(nan),96.77(0.03),89.06(nan),96.73(0.06),91.83(nan),94.79(nan),95.70(nan),95.87(nan),95.89(nan),88.42(nan),96.23(nan),96.33(nan),96.34(nan),96.25(nan),96.26(nan),96.27(nan),96.56(0.15),96.27(0.09),96.56(0.15),94.77(nan),94.60(nan),96.56(0.15),92.96(0.37),96.28(0.08),96.49(0.19),96.46(0.18),96.54(0.19),96.49(0.19),96.54(0.15),96.40(0.21),96.49(0.19),94.26(0.17),96.61(0.14),96.48(0.14),96.48(0.16),96.53(0.15),94.86(0.41),94.06(0.50),96.61(0.26),96.78(0.21),96.84(0.14),96.08(0.14),96.02(0.38),95.82(0.24),95.79(0.33),95.04(0.75),95.60(0.12),96.60(0.15),96.47(0.21),96.45(0.18),96.59(0.18),96.53(0.15),96.46(0.22),96.50(0.31),91.38(0.48),96.60(0.15),96.53(0.25),96.54(0.18),96.41(0.20),96.47(0.18),96.43(0.16),,97.00(0.17),,96.19(0.21),96.13(0.16),96.13(0.17),96.14(0.18),94.37(0.51),95.77(0.19),35.34(0.28),87.77(1.81),93.42(nan),90.82(nan),96.95(nan),91.32(nan),88.88(nan),88.88(nan),64.01(nan),69.06,27.22(0.11),91.05(0.00),93.08(0.00),92.29(0.00),93.08(0.00),93.04(0.00),94.01(0.45)
wbc,Bal. Accuracy,80.47(nan),91.33(nan),90.92(nan),88.58(nan),93.85(nan),94.06(nan),93.33(nan),93.33(nan),,93.85(nan),93.85(nan),93.01(nan),93.56(0.56),94.03(0.47),86.85(nan),94.27(nan),94.07(nan),91.42(nan),92.64(nan),86.95(nan),94.38(nan),93.12(nan),93.12(nan),93.23(0.47),93.31(0.50),93.27(0.49),93.25(0.43),93.33(0.49),93.14(0.74),93.31(0.50),93.95(nan),93.29(0.45),92.18(nan),93.95(nan),93.95(nan),94.16(nan),93.95(nan),87.49(1.43),93.99(0.48),87.70(1.39),93.95(nan),93.95(nan),93.97(0.49),94.16(nan),93.95(nan),93.93(0.46),94.16(nan),94.16(nan),90.71(0.87),92.33(nan),86.14(nan),93.59(nan),91.06(nan),92.43(nan),91.06(nan),92.43(nan),92.55(nan),92.65(nan),80.52(3.75),78.38(7.16),93.69(nan),94.31(nan),92.33(nan),94.32(nan),92.07(0.77),91.13(0.65),93.48(nan),86.40(nan),93.49(0.00),84.33(nan),93.38(0.08),86.60(nan),93.41(0.16),87.49(nan),92.71(nan),92.96(nan),93.07(nan),93.07(nan),84.65(nan),93.07(nan),93.69(nan),93.69(nan),93.90(nan),93.95(nan),91.93(nan),94.49(0.32),93.37(0.93),94.49(0.32),93.20(nan),92.52(nan),94.49(0.32),90.64(0.61),93.93(0.46),94.66(0.18),94.49(0.35),94.38(0.16),94.66(0.18),94.34(0.41),94.68(0.25),94.66(0.18),91.04(1.12),94.77(0.32),94.67(0.28),94.75(0.34),94.84(0.35),92.58(0.86),93.55(0.65),94.34(0.49),94.53(0.15),94.41(0.09),94.35(0.29),94.34(0.52),94.31(0.50),93.88(0.40),93.65(0.31),93.58(0.54),94.55(0.23),94.46(0.16),94.27(0.53),94.73(0.31),94.84(0.35),94.65(0.29),94.65(0.42),87.76(1.16),94.55(0.23),94.67(0.44),94.81(0.25),94.63(0.20),94.78(0.36),94.53(0.18),,94.24(0.42),,93.63(0.31),92.67(0.95),92.78(1.08),92.80(0.99),93.00(0.44),91.41(1.03),50.49(0.05),83.79(2.17),87.90(nan),86.11(nan),80.79(nan),86.73(nan),85.59(nan),85.59(nan),46.84(nan),66.46,31.18(1.18),87.84(0.00),88.14(0.00),88.37(0.00),88.14(0.00),88.48(0.00),86.22(0.43)
wbc,Time,0.39(nan),0.41(nan),0.43(nan),2.33(nan),5.11(nan),5.88(nan),6.50(nan),6.23(nan),,2.96(nan),3.12(nan),7.77(nan),0.74(0.01),2.63(0.04),1.78(nan),1.84(nan),1.38(nan),12.87(nan),12.70(nan),2.20(nan),2.22(nan),7.41(nan),7.58(nan),1.42(0.05),1.25(0.01),1.28(0.01),2.49(0.09),2.35(0.14),1.06(0.01),1.15(0.01),2.90(nan),0.63(0.01),2.57(nan),3.91(nan),2.93(nan),3.31(nan),2.87(nan),2.73(0.07),2.47(0.02),2.58(0.02),5.73(nan),5.35(nan),3.22(0.13),4.15(nan),5.16(nan),2.94(0.03),4.35(nan),4.37(nan),1.71(0.01),2.53(nan),1.51(nan),1.57(nan),1.80(nan),1.81(nan),1.80(nan),1.74(nan),2.66(nan),1.87(nan),9.17(0.17),7.37(0.06),1.73(nan),1.97(nan),2.45(nan),1.62(nan),2.91(0.07),4.73(1.01),3.48(nan),5.51(nan),6.04(0.18),2.48(nan),5.72(0.05),3.16(nan),10.72(0.03),10.71(nan),0.90(nan),2.85(nan),2.46(nan),2.29(nan),0.55(nan),0.57(nan),0.89(nan),1.17(nan),1.66(nan),2.98(nan),2.48(nan),2.85(0.11),3.57(0.05),2.87(0.02),6.25(nan),13.20(nan),4.95(0.11),3.27(0.32),0.55(0.00),3.12(0.06),2.97(0.09),3.01(0.04),4.53(0.51),3.32(0.11),2.74(0.02),3.30(0.02),0.88(0.04),4.56(0.09),3.12(0.08),3.63(0.10),2.84(0.01),2.71(0.05),2.94(0.02),2.68(0.08),3.49(0.18),3.46(0.21),3.30(0.06),2.99(0.04),2.95(0.13),3.72(0.22),3.42(0.45),2.85(0.12),3.33(0.14),3.66(0.42),3.04(0.11),2.86(0.09),2.79(0.02),3.11(0.08),3.46(0.09),2.72(0.01),0.59(0.00),0.88(0.00),3.36(0.11),3.65(0.29),4.01(0.42),3.07(0.03),,1.79(0.16),,7.03(0.52),5.56(0.31),6.29(0.03),7.93(0.11),4.51(0.03),17.43(0.08),8.92(0.05),2.58(0.07),2.10(nan),20.23(nan),0.73(nan),20.40(nan),19.35(nan),18.95(nan),0.04(nan),0.03,0.20(0.01),3.76(0.11),3.03(0.03),3.02(0.02),2.99(0.02),2.99(0.01),7.78(0.18)
wdbc,Num. Errors,213.00(nan),47.00(nan),45.00(nan),185.00(nan),41.00(nan),49.00(nan),42.00(nan),42.00(nan),42.00(nan),43.00(nan),43.00(nan),39.00(nan),39.20(9.96),39.80(9.28),205.00(nan),43.00(nan),46.00(nan),51.00(nan),44.00(nan),214.00(nan),49.00(nan),42.00(nan),42.00(nan),42.60(7.73),42.00(7.81),42.60(7.73),43.00(7.81),41.60(6.50),45.00(6.56),42.40(7.02),42.00(nan),43.00(7.25),43.00(nan),42.00(nan),42.00(nan),42.00(nan),43.00(nan),228.80(10.21),39.40(8.26),230.80(8.07),41.00(nan),42.00(nan),39.60(7.67),42.00(nan),42.00(nan),39.20(6.53),42.00(nan),42.00(nan),187.00(18.47),49.00(nan),233.00(nan),31.00(nan),157.00(nan),44.00(nan),157.00(nan),44.00(nan),42.00(nan),42.00(nan),198.00(8.80),193.80(28.75),43.00(nan),49.00(nan),66.00(nan),36.00(nan),43.80(4.87),213.40(3.51),42.00(nan),251.00(nan),25.00(0.00),223.00(nan),32.60(1.52),230.00(nan),31.60(1.52),195.00(nan),67.00(nan),39.00(nan),38.00(nan),37.00(nan),204.00(nan),37.00(nan),38.00(nan),35.00(nan),36.00(nan),43.00(nan),54.00(nan),31.00(nan),,,64.00(nan),54.00(nan),44.00(14.27),105.40(7.64),43.00(7.25),42.20(11.54),44.40(11.80),60.20(12.05),43.60(12.70),43.80(12.76),42.00(12.29),42.20(11.54),209.20(8.58),41.80(10.99),41.20(12.03),41.20(12.05),41.40(10.81),183.20(20.62),190.40(11.80),41.40(10.81),40.80(7.85),40.20(9.63),36.60(2.88),36.20(2.77),35.80(1.92),39.20(2.39),38.60(3.65),40.60(2.30),44.20(12.09),46.20(11.71),55.40(12.95),44.40(15.19),41.40(10.81),40.20(8.11),40.40(5.73),227.20(14.10),44.20(12.09),43.40(13.74),40.20(11.28),42.80(12.28),41.20(11.37),42.00(10.00),,50.00(19.54),,36.40(4.67),41.00(4.53),39.80(3.70),40.40(4.62),38.00(3.54),69.00(9.11),256.67(4.62),215.80(10.26),209.00(nan),80.00(nan),61.00(nan),80.00(nan),198.00(nan),199.00(nan),236.00(nan),237.0,312.60(5.73),232.00(71.12),241.20(121.76),257.80(134.69),241.20(121.76),235.00(114.14),112.20(2.59)
wdbc,Accuracy,62.57(nan),91.74(nan),92.09(nan),67.49(nan),92.79(nan),91.39(nan),92.62(nan),92.62(nan),92.62(nan),92.44(nan),92.44(nan),93.15(nan),93.11(1.75),93.01(1.63),63.97(nan),92.44(nan),91.92(nan),91.04(nan),92.27(nan),62.39(nan),91.39(nan),92.62(nan),92.62(nan),92.51(1.36),92.62(1.37),92.51(1.36),92.44(1.37),92.69(1.14),92.09(1.15),92.55(1.23),92.62(nan),92.44(1.27),92.44(nan),92.62(nan),92.62(nan),92.62(nan),92.44(nan),59.79(1.79),93.08(1.45),59.44(1.42),92.79(nan),92.62(nan),93.04(1.35),92.62(nan),92.62(nan),93.11(1.15),92.62(nan),92.62(nan),67.14(3.25),91.39(nan),59.05(nan),94.55(nan),72.41(nan),92.27(nan),72.41(nan),92.27(nan),92.62(nan),92.62(nan),65.20(1.55),65.94(5.05),92.44(nan),91.39(nan),88.40(nan),93.67(nan),92.30(0.86),62.50(0.62),92.62(nan),55.89(nan),95.61(0.00),60.81(nan),94.27(0.27),59.58(nan),94.45(0.27),65.73(nan),88.22(nan),93.15(nan),93.32(nan),93.50(nan),64.15(nan),93.50(nan),93.32(nan),93.85(nan),93.67(nan),92.44(nan),90.51(nan),94.55(nan),,,88.75(nan),90.51(nan),92.27(2.51),81.48(1.34),92.44(1.27),92.58(2.03),92.20(2.07),89.42(2.12),92.34(2.23),92.30(2.24),92.62(2.16),92.58(2.03),63.23(1.51),92.65(1.93),92.76(2.11),92.76(2.12),92.72(1.90),67.80(3.62),66.54(2.07),92.72(1.90),92.83(1.38),92.93(1.69),93.57(0.51),93.64(0.49),93.71(0.34),93.11(0.42),93.22(0.64),92.86(0.40),92.23(2.13),91.88(2.06),90.26(2.28),92.20(2.67),92.72(1.90),92.93(1.42),92.90(1.01),60.07(2.48),92.23(2.13),92.37(2.41),92.93(1.98),92.48(2.16),92.76(2.00),92.62(1.76),,91.21(3.43),,93.60(0.82),92.79(0.80),93.01(0.65),92.90(0.81),93.32(0.62),87.87(1.60),54.89(0.81),62.07(1.80),63.27(nan),85.94(nan),89.28(nan),85.94(nan),65.20(nan),65.03(nan),58.52(nan),58.35,44.96(1.01),59.23(12.50),57.61(21.40),54.69(23.67),57.61(21.40),58.70(20.06),80.28(0.45)
wdbc,AUROC,66.05(nan),95.66(nan),97.65(nan),73.75(nan),97.86(nan),97.28(nan),97.77(nan),97.77(nan),97.77(nan),97.91(nan),97.91(nan),97.80(nan),97.69(0.57),97.54(0.71),68.05(nan),97.82(nan),97.90(nan),97.38(nan),97.70(nan),64.19(nan),97.16(nan),97.68(nan),97.68(nan),96.71(0.86),96.78(0.81),96.68(0.86),96.76(0.89),96.82(0.81),96.88(0.79),96.81(0.82),97.88(nan),96.76(0.89),97.81(nan),98.03(nan),98.00(nan),97.96(nan),97.86(nan),64.17(2.25),97.62(0.66),64.05(1.94),97.81(nan),97.78(nan),97.60(0.65),97.96(nan),98.03(nan),97.69(0.63),97.96(nan),97.96(nan),69.28(3.38),97.25(nan),65.59(nan),98.07(nan),74.26(nan),97.60(nan),74.26(nan),97.60(nan),97.47(nan),97.53(nan),60.82(1.68),74.19(9.28),97.70(nan),96.64(nan),96.59(nan),97.71(nan),97.43(0.27),50.26(0.60),96.54(nan),56.02(nan),98.53(0.00),70.24(nan),98.64(0.09),58.48(nan),98.64(0.09),63.12(nan),93.18(nan),97.49(nan),97.36(nan),97.50(nan),68.32(nan),97.05(nan),97.37(nan),97.55(nan),97.48(nan),97.92(nan),95.19(nan),97.95(nan),,,95.77(nan),96.17(nan),97.20(0.97),87.70(1.42),96.76(0.89),97.24(0.70),97.07(0.81),96.10(1.23),97.15(0.82),96.94(0.88),97.23(0.68),97.24(0.70),66.82(1.48),97.35(0.68),97.28(0.71),97.26(0.68),97.24(0.71),72.00(4.13),73.35(2.52),97.24(0.71),97.27(0.66),97.31(0.66),97.70(0.31),97.70(0.27),97.77(0.39),97.24(0.31),97.12(0.51),97.19(0.30),96.96(0.89),96.77(0.86),96.22(0.75),97.05(0.76),97.24(0.71),97.34(0.63),97.29(0.55),64.69(2.42),96.96(0.89),97.09(1.11),97.32(0.68),97.20(0.66),97.27(0.66),97.22(0.69),,96.22(1.66),,97.11(0.36),96.97(0.54),96.97(0.52),96.97(0.54),97.03(0.32),95.07(0.46),49.03(0.36),48.30(6.78),71.49(nan),93.73(nan),97.52(nan),93.87(nan),67.78(nan),67.78(nan),49.10(nan),68.52,38.53(1.15),52.31(16.46),51.38(31.31),50.65(30.99),51.38(31.31),54.47(26.64),89.98(0.89)
wdbc,AUPRC,68.06(nan),95.39(nan),96.73(nan),70.17(nan),97.09(nan),96.45(nan),97.13(nan),97.13(nan),97.13(nan),97.09(nan),97.09(nan),97.13(nan),96.94(0.46),96.77(0.62),65.91(nan),97.00(nan),97.08(nan),96.46(nan),96.70(nan),59.73(nan),96.02(nan),96.98(nan),96.98(nan),95.94(0.81),96.06(0.78),95.89(0.81),96.02(0.85),96.11(0.76),96.09(0.81),96.09(0.79),97.06(nan),96.03(0.85),97.04(nan),97.26(nan),97.21(nan),97.16(nan),97.04(nan),62.63(2.29),96.87(0.56),62.47(2.48),97.04(nan),97.01(nan),96.84(0.56),97.17(nan),97.27(nan),96.95(0.52),97.16(nan),97.17(nan),64.59(3.85),96.21(nan),64.46(nan),97.38(nan),68.31(nan),96.85(nan),68.31(nan),96.85(nan),96.68(nan),96.84(nan),51.60(2.92),61.89(12.76),96.91(nan),95.71(nan),95.22(nan),96.92(nan),96.54(0.40),39.65(1.75),94.59(nan),51.36(nan),98.00(0.00),68.44(nan),98.08(0.13),52.18(nan),98.09(0.12),57.60(nan),90.72(nan),96.50(nan),96.36(nan),96.55(nan),65.73(nan),96.36(nan),96.61(nan),96.80(nan),96.77(nan),97.11(nan),94.01(nan),97.13(nan),,,94.53(nan),94.70(nan),96.43(0.87),86.68(1.76),96.03(0.85),96.49(0.64),96.25(0.72),94.90(1.32),96.32(0.85),96.26(0.79),96.46(0.61),96.49(0.64),66.21(1.98),96.58(0.68),96.55(0.65),96.50(0.63),96.48(0.67),69.74(4.60),71.30(2.22),96.48(0.67),96.51(0.61),96.59(0.61),97.04(0.29),97.07(0.20),97.13(0.35),96.43(0.47),96.28(0.66),96.54(0.33),96.28(0.78),95.98(0.74),94.98(1.02),96.34(0.74),96.48(0.67),96.57(0.54),96.50(0.42),63.34(2.51),96.28(0.78),96.31(1.02),96.57(0.64),96.47(0.59),96.51(0.61),96.44(0.62),,95.54(1.66),,96.47(0.40),96.32(0.32),96.33(0.30),96.34(0.33),96.16(0.60),93.48(0.74),36.84(0.60),37.21(3.24),57.23(nan),90.17(nan),96.41(nan),90.37(nan),54.27(nan),54.27(nan),61.71(nan),66.06,31.86(0.57),49.48(13.29),51.50(26.62),49.24(22.28),51.50(26.62),53.49(20.99),86.24(1.22)
wdbc,Bal. Accuracy,62.98(nan),91.21(nan),90.54(nan),67.10(nan),92.63(nan),91.51(nan),92.49(nan),92.49(nan),92.49(nan),92.25(nan),92.25(nan),92.91(nan),92.69(1.48),92.55(1.47),64.39(nan),92.16(nan),91.64(nan),89.60(nan),91.35(nan),62.65(nan),91.13(nan),92.49(nan),92.49(nan),91.56(1.66),91.57(1.80),91.56(1.66),91.31(1.90),91.64(1.56),90.69(1.70),91.49(1.66),92.49(nan),91.31(1.78),92.35(nan),92.49(nan),92.49(nan),92.39(nan),92.25(nan),60.27(1.70),92.57(1.28),59.97(1.33),92.73(nan),92.58(nan),92.52(1.19),92.39(nan),92.49(nan),92.57(0.95),92.39(nan),92.39(nan),66.49(3.27),90.26(nan),59.13(nan),93.84(nan),71.31(nan),91.44(nan),71.31(nan),91.44(nan),91.82(nan),91.72(nan),62.42(1.21),62.99(7.85),91.68(nan),91.22(nan),88.17(nan),93.14(nan),91.43(0.67),51.39(2.09),91.63(nan),55.65(nan),95.06(0.00),62.92(nan),93.73(0.42),58.97(nan),93.98(0.27),64.16(nan),88.22(nan),92.62(nan),92.67(nan),92.90(nan),63.96(nan),92.52(nan),92.47(nan),92.99(nan),92.75(nan),92.25(nan),89.85(nan),94.03(nan),,,88.93(nan),88.99(nan),92.02(2.15),81.16(1.46),91.31(1.78),92.27(1.79),91.83(1.71),88.22(1.95),92.09(1.95),92.06(1.90),92.28(1.94),92.27(1.79),63.21(1.35),92.63(1.58),92.45(1.86),92.47(1.88),92.46(1.61),68.06(3.52),67.01(1.69),92.46(1.61),92.41(1.13),92.59(1.42),93.34(0.49),93.42(0.52),93.49(0.32),92.84(0.35),92.87(0.50),92.65(0.22),92.07(1.81),91.48(2.02),89.39(2.75),92.06(2.32),92.46(1.61),92.57(1.21),92.45(0.91),60.67(2.31),92.07(1.81),92.12(2.11),92.76(1.63),92.13(1.98),92.49(1.74),92.22(1.60),,90.85(3.04),,93.12(0.84),92.21(0.88),92.41(0.69),92.37(0.93),92.70(0.57),85.05(2.27),49.04(0.84),50.48(1.26),50.99(nan),81.99(nan),86.28(nan),82.09(nan),57.52(nan),57.38(nan),50.95(nan),50.43,41.90(1.32),59.15(13.19),57.04(22.31),54.37(24.15),57.04(22.31),58.94(21.13),75.01(0.58)
wdbc,Time,0.31(nan),0.34(nan),0.43(nan),1.96(nan),4.40(nan),4.97(nan),5.40(nan),5.27(nan),5.25(nan),2.65(nan),2.69(nan),6.68(nan),0.65(0.02),2.29(0.02),1.47(nan),1.53(nan),1.32(nan),17.92(nan),17.40(nan),1.82(nan),1.86(nan),6.36(nan),6.24(nan),1.27(0.03),1.04(0.00),1.07(0.00),1.70(0.17),2.34(0.01),0.89(0.01),0.97(0.00),2.53(nan),0.52(0.01),1.94(nan),3.39(nan),2.63(nan),2.99(nan),2.52(nan),2.43(0.08),2.36(0.05),2.34(0.03),8.35(nan),4.80(nan),3.01(0.11),3.53(nan),4.57(nan),2.58(0.02),3.84(nan),3.78(nan),1.52(0.02),2.37(nan),1.42(nan),1.46(nan),1.68(nan),1.73(nan),1.66(nan),1.47(nan),2.34(nan),1.68(nan),7.84(0.67),5.91(0.09),1.66(nan),1.78(nan),2.11(nan),1.51(nan),2.50(0.05),4.36(0.85),2.92(nan),9.97(nan),11.64(0.16),4.81(nan),10.14(0.06),5.36(nan),19.03(0.14),19.11(nan),1.99(nan),2.48(nan),2.16(nan),2.07(nan),0.45(nan),0.48(nan),0.76(nan),0.99(nan),1.34(nan),2.71(nan),2.20(nan),3.82(nan),,,5.46(nan),11.06(nan),3.88(0.66),4.06(0.28),0.45(0.01),2.53(0.12),2.71(0.02),2.86(0.12),3.83(0.81),3.06(0.11),2.40(0.02),2.89(0.05),0.61(0.01),4.01(0.65),2.72(0.09),2.97(0.12),2.65(0.09),2.44(0.05),2.64(0.03),2.44(0.04),4.28(0.15),2.66(0.07),4.20(0.08),2.57(0.05),2.55(0.05),3.71(0.77),2.78(0.08),2.42(0.04),3.61(0.13),4.17(0.37),2.73(0.14),2.68(0.05),2.54(0.02),2.71(0.02),2.88(0.07),2.48(0.05),0.49(0.01),0.73(0.00),2.72(0.25),3.42(0.89),3.83(0.70),3.64(0.58),,2.30(0.04),,5.66(0.20),4.37(0.03),5.01(0.59),7.84(1.05),3.82(0.08),16.66(0.60),7.68(0.10),2.03(0.08),1.99(nan),21.81(nan),0.99(nan),35.65(nan),35.24(nan),34.52(nan),0.10(nan),0.03,1.28(0.03),2.19(0.24),1.97(0.01),2.07(0.22),2.01(0.03),2.00(0.02),20.34(0.35)
weather,Num. Errors,6382.00(nan),4563.00(nan),4555.00(nan),6055.00(nan),4598.00(nan),4590.00(nan),4553.00(nan),4553.00(nan),,4567.00(nan),4567.00(nan),4556.00(nan),4536.80(45.34),4543.80(37.85),5891.00(nan),4570.00(nan),4591.00(nan),4620.00(nan),4699.00(nan),5836.00(nan),4593.00(nan),4599.00(nan),4599.00(nan),4563.20(28.83),4542.40(10.97),4557.40(25.87),4550.40(17.10),4532.60(20.42),4528.20(22.96),4542.40(32.23),4573.00(nan),4559.80(28.54),4546.00(nan),4591.00(nan),4586.00(nan),4588.00(nan),4571.00(nan),5876.00(41.64),4535.00(40.17),5867.40(39.94),4572.00(nan),4554.00(nan),4525.20(29.09),4553.00(nan),4566.00(nan),4539.60(26.33),4585.00(nan),4550.00(nan),5815.60(39.63),4238.00(nan),5917.00(nan),4541.00(nan),5866.00(nan),4576.00(nan),5866.00(nan),4576.00(nan),4472.00(nan),4489.00(nan),5702.00(8.51),4779.20(47.45),4489.00(nan),4472.00(nan),4493.00(nan),4585.00(nan),4497.80(43.10),5708.80(10.92),4602.00(nan),6139.00(nan),5327.00(0.00),5885.00(nan),,5974.00(nan),4856.80(26.21),5957.00(nan),8377.00(nan),4558.00(nan),4560.00(nan),4547.00(nan),5867.00(nan),4606.00(nan),4506.00(nan),4512.00(nan),4550.00(nan),4593.00(nan),4568.00(nan),4560.00(nan),,,4622.00(nan),4737.00(nan),4536.00(29.95),,4564.40(29.59),4564.20(20.14),,4815.80(28.86),4564.20(20.14),4553.40(13.65),4563.80(22.84),4564.20(20.14),5828.60(41.80),5517.80(58.12),4567.40(34.06),4588.20(29.51),4621.40(26.21),5390.80(164.33),5203.40(36.27),4621.40(26.21),4615.40(32.45),4625.80(21.16),4819.60(33.13),4820.80(62.29),4840.20(66.36),5142.20(118.30),5146.80(157.40),5124.00(70.50),4622.00(30.31),4624.80(34.82),4661.20(21.16),4614.40(27.68),4621.40(26.21),4613.20(34.62),4631.60(35.96),5908.60(45.85),4622.00(30.31),4610.60(27.39),4761.00(30.29),4555.00(32.52),4604.80(34.13),4594.80(24.87),,,,4582.80(25.28),,,,,4499.60(42.21),,5721.40(29.06),4986.00(nan),5098.00(nan),5592.00(nan),5122.00(nan),5526.00(nan),5673.00(nan),6084.00(nan),6472.0,5698.60(0.55),8369.60(548.17),,,,,4420.80(16.05)
weather,Accuracy,64.85(nan),74.87(nan),74.92(nan),66.66(nan),74.68(nan),74.72(nan),74.93(nan),74.93(nan),,74.85(nan),74.85(nan),74.91(nan),75.02(0.25),74.98(0.21),67.56(nan),74.83(nan),74.72(nan),74.56(nan),74.12(nan),67.86(nan),74.71(nan),74.67(nan),74.67(nan),74.87(0.16),74.99(0.06),74.90(0.14),74.94(0.09),75.04(0.11),75.06(0.13),74.99(0.18),74.82(nan),74.89(0.16),74.97(nan),74.72(nan),74.75(nan),74.73(nan),74.83(nan),67.64(0.23),75.03(0.22),67.69(0.22),74.82(nan),74.92(nan),75.08(0.16),74.93(nan),74.86(nan),75.00(0.15),74.75(nan),74.94(nan),67.97(0.22),76.66(nan),67.42(nan),74.99(nan),67.70(nan),74.80(nan),67.70(nan),74.80(nan),75.37(nan),75.28(nan),68.60(0.05),73.68(0.26),75.28(nan),75.37(nan),75.26(nan),74.75(nan),75.23(0.24),68.56(0.06),74.66(nan),66.19(nan),70.66(0.00),67.59(nan),,67.10(nan),73.25(0.14),67.20(nan),53.87(nan),74.90(nan),74.89(nan),74.96(nan),67.69(nan),74.64(nan),75.19(nan),75.15(nan),74.94(nan),74.71(nan),74.84(nan),74.89(nan),,,74.55(nan),73.91(nan),75.02(0.16),,74.86(0.16),74.87(0.11),,73.48(0.16),74.87(0.11),74.92(0.08),74.87(0.13),74.87(0.11),67.90(0.23),69.61(0.32),74.85(0.19),74.73(0.16),74.55(0.14),70.31(0.90),71.35(0.20),74.55(0.14),74.58(0.18),74.53(0.12),73.46(0.18),73.45(0.34),73.35(0.37),71.68(0.65),71.66(0.87),71.78(0.39),74.55(0.17),74.53(0.19),74.33(0.12),74.59(0.15),74.55(0.14),74.60(0.19),74.49(0.20),67.46(0.25),74.55(0.17),74.61(0.15),73.78(0.17),74.92(0.18),74.64(0.19),74.70(0.14),,,,74.76(0.14),,,,,75.22(0.23),,68.49(0.16),72.54(nan),71.93(nan),69.21(nan),71.79(nan),69.57(nan),68.76(nan),66.50(nan),64.36,68.62(0.00),53.91(3.02),,,,,75.66(0.09)
weather,AUROC,60.11(nan),79.02(nan),79.34(nan),61.39(nan),78.97(nan),78.95(nan),79.20(nan),79.20(nan),,78.83(nan),78.83(nan),79.05(nan),79.08(0.12),78.88(0.13),56.29(nan),79.13(nan),78.92(nan),78.68(nan),78.25(nan),55.97(nan),79.02(nan),78.98(nan),78.98(nan),78.92(0.12),78.98(0.09),78.91(0.13),78.89(0.11),79.06(0.09),79.24(0.14),79.04(0.14),78.86(nan),78.83(0.16),79.34(nan),78.92(nan),78.72(nan),78.84(nan),78.88(nan),56.70(0.47),79.09(0.16),56.98(0.71),78.97(nan),79.04(nan),79.10(0.12),78.86(nan),78.85(nan),79.00(0.09),78.88(nan),78.87(nan),61.06(0.50),81.18(nan),58.94(nan),79.17(nan),60.13(nan),79.15(nan),60.13(nan),79.15(nan),79.82(nan),79.60(nan),54.68(0.70),77.00(0.62),79.48(nan),79.21(nan),79.34(nan),78.85(nan),79.38(0.19),50.04(0.06),78.65(nan),59.02(nan),72.09(0.00),64.38(nan),,61.66(nan),76.65(0.15),62.95(nan),45.98(nan),79.12(nan),79.04(nan),79.06(nan),60.31(nan),78.66(nan),79.39(nan),79.41(nan),79.12(nan),78.88(nan),79.06(nan),79.02(nan),,,78.43(nan),77.04(nan),79.10(0.12),,78.83(0.16),78.79(0.08),,78.03(0.83),78.79(0.08),78.84(0.09),78.81(0.08),78.79(0.08),57.83(2.27),78.78(0.10),78.81(0.12),78.80(0.10),78.81(0.11),69.79(3.21),72.08(1.65),78.81(0.11),78.77(0.10),78.76(0.16),77.20(0.17),77.21(0.28),77.18(0.19),74.32(0.37),74.63(0.45),73.63(0.59),78.82(0.10),78.78(0.08),78.55(0.15),78.85(0.10),78.81(0.11),78.76(0.13),78.60(0.23),55.92(1.08),78.82(0.10),78.85(0.08),78.79(0.11),78.80(0.10),78.81(0.12),78.79(0.09),,,,78.66(0.07),,,,,79.04(0.29),,48.58(0.49),74.11(nan),73.88(nan),73.00(nan),73.90(nan),66.29(nan),64.32(nan),42.17(nan),45.44,42.49(0.22),47.57(0.27),,,,,79.54(0.07)
weather,AUPRC,39.24(nan),62.31(nan),63.12(nan),39.51(nan),62.01(nan),62.47(nan),62.57(nan),62.57(nan),,61.97(nan),61.97(nan),62.61(nan),62.42(0.24),61.99(0.35),36.14(nan),62.45(nan),62.11(nan),61.67(nan),61.18(nan),35.58(nan),62.55(nan),62.21(nan),62.21(nan),62.18(0.25),62.23(0.14),62.11(0.25),62.02(0.21),62.39(0.21),62.76(0.32),62.35(0.27),62.06(nan),61.94(0.35),63.12(nan),62.04(nan),61.93(nan),61.96(nan),62.03(nan),36.42(0.47),62.46(0.29),36.72(0.54),62.20(nan),62.31(nan),62.50(0.23),62.18(nan),62.05(nan),62.28(0.27),62.05(nan),62.19(nan),39.94(0.26),65.68(nan),38.39(nan),62.90(nan),38.58(nan),62.40(nan),38.58(nan),62.40(nan),63.74(nan),63.39(nan),34.96(0.80),59.68(0.63),63.05(nan),62.97(nan),63.32(nan),61.98(nan),63.27(0.44),33.49(2.27),61.92(nan),37.85(nan),50.46(0.00),41.17(nan),,40.10(nan),57.51(0.30),41.05(nan),31.59(nan),62.63(nan),62.49(nan),62.53(nan),38.24(nan),61.57(nan),63.11(nan),63.26(nan),62.39(nan),62.10(nan),62.37(nan),62.42(nan),,,61.03(nan),58.76(nan),62.45(0.24),,61.94(0.33),61.89(0.13),,60.42(1.48),61.89(0.13),62.03(0.22),61.98(0.18),61.89(0.13),36.86(1.42),61.64(0.21),61.97(0.25),61.95(0.25),61.86(0.32),48.62(3.02),52.74(1.47),61.86(0.32),61.81(0.29),61.74(0.32),58.87(0.24),58.91(0.48),58.88(0.41),54.69(0.54),55.11(0.98),54.51(0.66),61.92(0.21),61.79(0.25),61.18(0.30),61.98(0.31),61.86(0.32),61.78(0.30),61.50(0.40),35.74(0.93),61.92(0.21),61.83(0.20),61.80(0.27),61.92(0.25),61.85(0.20),61.80(0.32),,,,61.43(0.18),,,,,62.99(0.42),,30.26(0.71),56.33(nan),54.04(nan),50.38(nan),53.53(nan),46.21(nan),42.62(nan),51.62(nan),28.6,26.36(0.12),38.28(5.41),,,,,63.88(0.11)
weather,Bal. Accuracy,56.87(nan),66.70(nan),66.89(nan),53.51(nan),66.88(nan),66.82(nan),68.27(nan),68.27(nan),,66.82(nan),66.82(nan),68.16(nan),66.86(0.27),66.80(0.27),51.41(nan),66.82(nan),66.70(nan),66.35(nan),66.30(nan),51.16(nan),66.70(nan),67.79(nan),67.79(nan),66.80(0.28),66.93(0.19),66.87(0.32),66.76(0.19),67.00(0.23),67.19(0.30),66.90(0.34),66.79(nan),66.68(0.24),68.17(nan),66.82(nan),66.67(nan),66.84(nan),66.93(nan),51.56(0.23),66.95(0.18),51.61(0.24),66.98(nan),67.13(nan),67.04(0.16),66.91(nan),66.86(nan),66.86(0.07),66.79(nan),66.94(nan),52.98(0.54),69.67(nan),52.84(nan),67.13(nan),51.87(nan),66.74(nan),51.87(nan),66.74(nan),67.66(nan),67.51(nan),50.11(0.08),62.86(0.48),67.45(nan),67.82(nan),67.78(nan),66.63(nan),67.03(0.30),50.03(0.03),66.06(nan),53.15(nan),59.46(0.00),53.60(nan),,54.30(nan),63.80(0.32),54.90(nan),46.84(nan),66.96(nan),66.69(nan),66.88(nan),51.20(nan),66.31(nan),67.14(nan),67.04(nan),66.55(nan),66.80(nan),66.74(nan),66.65(nan),,,66.00(nan),65.84(nan),66.72(0.20),,66.65(0.20),66.70(0.13),,62.10(1.99),66.70(0.13),66.68(0.18),66.63(0.26),66.70(0.13),51.49(0.46),71.27(0.12),67.63(0.22),68.42(0.20),68.73(0.14),61.50(3.63),61.31(1.31),68.73(0.14),68.66(0.12),68.69(0.13),66.97(0.54),67.15(0.69),67.15(0.56),64.00(0.76),64.12(0.56),62.81(0.39),68.59(0.12),68.61(0.09),68.63(0.22),68.72(0.07),68.73(0.14),68.83(0.19),68.74(0.26),51.51(0.46),68.59(0.12),68.57(0.10),70.41(0.07),66.73(0.27),68.67(0.16),68.59(0.16),,,,66.48(0.42),,,,,67.48(0.47),,50.02(0.04),60.73(nan),60.83(nan),52.56(nan),60.68(nan),54.32(nan),52.83(nan),57.83(nan),57.92,50.00(0.00),49.57(0.77),,,,,67.91(0.13)
weather,Time,9.78(nan),10.71(nan),11.15(nan),63.58(nan),187.15(nan),226.75(nan),218.87(nan),205.29(nan),,126.35(nan),138.79(nan),258.31(nan),20.39(0.20),85.41(4.14),51.68(nan),51.46(nan),29.01(nan),486.37(nan),361.07(nan),64.27(nan),63.61(nan),238.45(nan),246.11(nan),32.75(0.77),36.23(3.57),34.24(0.18),53.77(0.82),78.95(1.22),28.17(0.12),30.44(0.13),124.10(nan),19.02(1.49),73.92(nan),192.71(nan),141.16(nan),142.73(nan),128.24(nan),139.74(3.99),111.47(4.30),77.07(1.37),143.20(nan),149.80(nan),93.66(2.79),156.44(nan),172.25(nan),85.25(2.23),196.79(nan),159.53(nan),48.21(0.71),72.35(nan),40.48(nan),39.43(nan),59.54(nan),49.19(nan),64.20(nan),45.88(nan),72.44(nan),56.25(nan),450.89(71.29),191.97(1.23),49.78(nan),59.97(nan),77.37(nan),51.15(nan),105.93(11.27),104.27(12.05),91.82(nan),136.38(nan),142.85(1.15),62.27(nan),,79.28(nan),288.41(21.35),275.83(nan),20.90(nan),71.54(nan),60.11(nan),59.40(nan),15.28(nan),15.61(nan),24.57(nan),31.77(nan),44.29(nan),185.77(nan),72.06(nan),149.75(nan),,,376.98(nan),669.57(nan),200.88(44.13),,16.21(0.35),116.29(0.89),,127.61(5.30),132.78(9.32),121.77(5.89),94.95(3.27),108.73(1.45),19.17(0.13),114.45(5.07),100.04(1.68),162.87(3.74),129.71(14.86),119.28(11.15),131.74(3.01),116.72(2.98),115.49(2.73),143.98(15.92),135.60(13.79),134.49(3.40),109.55(1.01),137.10(4.85),141.33(8.47),140.03(7.98),75.02(0.96),120.99(7.78),127.97(4.81),103.88(2.03),103.14(2.15),157.27(28.83),98.27(0.97),101.36(0.98),16.17(0.17),25.65(0.19),115.09(4.50),140.66(16.73),112.23(9.57),117.98(2.43),,,,284.78(35.63),,,,,488.73(9.84),,134.55(2.29),53.61(nan),574.20(nan),18.99(nan),347.77(nan),383.92(nan),515.42(nan),0.99(nan),0.76,144.59(10.46),23.70(0.21),,,,,185.42(13.92)
wpbc,Num. Errors,73.00(nan),62.00(nan),45.00(nan),67.00(nan),,,,,,,,,,,68.00(nan),51.00(nan),50.00(nan),,,64.00(nan),51.00(nan),,,,,,,,,,,,50.00(nan),,,,,,,,,,,,,,,,68.20(3.19),48.00(nan),70.00(nan),54.00(nan),64.00(nan),50.00(nan),64.00(nan),50.00(nan),53.00(nan),51.00(nan),59.20(2.59),,,,,,,53.20(3.11),52.00(nan),68.00(nan),63.00(0.00),84.00(nan),55.20(1.92),67.00(nan),49.60(0.55),67.00(nan),70.00(nan),55.00(nan),56.00(nan),56.00(nan),70.00(nan),51.00(nan),51.00(nan),51.00(nan),51.00(nan),,,,,,,,,,,,,,,,,,,,,,,,,,,,,,,,,,,,,,,,,,,,,,,,,,,,,,,,47.40(0.89),,49.00(2.55),55.00(nan),49.00(0.71),,,,,,,,,,,,,47.60(0.89)
wpbc,Accuracy,63.13(nan),68.69(nan),77.27(nan),66.16(nan),,,,,,,,,,,65.66(nan),74.24(nan),74.75(nan),,,67.68(nan),74.24(nan),,,,,,,,,,,,74.75(nan),,,,,,,,,,,,,,,,65.56(1.61),75.76(nan),64.65(nan),72.73(nan),67.68(nan),74.75(nan),67.68(nan),74.75(nan),73.23(nan),74.24(nan),70.10(1.31),,,,,,,73.13(1.57),73.74(nan),65.66(nan),68.18(0.00),57.58(nan),72.12(0.97),66.16(nan),74.95(0.28),66.16(nan),64.65(nan),72.22(nan),71.72(nan),71.72(nan),64.65(nan),74.24(nan),74.24(nan),74.24(nan),74.24(nan),,,,,,,,,,,,,,,,,,,,,,,,,,,,,,,,,,,,,,,,,,,,,,,,,,,,,,,,76.06(0.45),,75.25(1.29),72.22(nan),75.25(0.36),,,,,,,,,,,,,75.96(0.45)
wpbc,AUROC,52.27(nan),50.66(nan),56.78(nan),57.24(nan),,,,,,,,,,,57.24(nan),51.30(nan),52.09(nan),,,63.25(nan),51.95(nan),,,,,,,,,,,,53.45(nan),,,,,,,,,,,,,,,,53.90(2.00),54.39(nan),55.70(nan),45.30(nan),56.09(nan),55.52(nan),56.09(nan),55.52(nan),55.76(nan),53.99(nan),46.97(4.94),,,,,,,50.39(0.87),62.49(nan),57.31(nan),62.42(0.00),47.51(nan),58.59(2.01),57.61(nan),60.92(1.30),57.86(nan),57.57(nan),48.13(nan),47.79(nan),47.96(nan),57.07(nan),51.25(nan),53.74(nan),53.47(nan),54.07(nan),,,,,,,,,,,,,,,,,,,,,,,,,,,,,,,,,,,,,,,,,,,,,,,,,,,,,,,,50.17(1.07),,50.55(2.90),45.24(nan),53.01(0.56),,,,,,,,,,,,,52.36(0.96)
wpbc,AUPRC,29.40(nan),24.17(nan),38.03(nan),34.65(nan),,,,,,,,,,,30.85(nan),26.38(nan),26.76(nan),,,36.73(nan),26.37(nan),,,,,,,,,,,,27.26(nan),,,,,,,,,,,,,,,,27.47(2.70),28.96(nan),31.63(nan),21.55(nan),28.15(nan),29.21(nan),28.15(nan),29.21(nan),28.22(nan),28.46(nan),23.69(2.75),,,,,,,27.57(2.91),32.40(nan),30.58(nan),30.79(0.00),26.71(nan),29.82(1.02),30.79(nan),31.36(0.90),31.12(nan),37.20(nan),22.33(nan),22.13(nan),22.16(nan),29.89(nan),24.60(nan),27.90(nan),27.63(nan),28.17(nan),,,,,,,,,,,,,,,,,,,,,,,,,,,,,,,,,,,,,,,,,,,,,,,,,,,,,,,,23.64(0.97),,24.49(1.85),22.65(nan),24.77(0.55),,,,,,,,,,,,,26.31(1.27)
wpbc,Bal. Accuracy,52.38(nan),52.36(nan),54.33(nan),56.57(nan),,,,,,,,,,,54.04(nan),50.87(nan),50.47(nan),,,58.29(nan),50.14(nan),,,,,,,,,,,,51.20(nan),,,,,,,,,,,,,,,,53.24(1.39),50.40(nan),51.91(nan),49.15(nan),56.09(nan),49.74(nan),56.09(nan),49.74(nan),48.01(nan),49.41(nan),51.97(1.02),,,,,,,51.32(1.87),49.81(nan),53.30(nan),55.69(0.00),51.67(nan),55.64(1.02),53.64(nan),56.17(0.84),53.64(nan),57.04(nan),50.28(nan),49.95(nan),49.95(nan),54.11(nan),53.80(nan),49.41(nan),49.41(nan),49.41(nan),,,,,,,,,,,,,,,,,,,,,,,,,,,,,,,,,,,,,,,,,,,,,,,,,,,,,,,,49.87(0.30),,50.51(0.65),48.82(nan),49.78(0.58),,,,,,,,,,,,,50.09(0.17)
wpbc,Time,0.14(nan),0.16(nan),0.15(nan),0.69(nan),,,,,,,,,,,0.54(nan),0.54(nan),0.26(nan),,,0.66(nan),0.66(nan),,,,,,,,,,,,0.70(nan),,,,,,,,,,,,,,,,0.55(0.02),0.92(nan),0.50(nan),0.50(nan),0.63(nan),1.87(nan),0.61(nan),0.50(nan),0.82(nan),0.62(nan),2.02(0.01),,,,,,,1.01(0.05),1.04(nan),1.90(nan),4.34(0.05),1.80(nan),2.03(0.03),2.04(nan),7.98(0.59),7.31(nan),0.77(nan),0.88(nan),0.75(nan),0.74(nan),0.18(nan),0.18(nan),0.28(nan),0.35(nan),0.49(nan),,,,,,,,,,,,,,,,,,,,,,,,,,,,,,,,,,,,,,,,,,,,,,,,,,,,,,,,5.40(0.39),,0.64(0.05),0.85(nan),5.43(0.03),,,,,,,,,,,,,8.03(0.17)
