Dataset,metric,CleanMLPFill0,CleanMLPFill0WelfordZScore,CleanMLPMaskInputWelfordZScore,DualNet,DualNetAdaptiveFastGateNoReplayWelfordZScore,DualNetAdaptiveFastGatePrototypeMemoryWelfordZScore,DualNetAdaptiveFastGateTrainStepWelfordZScore,DualNetAdaptiveFastGateWelfordZScore,DualNetGradientConflictAdaptiveFastGateWelfordZScoreDiagnostics,DualNetLearnedReliabilityAdaptiveFastGateWelfordZScore,DualNetNoAdaptiveFastAdapterAdaptiveFastGateWelfordZScoreDiagnostics,DualNetNoMaskFastGateZeroInitScaledSoftBoundedDeltaGradientConflictAdaptiveFastGateWelfordZScoreDiagnostics,DualNetNoReplay,DualNetNoReplayWelfordZScore,DualNetNoReplayWelfordZScoreNoSSL,DualNetPrototypeMemory,DualNetPrototypeMemoryWelfordZScore,DualNetReliabilityAdaptiveFastGateWelfordZScore,DualNetReliabilityTrainStepAdaptiveFastGateWelfordZScore,DualNetResidualAdvantageWeightedConsolidationZeroInitScaledSoftBoundedWelfordZScoreDiagnostics,DualNetResidualConsolidationZeroInitScaledSoftBoundedWelfordZScoreDiagnostics,DualNetResidualSelectiveConsolidationWeight1ZeroInitScaledSoftBoundedWelfordZScoreDiagnostics,DualNetResidualUncertaintyAttentiveFastZeroInitScaledSoftBoundedWelfordZScoreDiagnostics,DualNetResidualUncertaintyGatedZeroInitScaledSoftBoundedWelfordZScoreDiagnostics,DualNetResidualWelfordZScoreDiagnostics,DualNetResidualZeroInitScaledSoftBoundedWelfordZScoreDiagnostics,DualNetScaledGradientConflictAdaptiveFastGateWelfordZScoreDiagnostics,DualNetSlowOnlyZeroInitScaledSoftBoundedDeltaGradientConflictAdaptiveFastGateWelfordZScoreDiagnostics,DualNetWelfordZScore,DualNetZeroInitHardBoundedDeltaGradientConflictAdaptiveFastGateWelfordZScoreDiagnostics,DualNetZeroInitLearnableScaledGradientConflictAdaptiveFastGateWelfordZScoreDiagnostics,DualNetZeroInitScaledGradientConflictAdaptiveFastGateWelfordZScoreDiagnostics,DualNetZeroInitScaledNoSoftBoundedDeltaGradientConflictAdaptiveFastGateNoWelfordZScoreDiagnostics,DualNetZeroInitScaledNoSoftBoundedDeltaGradientConflictAdaptiveFastGateWelfordZScoreDiagnostics,DualNetZeroInitScaledSoftBoundedDeltaGradientConflictAdaptiveFastGateNoWelfordZScoreDiagnostics,DualNetZeroInitScaledSoftBoundedDeltaGradientConflictAdaptiveFastGateSSLWelfordZScoreDiagnostics,DualNetZeroInitScaledSoftBoundedDeltaGradientConflictAdaptiveFastGateTemporalGatedSSLWelfordZScoreDiagnostics,DualNetZeroInitScaledSoftBoundedDeltaGradientConflictAdaptiveFastGateWelfordZScoreDiagnostics,DualNetZeroInitSoftBoundedDeltaGradientConflictAdaptiveFastGateWelfordZScoreDiagnostics,DualNetZeroInitSoftBoundedDeltaNoAdapterScaleGradientConflictAdaptiveFastGateWelfordZScoreDiagnostics,FSNet,FSNetFill0,FSNetFill0WelfordZScore,HBP,HBP_WelfordZScore,MLPZeroInitScaledSoftBoundedDeltaGradientConflictWelfordZScoreDiagnostics,MODL,MODLWelfordZScore,MODL_only_mlp,MODL_only_mlpNoScaler,MODL_only_oblr,MODL_only_oblrNoScaler,MODL_only_oblr_mlp,MODL_only_oblr_mlpNoScaler,MODL_three_learners_25Packet,MODL_three_learners_25PacketNoScaler,OVFMWelfordZScore,OneNetFSNetFill0WelfordZScore,OneNetFSNetFixedWeightLazyFSNetWelfordZScore,OneNetFSNetNoBiasWelfordZScore,OneNetFill0,OneNetFill0WelfordZScore,OneNetFixedWeightWelfordZScore,OneNetNoBiasWelfordZScore,OneNetWelfordZScore,OnlineDualNet_Simple_L1,OnlineDualNet_Simple_L2,OnlineNet,OnlineNetSlowWelfordFastRaw,OnlineNetSlowWelfordFastRawPrequentialLogitAdjustmentTau025,RGC-DualNet,adam_HI2,auxdrop,auxdropWelfordZScore,olifl,olvf,orf3v,ovfm,packetLSTM
Agrawal_f1_15000_to_f2_25000_to_f3_35000_to_f4_w1_total50000,Num. Errors,,,,,,,,,,,,,,,,,,,,,,,,,,,,,,,,,,,,,,,,,,,,22635.00(690.73),,,24900.00(0.00),,,,,,,,,,,,,,,,,,,,15535.00(179.37),15535.00(179.37),,,,14999.00(158.53),19963.00(133.88),,22189.00(nan),23056.0,24839.67(29.14),19733.00(7.94),
Agrawal_f1_15000_to_f2_25000_to_f3_35000_to_f4_w1_total50000,Accuracy,,,,,,,,,,,,,,,,,,,,,,,,,,,,,,,,,,,,,,,,,,,,54.73(1.38),,,50.20(0.00),,,,,,,,,,,,,,,,,,,,68.93(0.36),68.93(0.36),,,,70.00(0.32),60.07(0.27),,55.62(nan),53.89,50.32(0.06),60.53(0.02),
Agrawal_f1_15000_to_f2_25000_to_f3_35000_to_f4_w1_total50000,AUROC,,,,,,,,,,,,,,,,,,,,,,,,,,,,,,,,,,,,,,,,,,,,54.70(2.24),,,50.00(0.00),,,,,,,,,,,,,,,,,,,,77.21(0.35),77.21(0.35),,,,78.24(0.73),62.25(0.75),,44.40(nan),50.73,46.60(0.06),63.44(0.01),
Agrawal_f1_15000_to_f2_25000_to_f3_35000_to_f4_w1_total50000,AUPRC,,,,,,,,,,,,,,,,,,,,,,,,,,,,,,,,,,,,,,,,,,,,51.94(2.16),,,52.95(0.46),,,,,,,,,,,,,,,,,,,,78.35(0.35),78.35(0.35),,,,78.63(1.22),58.68(0.24),,58.72(nan),50.62,47.24(0.05),61.55(0.01),
Agrawal_f1_15000_to_f2_25000_to_f3_35000_to_f4_w1_total50000,Bal. Accuracy,,,,,,,,,,,,,,,,,,,,,,,,,,,,,,,,,,,,,,,,,,,,54.74(1.45),,,50.00(0.00),,,,,,,,,,,,,,,,,,,,68.92(0.36),68.92(0.36),,,,70.00(0.31),60.09(0.29),,55.61(nan),53.88,50.14(0.06),60.53(0.02),
Agrawal_f1_15000_to_f2_25000_to_f3_35000_to_f4_w1_total50000,Time,,,,,,,,,,,,,,,,,,,,,,,,,,,,,,,,,,,,,,,,,,,,572.33(28.05),,,239.14(0.12),,,,,,,,,,,,,,,,,,,,431.52(70.76),431.52(70.76),,,,1239.34(0.53),147.14(0.38),,2.77(nan),1.99,82.63(0.49),101.69(1.03),
Agrawal_f1_15000_to_f2_25000_to_f3_35000_to_f4_w5000_total50000,Num. Errors,,,,,,,,,,,,,,,,,,,,,,,,,,,,,,,,,,,,,,,,,,,,23090.00(797.17),,,24910.00(0.00),,,,,,,,,,,,,,,,,,,,16490.00(113.46),16490.00(113.46),,,,15904.00(324.24),20451.00(64.86),,22539.00(nan),23479.0,24909.33(9.50),20309.33(4.73),
Agrawal_f1_15000_to_f2_25000_to_f3_35000_to_f4_w5000_total50000,Accuracy,,,,,,,,,,,,,,,,,,,,,,,,,,,,,,,,,,,,,,,,,,,,53.82(1.59),,,50.18(0.00),,,,,,,,,,,,,,,,,,,,67.02(0.23),67.02(0.23),,,,68.19(0.65),59.10(0.13),,54.92(nan),53.04,50.18(0.02),59.38(0.01),
Agrawal_f1_15000_to_f2_25000_to_f3_35000_to_f4_w5000_total50000,AUROC,,,,,,,,,,,,,,,,,,,,,,,,,,,,,,,,,,,,,,,,,,,,55.14(2.16),,,50.00(0.00),,,,,,,,,,,,,,,,,,,,74.88(0.20),74.88(0.20),,,,75.98(1.08),61.52(0.16),,45.10(nan),50.13,47.18(0.05),62.95(0.01),
Agrawal_f1_15000_to_f2_25000_to_f3_35000_to_f4_w5000_total50000,AUPRC,,,,,,,,,,,,,,,,,,,,,,,,,,,,,,,,,,,,,,,,,,,,52.06(1.98),,,52.96(0.46),,,,,,,,,,,,,,,,,,,,75.76(0.19),75.76(0.19),,,,76.20(1.55),58.14(0.10),,59.09(nan),49.98,47.60(0.05),62.09(0.03),
Agrawal_f1_15000_to_f2_25000_to_f3_35000_to_f4_w5000_total50000,Bal. Accuracy,,,,,,,,,,,,,,,,,,,,,,,,,,,,,,,,,,,,,,,,,,,,53.82(1.65),,,50.00(0.00),,,,,,,,,,,,,,,,,,,,67.02(0.23),67.02(0.23),,,,68.19(0.64),59.11(0.16),,54.92(nan),53.04,50.01(0.02),59.39(0.01),
Agrawal_f1_15000_to_f2_25000_to_f3_35000_to_f4_w5000_total50000,Time,,,,,,,,,,,,,,,,,,,,,,,,,,,,,,,,,,,,,,,,,,,,564.49(11.05),,,241.59(4.48),,,,,,,,,,,,,,,,,,,,483.28(9.35),483.28(9.35),,,,1242.40(1.35),147.17(0.81),,2.75(nan),2.05,83.82(0.47),102.82(4.03),
Agrawal_f1_2500_to_f2_2500_w1_total5000,Num. Errors,,,,,,,,,,,,,,,,,,,,,,,,,,,,,,,,,,,,,,,,,,,,2302.67(28.71),,,2356.00(0.00),,,,,,,,,,,,,,,,,,,,1836.33(17.93),1836.33(17.93),,,,1698.00(13.75),2066.00(150.66),,2279.00(nan),2320.0,2365.33(1.15),1964.00(4.00),
Agrawal_f1_2500_to_f2_2500_w1_total5000,Accuracy,,,,,,,,,,,,,,,,,,,,,,,,,,,,,,,,,,,,,,,,,,,,53.95(0.57),,,52.88(0.00),,,,,,,,,,,,,,,,,,,,63.27(0.36),63.27(0.36),,,,66.04(0.27),58.68(3.01),,54.42(nan),53.6,52.68(0.02),60.72(0.08),
Agrawal_f1_2500_to_f2_2500_w1_total5000,AUROC,,,,,,,,,,,,,,,,,,,,,,,,,,,,,,,,,,,,,,,,,,,,55.81(0.87),,,50.03(0.00),,,,,,,,,,,,,,,,,,,,68.72(0.68),68.72(0.68),,,,72.72(0.86),60.07(2.60),,45.95(nan),49.48,44.11(0.08),61.95(0.04),
Agrawal_f1_2500_to_f2_2500_w1_total5000,AUPRC,,,,,,,,,,,,,,,,,,,,,,,,,,,,,,,,,,,,,,,,,,,,49.96(1.38),,,51.66(0.45),,,,,,,,,,,,,,,,,,,,65.81(0.94),65.81(0.94),,,,68.61(2.00),54.96(2.13),,59.35(nan),46.44,42.50(0.10),58.24(0.02),
Agrawal_f1_2500_to_f2_2500_w1_total5000,Bal. Accuracy,,,,,,,,,,,,,,,,,,,,,,,,,,,,,,,,,,,,,,,,,,,,53.93(0.36),,,50.03(0.00),,,,,,,,,,,,,,,,,,,,63.16(0.37),63.16(0.37),,,,66.05(0.20),57.72(3.57),,54.03(nan),53.27,49.90(0.03),60.08(0.09),
Agrawal_f1_2500_to_f2_2500_w1_total5000,Time,,,,,,,,,,,,,,,,,,,,,,,,,,,,,,,,,,,,,,,,,,,,68.22(0.47),,,23.79(0.15),,,,,,,,,,,,,,,,,,,,28.48(1.21),28.48(1.21),,,,124.54(1.08),14.61(0.09),,0.28(nan),0.2,4.77(0.07),10.55(0.12),
Agrawal_f1_2500_to_f2_2500_w500_total5000,Num. Errors,,,,,,,,,,,,,,,,,,,,,,,,,,,,,,,,,,,,,,,,,,,,2332.67(29.67),,,2356.00(0.00),,,,,,,,,,,,,,,,,,,,1845.00(14.11),1845.00(14.11),,,,1735.00(32.79),2197.33(50.54),,2299.00(nan),2355.0,2322.00(7.00),1984.67(4.16),
Agrawal_f1_2500_to_f2_2500_w500_total5000,Accuracy,,,,,,,,,,,,,,,,,,,,,,,,,,,,,,,,,,,,,,,,,,,,53.35(0.59),,,52.88(0.00),,,,,,,,,,,,,,,,,,,,63.10(0.28),63.10(0.28),,,,65.30(0.66),56.05(1.01),,54.02(nan),52.9,53.55(0.14),60.31(0.08),
Agrawal_f1_2500_to_f2_2500_w500_total5000,AUROC,,,,,,,,,,,,,,,,,,,,,,,,,,,,,,,,,,,,,,,,,,,,55.27(1.39),,,50.03(0.00),,,,,,,,,,,,,,,,,,,,68.52(0.47),68.52(0.47),,,,71.93(1.34),58.12(1.59),,46.43(nan),49.62,45.98(0.06),61.54(0.08),
Agrawal_f1_2500_to_f2_2500_w500_total5000,AUPRC,,,,,,,,,,,,,,,,,,,,,,,,,,,,,,,,,,,,,,,,,,,,49.46(1.80),,,51.66(0.45),,,,,,,,,,,,,,,,,,,,65.64(0.69),65.64(0.69),,,,67.48(3.22),53.47(1.22),,60.10(nan),46.69,43.80(0.08),57.27(0.01),
Agrawal_f1_2500_to_f2_2500_w500_total5000,Bal. Accuracy,,,,,,,,,,,,,,,,,,,,,,,,,,,,,,,,,,,,,,,,,,,,53.33(0.38),,,50.03(0.00),,,,,,,,,,,,,,,,,,,,63.04(0.31),63.04(0.31),,,,65.27(0.49),54.44(1.03),,53.54(nan),52.56,51.00(0.14),59.65(0.10),
Agrawal_f1_2500_to_f2_2500_w500_total5000,Time,,,,,,,,,,,,,,,,,,,,,,,,,,,,,,,,,,,,,,,,,,,,62.55(0.66),,,23.90(0.14),,,,,,,,,,,,,,,,,,,,27.64(0.50),27.64(0.50),,,,123.85(0.11),14.64(0.07),,0.28(nan),0.2,4.78(0.04),10.19(0.04),
LED_f1_15000_to_f2_25000_to_f3_35000_to_f4_w1_total50000,Num. Errors,,,,,,,,,,,,,,,,,,,,,,,,,,,,,,,,,,,,,,,,,,,,24455.00(298.87),,,20864.33(142.75),,,,,,,,,,,,,,,,,,,,,14795.67(56.85),14856.67(72.57),14855.33(45.09),,15563.00(80.18),22232.67(589.03),,22166.00(0.00),24336.0,31059.00(53.81),17993.00(0.00),
LED_f1_15000_to_f2_25000_to_f3_35000_to_f4_w1_total50000,Accuracy,,,,,,,,,,,,,,,,,,,,,,,,,,,,,,,,,,,,,,,,,,,,51.09(0.60),,,58.27(0.29),,,,,,,,,,,,,,,,,,,,,70.41(0.11),70.29(0.15),70.29(0.09),,68.87(0.16),55.53(1.18),,55.67(0.00),51.33,37.88(0.11),64.01(0.00),
LED_f1_15000_to_f2_25000_to_f3_35000_to_f4_w1_total50000,AUROC,,,,,,,,,,,,,,,,,,,,,,,,,,,,,,,,,,,,,,,,,,,,51.44(1.54),,,61.68(0.38),,,,,,,,,,,,,,,,,,,,,77.71(0.05),77.66(0.07),77.68(0.08),,75.66(0.12),58.04(1.58),,44.36(0.00),54.66,47.67(0.01),69.45(0.00),
LED_f1_15000_to_f2_25000_to_f3_35000_to_f4_w1_total50000,AUPRC,,,,,,,,,,,,,,,,,,,,,,,,,,,,,,,,,,,,,,,,,,,,52.04(1.56),,,61.62(0.18),,,,,,,,,,,,,,,,,,,,,77.71(0.02),77.70(0.08),77.71(0.10),,75.20(0.14),58.83(1.70),,58.40(0.00),56.1,48.68(0.01),69.16(0.00),
LED_f1_15000_to_f2_25000_to_f3_35000_to_f4_w1_total50000,Bal. Accuracy,,,,,,,,,,,,,,,,,,,,,,,,,,,,,,,,,,,,,,,,,,,,50.42(0.73),,,58.27(0.29),,,,,,,,,,,,,,,,,,,,,70.39(0.11),70.27(0.14),70.28(0.10),,68.84(0.16),55.42(1.21),,55.65(0.00),50.63,37.98(0.11),63.97(0.00),
LED_f1_15000_to_f2_25000_to_f3_35000_to_f4_w1_total50000,Time,,,,,,,,,,,,,,,,,,,,,,,,,,,,,,,,,,,,,,,,,,,,530.10(2.69),,,317.85(88.07),,,,,,,,,,,,,,,,,,,,,711.07(173.02),514.15(11.25),547.05(22.00),,1311.03(6.92),169.32(2.42),,6.28(0.09),2.29,35.45(3.08),400.01(0.93),
LED_f1_15000_to_f2_25000_to_f3_35000_to_f4_w5000_total50000,Num. Errors,,,,,,,,,,,,,,,,,,,,,,,,,,,,,,,,,,,,,,,,,,,,24452.67(351.02),,,21089.67(109.10),,,,,,,,,,,,,,,,,,,,,15018.00(60.65),14995.67(23.25),15040.00(28.58),,15735.67(5.51),22229.00(498.91),,22105.00(0.00),24370.0,31125.67(31.50),17837.00(0.00),
LED_f1_15000_to_f2_25000_to_f3_35000_to_f4_w5000_total50000,Accuracy,,,,,,,,,,,,,,,,,,,,,,,,,,,,,,,,,,,,,,,,,,,,51.09(0.70),,,57.82(0.22),,,,,,,,,,,,,,,,,,,,,69.96(0.12),70.01(0.05),69.92(0.06),,68.53(0.01),55.54(1.00),,55.79(0.00),51.26,37.75(0.06),64.33(0.00),
LED_f1_15000_to_f2_25000_to_f3_35000_to_f4_w5000_total50000,AUROC,,,,,,,,,,,,,,,,,,,,,,,,,,,,,,,,,,,,,,,,,,,,51.52(1.57),,,60.95(0.22),,,,,,,,,,,,,,,,,,,,,77.38(0.04),77.38(0.07),77.35(0.04),,75.22(0.11),57.99(1.51),,44.23(0.00),54.76,47.67(0.01),69.75(0.00),
LED_f1_15000_to_f2_25000_to_f3_35000_to_f4_w5000_total50000,AUPRC,,,,,,,,,,,,,,,,,,,,,,,,,,,,,,,,,,,,,,,,,,,,51.94(1.48),,,60.78(0.10),,,,,,,,,,,,,,,,,,,,,77.31(0.05),77.32(0.03),77.28(0.03),,74.76(0.15),58.59(1.79),,58.26(0.00),55.98,48.88(0.01),69.59(0.00),
LED_f1_15000_to_f2_25000_to_f3_35000_to_f4_w5000_total50000,Bal. Accuracy,,,,,,,,,,,,,,,,,,,,,,,,,,,,,,,,,,,,,,,,,,,,50.45(0.83),,,57.81(0.22),,,,,,,,,,,,,,,,,,,,,69.95(0.13),70.00(0.04),69.91(0.06),,68.50(0.01),55.43(1.03),,55.77(0.00),50.59,37.83(0.06),64.29(0.00),
LED_f1_15000_to_f2_25000_to_f3_35000_to_f4_w5000_total50000,Time,,,,,,,,,,,,,,,,,,,,,,,,,,,,,,,,,,,,,,,,,,,,530.98(0.53),,,260.09(1.70),,,,,,,,,,,,,,,,,,,,,555.90(182.77),527.38(7.09),561.05(22.89),,1525.88(183.13),166.79(0.45),,6.27(0.06),2.29,29.41(2.81),400.37(0.59),
LED_f1_2500_to_f2_2500_w1_total5000,Num. Errors,,,,,,,,,,,,,,,,,,,,,,,,,,,,,,,,,,,,,,,,,,,,2486.33(48.81),,,2266.00(11.00),,,,,,,,,,,,,,,,,,,,,1590.67(7.64),1604.00(6.93),1608.33(4.51),,1741.67(45.54),2466.33(24.13),,2270.00(0.00),2296.0,2988.67(8.14),1921.00(0.00),
LED_f1_2500_to_f2_2500_w1_total5000,Accuracy,,,,,,,,,,,,,,,,,,,,,,,,,,,,,,,,,,,,,,,,,,,,50.27(0.98),,,54.68(0.22),,,,,,,,,,,,,,,,,,,,,68.19(0.15),67.92(0.14),67.83(0.09),,65.17(0.91),50.67(0.48),,54.60(0.00),54.08,40.21(0.16),61.58(0.00),
LED_f1_2500_to_f2_2500_w1_total5000,AUROC,,,,,,,,,,,,,,,,,,,,,,,,,,,,,,,,,,,,,,,,,,,,50.72(2.30),,,56.11(0.15),,,,,,,,,,,,,,,,,,,,,74.86(0.14),74.67(0.07),74.66(0.12),,70.66(0.57),50.84(0.20),,45.46(0.00),51.75,47.70(0.03),66.43(0.00),
LED_f1_2500_to_f2_2500_w1_total5000,AUPRC,,,,,,,,,,,,,,,,,,,,,,,,,,,,,,,,,,,,,,,,,,,,50.58(1.95),,,54.66(0.07),,,,,,,,,,,,,,,,,,,,,74.75(0.11),74.57(0.02),74.56(0.08),,69.47(0.72),50.46(0.51),,61.44(0.00),52.48,47.28(0.05),64.84(0.00),
LED_f1_2500_to_f2_2500_w1_total5000,Bal. Accuracy,,,,,,,,,,,,,,,,,,,,,,,,,,,,,,,,,,,,,,,,,,,,50.54(0.93),,,54.68(0.22),,,,,,,,,,,,,,,,,,,,,68.16(0.16),67.90(0.14),67.81(0.09),,65.16(0.90),50.61(0.51),,54.54(0.00),54.13,40.05(0.16),61.58(0.00),
LED_f1_2500_to_f2_2500_w1_total5000,Time,,,,,,,,,,,,,,,,,,,,,,,,,,,,,,,,,,,,,,,,,,,,59.52(3.11),,,40.31(1.21),,,,,,,,,,,,,,,,,,,,,29.63(1.98),37.42(0.57),41.97(1.24),,138.36(1.83),16.00(0.96),,0.62(0.01),0.23,3.02(0.39),40.18(0.48),
LED_f1_2500_to_f2_2500_w500_total5000,Num. Errors,,,,,,,,,,,,,,,,,,,,,,,,,,,,,,,,,,,,,,,,,,,,2493.33(55.58),,,2277.33(22.14),,,,,,,,,,,,,,,,,,,,,1585.00(10.54),1588.67(11.68),1589.67(19.86),,1685.00(21.79),2481.67(25.15),,2275.00(0.00),2321.0,2943.00(10.58),1897.00(0.00),
LED_f1_2500_to_f2_2500_w500_total5000,Accuracy,,,,,,,,,,,,,,,,,,,,,,,,,,,,,,,,,,,,,,,,,,,,50.13(1.11),,,54.45(0.44),,,,,,,,,,,,,,,,,,,,,68.30(0.21),68.23(0.23),68.21(0.40),,66.30(0.44),50.37(0.50),,54.50(0.00),53.58,41.13(0.21),62.06(0.00),
LED_f1_2500_to_f2_2500_w500_total5000,AUROC,,,,,,,,,,,,,,,,,,,,,,,,,,,,,,,,,,,,,,,,,,,,50.39(2.45),,,55.74(0.29),,,,,,,,,,,,,,,,,,,,,75.10(0.17),75.02(0.15),75.03(0.20),,71.29(0.42),50.45(0.88),,45.57(0.00),52.42,46.89(0.02),66.94(0.00),
LED_f1_2500_to_f2_2500_w500_total5000,AUPRC,,,,,,,,,,,,,,,,,,,,,,,,,,,,,,,,,,,,,,,,,,,,50.35(2.04),,,54.51(0.10),,,,,,,,,,,,,,,,,,,,,74.86(0.07),74.75(0.13),74.83(0.10),,70.02(0.71),50.34(0.94),,61.58(0.00),52.31,46.78(0.06),65.34(0.00),
LED_f1_2500_to_f2_2500_w500_total5000,Bal. Accuracy,,,,,,,,,,,,,,,,,,,,,,,,,,,,,,,,,,,,,,,,,,,,50.40(1.08),,,54.45(0.44),,,,,,,,,,,,,,,,,,,,,68.28(0.21),68.21(0.23),68.19(0.40),,66.30(0.42),50.29(0.39),,54.44(0.00),53.61,40.95(0.21),62.05(0.00),
LED_f1_2500_to_f2_2500_w500_total5000,Time,,,,,,,,,,,,,,,,,,,,,,,,,,,,,,,,,,,,,,,,,,,,52.37(0.49),,,27.92(1.64),,,,,,,,,,,,,,,,,,,,,59.59(2.88),40.02(1.01),41.84(1.42),,127.11(0.20),16.40(0.17),,0.64(0.03),0.22,3.34(0.13),40.42(0.51),
LUdata,Num. Errors,694.00(nan),440.00(nan),456.00(nan),583.00(nan),449.00(nan),448.00(nan),440.00(nan),440.00(nan),450.00(nan),442.00(nan),442.80(11.76),432.40(14.71),631.00(nan),455.00(nan),449.00(nan),620.00(nan),454.00(nan),441.00(nan),441.00(nan),435.20(19.79),438.00(20.81),437.00(18.04),436.00(19.56),435.80(17.85),441.60(19.76),437.00(20.25),457.00(nan),436.60(21.22),447.00(nan),451.00(nan),461.00(nan),449.00(nan),618.40(20.45),439.60(11.63),620.40(21.58),450.00(nan),453.00(nan),439.80(12.15),458.00(nan),444.80(10.94),694.00(nan),687.00(nan),439.00(nan),927.00(10.46),869.80(49.68),473.60(8.17),691.40(11.55),441.00(nan),433.60(1.52),718.00(nan),427.00(0.00),621.00(nan),429.80(5.63),714.00(nan),422.00(5.70),672.00(nan),454.00(nan),439.00(nan),440.00(nan),438.00(nan),643.00(nan),462.00(nan),464.00(nan),461.00(nan),456.00(nan),442.00(nan),443.40(8.08),443.40(8.08),441.00(15.60),440.60(14.57),439.60(17.42),584.40(23.46),943.20(27.86),864.00(nan),813.00(nan),760.0,1079.60(13.97),525.00(0.00),
LUdata,Accuracy,63.49(nan),76.85(nan),76.01(nan),69.33(nan),76.38(nan),76.43(nan),76.85(nan),76.85(nan),76.33(nan),76.75(nan),76.71(0.62),77.25(0.77),66.81(nan),76.07(nan),76.38(nan),67.39(nan),76.12(nan),76.80(nan),76.80(nan),77.11(1.04),76.96(1.09),77.01(0.95),77.06(1.03),77.08(0.94),76.77(1.04),77.01(1.07),75.96(nan),77.03(1.12),76.49(nan),76.28(nan),75.75(nan),76.38(nan),67.47(1.08),76.88(0.61),67.36(1.14),76.33(nan),76.17(nan),76.86(0.64),75.91(nan),76.60(0.58),63.49(nan),63.86(nan),76.91(nan),51.24(0.55),54.25(2.61),75.09(0.43),63.63(0.61),76.80(nan),77.19(0.08),62.23(nan),77.54(0.00),67.33(nan),77.39(0.30),62.44(nan),77.80(0.30),64.65(nan),76.12(nan),76.91(nan),76.85(nan),76.96(nan),66.18(nan),75.70(nan),75.59(nan),75.75(nan),76.01(nan),76.75(nan),76.68(0.43),76.68(0.43),76.80(0.82),76.82(0.77),76.88(0.92),69.26(1.23),50.38(1.47),54.55(nan),57.23(nan),60.02,43.18(0.74),72.38(0.00),
LUdata,AUROC,68.01(nan),87.35(nan),85.73(nan),76.06(nan),86.54(nan),86.34(nan),86.66(nan),86.66(nan),86.69(nan),86.76(nan),86.83(0.35),86.67(0.41),71.57(nan),86.79(nan),86.91(nan),72.14(nan),86.75(nan),86.67(nan),86.67(nan),86.58(0.46),86.56(0.45),86.57(0.44),86.58(0.47),86.58(0.42),86.50(0.46),86.58(0.45),86.67(nan),86.57(0.48),86.26(nan),86.75(nan),86.66(nan),86.71(nan),72.32(0.34),86.70(0.36),72.24(0.41),86.65(nan),86.54(nan),86.71(0.34),86.69(nan),86.66(0.34),67.96(nan),67.39(nan),87.35(nan),49.66(3.37),61.04(6.59),85.09(0.26),67.05(0.34),85.20(nan),87.30(0.11),67.35(nan),88.22(0.00),68.57(nan),87.41(0.10),67.53(nan),87.40(0.12),69.11(nan),85.96(nan),87.09(nan),87.16(nan),87.17(nan),69.80(nan),86.47(nan),86.51(nan),86.58(nan),86.54(nan),87.19(nan),86.67(0.25),86.67(0.25),86.77(0.32),86.80(0.30),86.86(0.20),77.82(1.94),49.62(1.10),60.82(nan),42.92(nan),53.55,45.47(0.45),81.79(0.00),
LUdata,AUPRC,72.42(nan),87.06(nan),85.55(nan),78.04(nan),86.42(nan),86.32(nan),86.53(nan),86.53(nan),86.63(nan),86.65(nan),86.86(0.25),86.68(0.29),76.33(nan),86.66(nan),86.78(nan),76.79(nan),86.68(nan),86.42(nan),86.42(nan),86.50(0.27),86.49(0.26),86.49(0.25),86.49(0.26),86.51(0.24),86.50(0.33),86.50(0.25),86.64(nan),86.49(0.28),85.86(nan),86.76(nan),86.66(nan),86.68(nan),77.15(0.49),86.74(0.29),77.13(0.53),86.55(nan),86.46(nan),86.76(0.27),86.68(nan),86.72(0.27),68.86(nan),71.49(nan),87.18(nan),49.14(3.64),58.43(5.88),85.24(0.26),69.54(0.23),84.65(nan),87.41(0.10),70.63(nan),88.03(0.00),73.98(nan),87.51(0.09),70.97(nan),87.47(0.09),71.45(nan),85.99(nan),87.04(nan),87.12(nan),87.11(nan),75.29(nan),86.44(nan),86.53(nan),86.56(nan),86.47(nan),86.85(nan),86.70(0.21),86.70(0.21),86.85(0.23),86.86(0.29),86.89(0.11),75.99(1.97),48.39(1.08),56.35(nan),57.66(nan),53.15,44.91(0.33),82.66(0.00),
LUdata,Bal. Accuracy,63.21(nan),76.78(nan),75.99(nan),68.98(nan),76.32(nan),76.35(nan),76.79(nan),76.79(nan),76.28(nan),76.68(nan),76.66(0.62),77.20(0.79),66.33(nan),76.00(nan),76.31(nan),66.91(nan),76.04(nan),76.74(nan),76.74(nan),77.06(1.05),76.91(1.10),76.97(0.96),77.02(1.04),77.02(0.94),76.73(1.04),76.97(1.07),75.88(nan),76.99(1.12),76.40(nan),76.21(nan),75.67(nan),76.30(nan),67.02(0.99),76.83(0.63),66.91(1.05),76.27(nan),76.12(nan),76.82(0.65),75.84(nan),76.55(0.59),63.31(nan),63.54(nan),76.81(nan),49.88(0.49),53.09(2.72),75.04(0.45),63.37(0.59),76.67(nan),77.13(0.08),62.04(nan),77.27(0.00),66.72(nan),77.33(0.29),62.23(nan),77.74(0.30),64.46(nan),76.02(nan),76.86(nan),76.80(nan),76.90(nan),65.74(nan),75.63(nan),75.53(nan),75.70(nan),75.98(nan),76.64(nan),76.64(0.48),76.64(0.48),76.77(0.87),76.81(0.79),76.84(0.91),69.17(1.22),49.70(0.67),53.87(nan),57.10(nan),59.93,42.58(0.74),72.16(0.00),
LUdata,Time,1.03(nan),1.12(nan),1.36(nan),6.54(nan),17.46(nan),20.04(nan),21.59(nan),20.86(nan),10.38(nan),24.75(nan),2.01(0.00),9.04(0.22),5.22(nan),5.13(nan),2.99(nan),6.29(nan),6.21(nan),23.34(nan),23.68(nan),3.73(0.07),4.20(0.10),3.67(0.01),5.75(0.07),4.39(0.03),2.93(0.02),3.75(0.14),10.01(nan),1.71(0.05),6.68(nan),22.17(nan),17.68(nan),9.82(nan),13.19(1.02),8.37(0.37),8.81(0.22),14.93(nan),17.44(nan),9.88(0.93),9.65(nan),9.29(0.77),5.38(nan),5.00(nan),4.65(nan),20.12(0.11),19.79(0.03),8.40(0.23),9.94(0.09),9.39(nan),14.09(0.10),25.34(nan),29.70(0.39),11.73(nan),13.82(0.03),14.12(nan),91.73(0.38),91.52(nan),7.92(nan),7.90(nan),6.83(nan),6.84(nan),1.50(nan),1.59(nan),2.57(nan),3.19(nan),4.51(nan),9.87(nan),9.05(0.25),10.67(0.11),18.96(1.32),13.01(0.41),25.57(0.50),52.29(0.09),8.41(0.73),6.95(nan),0.30(nan),0.09,1.76(0.01),20.46(0.38),
SEA_f1_15000_to_f2_25000_to_f3_35000_to_f4_w1_total50000,Num. Errors,,,,,,,,,,,,,,,,,,,,,,,,,,,,,,,,,,,,,,,,,,,,19646.33(216.15),,,15304.00(153.39),,,,,,,,,,,,,,,,,,,,13146.67(13.32),13146.67(13.32),13110.00(15.52),13219.67(15.82),,13616.67(84.64),16522.33(171.41),,23878.00(nan),19789.0,23505.67(47.12),16264.00(0.00),
SEA_f1_15000_to_f2_25000_to_f3_35000_to_f4_w1_total50000,Accuracy,,,,,,,,,,,,,,,,,,,,,,,,,,,,,,,,,,,,,,,,,,,,60.71(0.43),,,69.39(0.31),,,,,,,,,,,,,,,,,,,,73.71(0.03),73.71(0.03),73.78(0.03),73.56(0.03),,72.77(0.17),66.96(0.34),,52.24(nan),60.42,52.99(0.09),67.47(0.00),
SEA_f1_15000_to_f2_25000_to_f3_35000_to_f4_w1_total50000,AUROC,,,,,,,,,,,,,,,,,,,,,,,,,,,,,,,,,,,,,,,,,,,,62.64(5.43),,,74.09(0.64),,,,,,,,,,,,,,,,,,,,79.07(0.06),79.07(0.06),79.20(0.02),79.20(0.02),,78.55(0.14),72.35(0.35),,49.01(nan),68.89,46.75(0.13),73.07(0.00),
SEA_f1_15000_to_f2_25000_to_f3_35000_to_f4_w1_total50000,AUPRC,,,,,,,,,,,,,,,,,,,,,,,,,,,,,,,,,,,,,,,,,,,,73.02(3.19),,,79.72(0.47),,,,,,,,,,,,,,,,,,,,83.11(0.06),83.11(0.06),83.16(0.05),83.18(0.04),,82.57(0.09),78.97(0.09),,68.43(nan),78.0,57.65(0.11),79.60(0.00),
SEA_f1_15000_to_f2_25000_to_f3_35000_to_f4_w1_total50000,Bal. Accuracy,,,,,,,,,,,,,,,,,,,,,,,,,,,,,,,,,,,,,,,,,,,,50.85(1.08),,,65.95(0.36),,,,,,,,,,,,,,,,,,,,70.41(0.05),70.41(0.05),70.47(0.07),70.82(0.10),,69.68(0.17),63.20(0.33),,50.99(nan),51.37,44.89(0.11),63.45(0.00),
SEA_f1_15000_to_f2_25000_to_f3_35000_to_f4_w1_total50000,Time,,,,,,,,,,,,,,,,,,,,,,,,,,,,,,,,,,,,,,,,,,,,557.56(29.02),,,240.29(0.04),,,,,,,,,,,,,,,,,,,,666.21(205.50),666.21(205.50),353.91(7.35),404.64(9.28),,1202.48(0.82),147.19(0.60),,1.43(nan),1.87,95.65(0.73),44.34(1.95),
SEA_f1_15000_to_f2_25000_to_f3_35000_to_f4_w5000_total50000,Num. Errors,,,,,,,,,,,,,,,,,,,,,,,,,,,,,,,,,,,,,,,,,,,,19654.67(210.07),,,15454.33(102.84),,,,,,,,,,,,,,,,,,,,13529.67(39.50),13529.67(39.50),13503.00(8.00),13560.33(37.63),,13951.00(98.81),16634.67(204.29),,24119.00(nan),19716.0,23444.67(64.47),16407.00(0.00),
SEA_f1_15000_to_f2_25000_to_f3_35000_to_f4_w5000_total50000,Accuracy,,,,,,,,,,,,,,,,,,,,,,,,,,,,,,,,,,,,,,,,,,,,60.69(0.42),,,69.09(0.21),,,,,,,,,,,,,,,,,,,,72.94(0.08),72.94(0.08),72.99(0.02),72.88(0.08),,72.10(0.20),66.73(0.41),,51.76(nan),60.57,53.11(0.13),67.19(0.00),
SEA_f1_15000_to_f2_25000_to_f3_35000_to_f4_w5000_total50000,AUROC,,,,,,,,,,,,,,,,,,,,,,,,,,,,,,,,,,,,,,,,,,,,62.21(5.60),,,73.52(0.18),,,,,,,,,,,,,,,,,,,,78.14(0.07),78.14(0.07),78.23(0.02),78.22(0.01),,77.46(0.13),71.83(0.40),,49.60(nan),68.15,45.97(0.07),72.38(0.00),
SEA_f1_15000_to_f2_25000_to_f3_35000_to_f4_w5000_total50000,AUPRC,,,,,,,,,,,,,,,,,,,,,,,,,,,,,,,,,,,,,,,,,,,,72.54(3.20),,,79.11(0.16),,,,,,,,,,,,,,,,,,,,82.32(0.07),82.32(0.07),82.36(0.03),82.36(0.01),,81.71(0.11),78.47(0.20),,68.77(nan),77.25,57.03(0.07),78.89(0.00),
SEA_f1_15000_to_f2_25000_to_f3_35000_to_f4_w5000_total50000,Bal. Accuracy,,,,,,,,,,,,,,,,,,,,,,,,,,,,,,,,,,,,,,,,,,,,50.73(0.94),,,65.48(0.15),,,,,,,,,,,,,,,,,,,,69.68(0.05),69.68(0.05),69.68(0.05),70.10(0.04),,68.91(0.22),62.70(0.33),,50.40(nan),51.15,44.99(0.10),63.03(0.00),
SEA_f1_15000_to_f2_25000_to_f3_35000_to_f4_w5000_total50000,Time,,,,,,,,,,,,,,,,,,,,,,,,,,,,,,,,,,,,,,,,,,,,567.77(39.75),,,240.91(0.23),,,,,,,,,,,,,,,,,,,,356.93(42.39),356.93(42.39),362.60(4.82),406.93(6.05),,1202.75(0.61),147.60(0.27),,1.51(nan),1.87,97.50(3.32),42.65(2.60),
SEA_f1_2500_to_f2_2500_w1_total5000,Num. Errors,,,,,,,,,,,,,,,,,,,,,,,,,,,,,,,,,,,,,,,,,,,,2060.00(51.86),,,1629.00(16.09),,,,,,,,,,,,,,,,,,,,1343.33(9.45),1343.33(9.45),1335.67(11.59),1351.00(11.36),,1450.33(23.86),1935.00(17.58),,2425.00(nan),1985.0,2444.33(25.03),1663.00(0.00),
SEA_f1_2500_to_f2_2500_w1_total5000,Accuracy,,,,,,,,,,,,,,,,,,,,,,,,,,,,,,,,,,,,,,,,,,,,58.80(1.04),,,67.42(0.32),,,,,,,,,,,,,,,,,,,,73.13(0.19),73.13(0.19),73.29(0.23),72.98(0.23),,70.99(0.48),61.30(0.35),,51.50(nan),60.3,51.10(0.50),66.74(0.00),
SEA_f1_2500_to_f2_2500_w1_total5000,AUROC,,,,,,,,,,,,,,,,,,,,,,,,,,,,,,,,,,,,,,,,,,,,59.11(6.92),,,71.60(0.41),,,,,,,,,,,,,,,,,,,,77.17(0.21),77.17(0.21),77.45(0.22),77.44(0.20),,75.47(0.45),66.15(0.83),,49.77(nan),63.62,44.03(0.34),72.26(0.00),
SEA_f1_2500_to_f2_2500_w1_total5000,AUPRC,,,,,,,,,,,,,,,,,,,,,,,,,,,,,,,,,,,,,,,,,,,,69.91(4.23),,,77.35(0.20),,,,,,,,,,,,,,,,,,,,80.87(0.22),80.87(0.22),80.97(0.20),80.96(0.17),,79.47(0.48),74.99(0.86),,68.82(nan),73.83,55.94(0.29),78.27(0.00),
SEA_f1_2500_to_f2_2500_w1_total5000,Bal. Accuracy,,,,,,,,,,,,,,,,,,,,,,,,,,,,,,,,,,,,,,,,,,,,49.21(0.84),,,63.68(0.40),,,,,,,,,,,,,,,,,,,,69.89(0.20),69.89(0.20),70.00(0.14),70.30(0.13),,67.90(0.50),53.19(0.44),,50.24(nan),50.03,43.78(0.39),62.67(0.00),
SEA_f1_2500_to_f2_2500_w1_total5000,Time,,,,,,,,,,,,,,,,,,,,,,,,,,,,,,,,,,,,,,,,,,,,52.94(0.21),,,40.68(0.32),,,,,,,,,,,,,,,,,,,,35.98(0.77),29.12(1.95),28.56(3.13),31.35(2.05),,120.65(8.98),15.09(0.06),,0.14(nan),0.18,4.92(0.08),4.58(0.10),
SEA_f1_2500_to_f2_2500_w500_total5000,Num. Errors,,,,,,,,,,,,,,,,,,,,,,,,,,,,,,,,,,,,,,,,,,,,2061.00(53.45),,,1648.67(2.89),,,,,,,,,,,,,,,,,,,,1354.33(9.45),1354.33(9.45),1353.67(8.39),1366.00(10.54),,1470.67(20.03),1944.00(4.00),,2390.00(nan),1985.0,2458.67(5.03),1649.00(0.00),
SEA_f1_2500_to_f2_2500_w500_total5000,Accuracy,,,,,,,,,,,,,,,,,,,,,,,,,,,,,,,,,,,,,,,,,,,,58.78(1.07),,,67.03(0.06),,,,,,,,,,,,,,,,,,,,72.91(0.19),72.91(0.19),72.93(0.17),72.68(0.21),,70.59(0.40),61.12(0.08),,52.20(nan),60.3,50.82(0.10),67.02(0.00),
SEA_f1_2500_to_f2_2500_w500_total5000,AUROC,,,,,,,,,,,,,,,,,,,,,,,,,,,,,,,,,,,,,,,,,,,,58.51(7.15),,,71.02(0.57),,,,,,,,,,,,,,,,,,,,77.23(0.22),77.23(0.22),77.47(0.27),77.47(0.25),,75.54(0.37),65.92(0.70),,49.16(nan),63.41,43.99(0.27),72.11(0.00),
SEA_f1_2500_to_f2_2500_w500_total5000,AUPRC,,,,,,,,,,,,,,,,,,,,,,,,,,,,,,,,,,,,,,,,,,,,69.55(4.15),,,77.37(0.34),,,,,,,,,,,,,,,,,,,,81.21(0.17),81.21(0.17),81.37(0.17),81.37(0.16),,80.06(0.44),74.88(0.64),,68.27(nan),73.92,55.65(0.14),78.27(0.00),
SEA_f1_2500_to_f2_2500_w500_total5000,Bal. Accuracy,,,,,,,,,,,,,,,,,,,,,,,,,,,,,,,,,,,,,,,,,,,,49.21(0.85),,,63.36(0.35),,,,,,,,,,,,,,,,,,,,69.55(0.21),69.55(0.21),69.50(0.07),70.01(0.13),,67.63(0.53),52.71(0.32),,50.85(nan),50.03,43.52(0.06),62.80(0.00),
SEA_f1_2500_to_f2_2500_w500_total5000,Time,,,,,,,,,,,,,,,,,,,,,,,,,,,,,,,,,,,,,,,,,,,,57.13(0.10),,,24.02(0.09),,,,,,,,,,,,,,,,,,,,34.30(1.99),34.30(1.99),27.57(1.46),31.15(1.83),,120.27(0.19),14.58(0.05),,0.14(nan),0.19,4.92(0.08),4.70(0.19),
STAGGER_f1_20000_to_f2_40000_to_f3_w1_total50000,Num. Errors,,,,,,,,,,,,,,,,,,,,,,,,,,,,,,,,,,,,,,,,,,,,14960.33(270.18),,,8807.00(106.90),,,,,,,,,,,,,,,,,,,,7716.33(16.56),7713.67(30.89),7692.33(18.15),8095.00(14.80),,7747.00(23.64),12406.67(332.99),,15952.00(nan),17789.0,19936.33(19.86),11300.00(0.00),
STAGGER_f1_20000_to_f2_40000_to_f3_w1_total50000,Accuracy,,,,,,,,,,,,,,,,,,,,,,,,,,,,,,,,,,,,,,,,,,,,70.08(0.54),,,82.39(0.21),,,,,,,,,,,,,,,,,,,,84.57(0.03),84.57(0.06),84.62(0.04),83.81(0.03),,84.51(0.05),75.19(0.67),,68.10(nan),64.42,60.13(0.04),77.40(0.00),
STAGGER_f1_20000_to_f2_40000_to_f3_w1_total50000,AUROC,,,,,,,,,,,,,,,,,,,,,,,,,,,,,,,,,,,,,,,,,,,,69.41(2.95),,,91.79(0.10),,,,,,,,,,,,,,,,,,,,93.17(0.01),93.16(0.01),93.21(0.06),93.11(0.04),,92.62(0.06),79.03(0.54),,33.10(nan),36.75,44.43(0.19),86.05(0.00),
STAGGER_f1_20000_to_f2_40000_to_f3_w1_total50000,AUPRC,,,,,,,,,,,,,,,,,,,,,,,,,,,,,,,,,,,,,,,,,,,,56.20(5.39),,,89.28(0.15),,,,,,,,,,,,,,,,,,,,91.32(0.01),91.31(0.02),91.31(0.13),91.23(0.05),,90.69(0.10),70.08(0.09),,44.95(nan),31.49,35.69(0.14),79.63(0.00),
STAGGER_f1_20000_to_f2_40000_to_f3_w1_total50000,Bal. Accuracy,,,,,,,,,,,,,,,,,,,,,,,,,,,,,,,,,,,,,,,,,,,,70.81(0.80),,,81.49(0.20),,,,,,,,,,,,,,,,,,,,82.72(0.07),82.73(0.05),82.80(0.08),83.11(0.03),,82.74(0.04),73.54(0.62),,66.90(nan),57.46,50.32(0.05),76.41(0.00),
STAGGER_f1_20000_to_f2_40000_to_f3_w1_total50000,Time,,,,,,,,,,,,,,,,,,,,,,,,,,,,,,,,,,,,,,,,,,,,703.53(15.00),,,275.53(29.95),,,,,,,,,,,,,,,,,,,,297.45(5.88),316.06(27.01),323.95(9.51),355.75(8.62),,1244.48(1.45),156.91(6.64),,1.47(nan),1.8,5.38(0.18),70.68(0.75),
STAGGER_f1_20000_to_f2_40000_to_f3_w5000_total50000,Num. Errors,,,,,,,,,,,,,,,,,,,,,,,,,,,,,,,,,,,,,,,,,,,,15538.33(96.17),,,9663.33(22.59),,,,,,,,,,,,,,,,,,,,8764.00(26.89),8764.00(26.89),8734.33(5.13),9134.33(47.00),,8889.33(34.39),12534.00(366.16),,16374.00(nan),17810.0,19980.33(11.02),11479.00(0.00),
STAGGER_f1_20000_to_f2_40000_to_f3_w5000_total50000,Accuracy,,,,,,,,,,,,,,,,,,,,,,,,,,,,,,,,,,,,,,,,,,,,68.92(0.19),,,80.67(0.05),,,,,,,,,,,,,,,,,,,,82.47(0.05),82.47(0.05),82.53(0.01),81.73(0.09),,82.22(0.07),74.93(0.73),,67.25(nan),64.38,60.04(0.02),77.04(0.00),
STAGGER_f1_20000_to_f2_40000_to_f3_w5000_total50000,AUROC,,,,,,,,,,,,,,,,,,,,,,,,,,,,,,,,,,,,,,,,,,,,67.91(3.36),,,89.48(0.10),,,,,,,,,,,,,,,,,,,,91.05(0.01),91.05(0.01),91.17(0.03),91.08(0.04),,90.56(0.07),79.55(0.82),,34.20(nan),37.16,46.19(0.10),85.50(0.00),
STAGGER_f1_20000_to_f2_40000_to_f3_w5000_total50000,AUPRC,,,,,,,,,,,,,,,,,,,,,,,,,,,,,,,,,,,,,,,,,,,,57.00(1.50),,,86.42(0.14),,,,,,,,,,,,,,,,,,,,88.64(0.04),88.64(0.04),88.77(0.03),88.63(0.04),,87.96(0.09),72.65(1.31),,46.33(nan),31.81,37.08(0.08),79.30(0.00),
STAGGER_f1_20000_to_f2_40000_to_f3_w5000_total50000,Bal. Accuracy,,,,,,,,,,,,,,,,,,,,,,,,,,,,,,,,,,,,,,,,,,,,67.68(1.18),,,79.35(0.04),,,,,,,,,,,,,,,,,,,,80.44(0.10),80.44(0.10),80.55(0.06),81.05(0.04),,80.32(0.08),73.15(0.64),,65.80(nan),57.49,50.30(0.02),75.94(0.00),
STAGGER_f1_20000_to_f2_40000_to_f3_w5000_total50000,Time,,,,,,,,,,,,,,,,,,,,,,,,,,,,,,,,,,,,,,,,,,,,526.60(14.51),,,241.02(0.17),,,,,,,,,,,,,,,,,,,,311.19(3.58),311.19(3.58),331.50(9.54),380.11(3.34),,1201.91(0.75),147.30(0.61),,1.49(nan),1.87,5.44(0.07),70.82(0.42),
STAGGER_f1_2500_to_f2_2500_w1_total5000,Num. Errors,,,,,,,,,,,,,,,,,,,,,,,,,,,,,,,,,,,,,,,,,,,,2185.33(211.91),,,1156.00(17.00),,,,,,,,,,,,,,,,,,,,868.67(12.22),868.67(12.22),872.00(7.94),946.00(6.56),,949.67(26.27),1572.00(14.73),,1497.00(nan),1649.0,1648.33(0.58),1345.00(0.00),
STAGGER_f1_2500_to_f2_2500_w1_total5000,Accuracy,,,,,,,,,,,,,,,,,,,,,,,,,,,,,,,,,,,,,,,,,,,,56.29(4.24),,,76.88(0.34),,,,,,,,,,,,,,,,,,,,82.63(0.24),82.63(0.24),82.56(0.16),81.08(0.13),,81.01(0.53),68.56(0.29),,70.06(nan),67.02,67.03(0.01),73.10(0.00),
STAGGER_f1_2500_to_f2_2500_w1_total5000,AUROC,,,,,,,,,,,,,,,,,,,,,,,,,,,,,,,,,,,,,,,,,,,,43.15(5.30),,,84.15(0.33),,,,,,,,,,,,,,,,,,,,88.51(0.25),88.51(0.25),89.04(0.25),88.87(0.29),,88.26(0.19),60.69(0.55),,35.26(nan),59.62,41.67(0.51),80.55(0.00),
STAGGER_f1_2500_to_f2_2500_w1_total5000,AUPRC,,,,,,,,,,,,,,,,,,,,,,,,,,,,,,,,,,,,,,,,,,,,28.76(4.33),,,71.59(0.78),,,,,,,,,,,,,,,,,,,,83.28(0.25),83.28(0.25),83.79(0.23),83.53(0.27),,82.19(0.47),46.49(0.89),,45.42(nan),40.36,27.40(0.27),66.79(0.00),
STAGGER_f1_2500_to_f2_2500_w1_total5000,Bal. Accuracy,,,,,,,,,,,,,,,,,,,,,,,,,,,,,,,,,,,,,,,,,,,,43.65(2.50),,,72.97(0.41),,,,,,,,,,,,,,,,,,,,75.40(0.22),75.40(0.22),75.38(0.09),76.06(0.30),,74.72(0.36),53.69(0.89),,64.73(nan),49.99,50.00(0.00),70.17(0.00),
STAGGER_f1_2500_to_f2_2500_w1_total5000,Time,,,,,,,,,,,,,,,,,,,,,,,,,,,,,,,,,,,,,,,,,,,,57.87(0.29),,,24.14(0.07),,,,,,,,,,,,,,,,,,,,24.99(0.97),24.99(0.97),26.37(0.04),29.33(1.16),,120.27(0.31),14.93(0.09),,0.14(nan),0.18,0.54(0.02),7.11(0.05),
STAGGER_f1_2500_to_f2_2500_w500_total5000,Num. Errors,,,,,,,,,,,,,,,,,,,,,,,,,,,,,,,,,,,,,,,,,,,,2182.33(211.49),,,1205.00(12.53),,,,,,,,,,,,,,,,,,,,890.33(7.51),890.33(7.51),888.67(1.53),961.33(2.52),,959.00(24.88),1574.00(8.66),,1520.00(nan),1649.0,1648.33(0.58),1385.00(0.00),
STAGGER_f1_2500_to_f2_2500_w500_total5000,Accuracy,,,,,,,,,,,,,,,,,,,,,,,,,,,,,,,,,,,,,,,,,,,,56.35(4.23),,,75.90(0.25),,,,,,,,,,,,,,,,,,,,82.19(0.15),82.19(0.15),82.23(0.03),80.77(0.05),,80.82(0.50),68.52(0.17),,69.60(nan),67.02,67.03(0.01),72.30(0.00),
STAGGER_f1_2500_to_f2_2500_w500_total5000,AUROC,,,,,,,,,,,,,,,,,,,,,,,,,,,,,,,,,,,,,,,,,,,,43.46(6.54),,,82.82(0.30),,,,,,,,,,,,,,,,,,,,87.32(0.16),87.32(0.16),87.82(0.18),87.69(0.22),,86.76(0.20),60.36(0.32),,36.25(nan),59.43,42.93(0.54),79.30(0.00),
STAGGER_f1_2500_to_f2_2500_w500_total5000,AUPRC,,,,,,,,,,,,,,,,,,,,,,,,,,,,,,,,,,,,,,,,,,,,29.55(5.92),,,71.61(0.54),,,,,,,,,,,,,,,,,,,,82.01(0.15),82.01(0.15),82.43(0.22),82.23(0.24),,80.81(0.23),46.37(0.45),,46.65(nan),40.71,28.15(0.34),64.53(0.00),
STAGGER_f1_2500_to_f2_2500_w500_total5000,Bal. Accuracy,,,,,,,,,,,,,,,,,,,,,,,,,,,,,,,,,,,,,,,,,,,,43.70(2.52),,,70.80(0.22),,,,,,,,,,,,,,,,,,,,74.88(0.14),74.88(0.14),74.92(0.20),75.97(0.31),,73.69(0.50),53.67(0.56),,63.74(nan),49.99,50.00(0.00),66.99(0.00),
STAGGER_f1_2500_to_f2_2500_w500_total5000,Time,,,,,,,,,,,,,,,,,,,,,,,,,,,,,,,,,,,,,,,,,,,,57.82(0.24),,,23.90(0.14),,,,,,,,,,,,,,,,,,,,24.56(0.81),24.56(0.81),26.84(1.86),28.93(0.64),,120.20(0.10),14.70(0.03),,0.14(nan),0.18,0.53(0.01),7.11(0.08),
a8a,Num. Errors,6104.00(nan),5990.00(nan),6118.00(nan),6425.00(nan),5985.00(nan),6029.00(nan),6318.00(nan),6312.00(nan),5953.00(nan),6412.00(nan),6001.80(16.77),5990.00(13.55),6085.00(nan),5979.00(nan),5998.00(nan),6156.00(nan),6027.00(nan),6329.00(nan),6329.00(nan),5968.00(15.60),5986.80(26.51),5986.40(11.87),5984.40(14.81),5995.80(21.00),5985.60(16.47),5986.20(21.09),5955.00(nan),5980.20(26.71),6302.00(nan),5995.00(nan),5981.00(nan),5998.00(nan),6123.00(29.93),5993.20(11.61),6123.80(16.33),5964.00(nan),5972.00(nan),5989.80(29.69),5975.00(nan),5987.40(28.01),6369.00(nan),6106.00(nan),5962.00(nan),6701.20(108.60),6208.40(36.49),6127.40(41.25),7205.60(62.84),6306.00(nan),6326.60(7.16),6262.00(nan),6114.00(0.00),6751.00(nan),6291.20(28.07),6253.00(nan),6323.40(25.60),6273.00(nan),6356.00(nan),5957.00(nan),5960.00(nan),5943.00(nan),6136.00(nan),5971.00(nan),6008.00(nan),5991.00(nan),6111.00(nan),5990.00(nan),5981.40(20.50),5939.20(10.13),5941.40(23.80),6138.40(28.51),5964.20(27.82),6542.60(35.30),7376.20(180.57),6300.00(nan),7661.00(0.00),7513.0,7844.00(0.00),6256.00(0.00),6486.20(25.26)
a8a,Accuracy,81.25(nan),81.60(nan),81.21(nan),80.27(nan),81.62(nan),81.48(nan),80.60(nan),80.61(nan),81.72(nan),80.31(nan),81.57(0.05),81.60(0.04),81.31(nan),81.64(nan),81.58(nan),81.09(nan),81.49(nan),80.56(nan),80.56(nan),81.67(0.05),81.61(0.08),81.61(0.04),81.62(0.05),81.59(0.06),81.62(0.05),81.62(0.06),81.71(nan),81.63(0.08),80.65(nan),81.59(nan),81.63(nan),81.58(nan),81.20(0.09),81.59(0.04),81.19(0.05),81.68(nan),81.66(nan),81.60(0.09),81.65(nan),81.61(0.09),80.44(nan),81.25(nan),81.69(nan),79.42(0.33),80.93(0.11),81.18(0.13),77.87(0.19),80.63(nan),80.57(0.02),80.77(nan),81.22(0.00),79.27(nan),80.68(0.09),80.80(nan),80.58(0.08),80.73(nan),80.48(nan),81.71(nan),81.70(nan),81.75(nan),81.16(nan),81.66(nan),81.55(nan),81.60(nan),81.23(nan),81.60(nan),81.63(0.06),81.76(0.03),81.75(0.07),81.15(0.09),81.68(0.09),79.91(0.11),77.35(0.55),80.65(nan),76.47(0.00),76.93,75.91(0.00),80.79(0.00),80.08(0.08)
a8a,AUROC,84.30(nan),85.18(nan),84.43(nan),83.07(nan),85.05(nan),84.76(nan),83.67(nan),83.70(nan),84.96(nan),83.70(nan),84.96(0.03),85.00(0.02),84.12(nan),84.99(nan),84.96(nan),83.78(nan),84.80(nan),83.80(nan),83.80(nan),85.14(0.03),85.13(0.04),85.13(0.02),85.13(0.03),85.11(0.04),85.09(0.03),85.12(0.04),85.04(nan),85.17(0.03),83.61(nan),84.97(nan),85.04(nan),85.01(nan),84.09(0.03),84.95(0.03),84.14(0.05),85.00(nan),85.06(nan),84.94(0.06),84.97(nan),84.94(0.08),83.10(nan),84.14(nan),85.19(nan),79.39(1.25),83.26(0.36),84.35(0.08),80.51(0.23),84.16(nan),83.76(0.06),83.47(nan),84.75(0.00),82.87(nan),84.02(0.03),83.62(nan),84.04(0.03),83.61(nan),83.12(nan),85.22(nan),85.29(nan),85.29(nan),84.14(nan),85.20(nan),85.09(nan),85.16(nan),84.51(nan),85.09(nan),84.96(0.05),85.41(0.04),85.42(0.04),85.45(0.03),85.01(0.04),81.69(0.10),72.34(2.56),80.51(nan),45.36(0.00),69.63,47.29(0.06),84.18(0.00),83.02(0.13)
a8a,AUPRC,94.31(nan),94.54(nan),94.25(nan),93.75(nan),94.47(nan),94.33(nan),93.92(nan),93.94(nan),94.42(nan),94.05(nan),94.41(0.03),94.42(0.02),94.17(nan),94.43(nan),94.39(nan),94.00(nan),94.34(nan),94.04(nan),94.04(nan),94.51(0.02),94.52(0.02),94.51(0.01),94.50(0.02),94.51(0.01),94.51(0.01),94.52(0.02),94.43(nan),94.53(0.01),93.92(nan),94.42(nan),94.47(nan),94.41(nan),94.17(0.02),94.41(0.03),94.19(0.02),94.44(nan),94.48(nan),94.39(0.03),94.40(nan),94.40(0.04),93.81(nan),94.22(nan),94.53(nan),92.39(0.51),93.88(0.13),94.18(0.04),92.47(0.12),94.12(nan),93.83(0.01),93.82(nan),94.50(0.00),93.75(nan),93.94(0.01),93.90(nan),93.98(0.01),93.90(nan),93.32(nan),94.51(nan),94.58(nan),94.57(nan),94.21(nan),94.53(nan),94.51(nan),94.52(nan),94.24(nan),94.48(nan),94.42(0.04),94.65(0.02),94.65(0.02),94.67(0.02),94.39(0.02),93.09(0.08),89.27(0.93),91.82(nan),60.82(0.00),88.6,74.27(0.03),94.32(0.00),93.79(0.05)
a8a,Bal. Accuracy,68.88(nan),70.33(nan),69.33(nan),68.60(nan),69.49(nan),70.45(nan),69.67(nan),69.72(nan),69.40(nan),69.47(nan),69.01(0.31),68.93(0.19),68.40(nan),69.51(nan),69.09(nan),68.52(nan),70.37(nan),69.61(nan),69.61(nan),69.48(0.15),69.36(0.17),69.39(0.07),69.37(0.09),69.28(0.12),69.35(0.11),69.33(0.17),69.41(nan),69.46(0.11),69.57(nan),69.02(nan),69.17(nan),69.15(nan),68.20(0.22),69.13(0.23),68.18(0.15),69.34(nan),69.52(nan),69.05(0.15),69.18(nan),69.21(0.08),67.80(nan),68.79(nan),69.91(nan),61.56(0.86),65.93(0.26),68.51(0.55),56.65(0.64),65.09(nan),67.88(0.12),67.51(nan),67.17(0.00),59.16(nan),67.87(0.15),67.43(nan),67.57(0.11),67.33(nan),68.21(nan),69.84(nan),69.59(nan),69.64(nan),68.23(nan),69.38(nan),69.06(nan),69.08(nan),68.94(nan),70.43(nan),69.17(0.19),70.54(0.11),70.55(0.10),73.44(0.07),69.77(0.07),65.63(0.12),55.34(2.01),65.48(nan),54.63(0.00),66.46,50.01(0.00),67.65(0.00),66.76(0.20)
a8a,Time,25.04(nan),24.05(nan),30.42(nan),144.13(nan),598.03(nan),739.71(nan),719.07(nan),600.39(nan),455.87(nan),811.10(nan),47.31(0.48),313.48(2.31),118.50(nan),108.77(nan),71.64(nan),137.72(nan),131.93(nan),784.74(nan),810.20(nan),89.08(1.10),92.15(1.74),79.66(1.51),126.65(2.80),90.32(0.76),67.66(0.63),86.43(2.22),449.69(nan),34.20(0.55),128.06(nan),438.37(nan),930.53(nan),444.52(nan),1006.77(11.27),364.47(15.98),293.22(8.75),391.13(nan),430.41(nan),257.93(12.82),466.03(nan),238.42(11.89),273.78(nan),221.59(nan),94.91(nan),381.05(3.47),341.50(0.35),266.33(9.95),185.92(11.76),164.69(nan),832.94(148.98),1310.08(nan),1791.85(3.89),666.24(nan),705.37(1.22),710.99(nan),4763.03(3.19),2711.21(nan),960.23(nan),157.33(nan),136.93(nan),135.56(nan),31.59(nan),30.93(nan),57.27(nan),68.83(nan),90.42(nan),319.34(nan),422.12(97.11),245.88(8.18),399.85(175.64),274.52(7.70),1011.39(61.73),774.21(0.44),138.69(4.03),135.97(nan),19.19(0.04),4.91,123.92(0.20),2135.25(9.50),3311.06(11.45)
airlines,Num. Errors,211271.00(nan),205468.00(nan),205314.00(nan),213960.00(nan),,,,,,,,,210272.00(nan),205516.00(nan),205185.00(nan),209484.00(nan),206521.00(nan),,,,,,,,,,,,206820.00(nan),,,,,,,,,,,,206396.00(nan),207211.00(nan),201824.00(nan),208754.40(51.63),,,240262.20(1.30),202406.00(nan),208043.00(117.64),215079.00(nan),240222.00(0.00),240591.00(nan),208059.40(172.68),215706.00(nan),208123.20(129.96),214301.00(nan),230537.00(nan),201379.00(nan),202193.00(nan),201406.00(nan),210803.00(nan),205585.00(nan),205395.00(nan),205417.00(nan),205488.00(nan),,,,,,,192885.60(564.88),210220.20(411.30),205646.00(nan),,,,,
airlines,Accuracy,60.83(nan),61.91(nan),61.94(nan),60.33(nan),,,,,,,,,61.02(nan),61.90(nan),61.96(nan),61.16(nan),61.71(nan),,,,,,,,,,,,61.66(nan),,,,,,,,,,,,61.73(nan),61.58(nan),62.58(nan),61.30(0.01),,,55.46(0.00),62.47(nan),61.43(0.02),60.12(nan),55.46(0.00),55.40(nan),61.43(0.03),60.01(nan),61.41(0.02),60.27(nan),57.26(nan),62.66(nan),62.51(nan),62.66(nan),60.92(nan),61.89(nan),61.92(nan),61.92(nan),61.90(nan),,,,,,,64.24(0.10),61.03(0.08),61.87(nan),,,,,
airlines,AUROC,63.66(nan),65.68(nan),65.67(nan),63.28(nan),,,,,,,,,64.25(nan),65.69(nan),65.75(nan),64.44(nan),65.18(nan),,,,,,,,,,,,65.17(nan),,,,,,,,,,,,65.08(nan),64.85(nan),66.59(nan),64.73(0.03),,,50.00(0.00),66.53(nan),64.92(0.02),62.49(nan),58.94(0.00),52.28(nan),64.94(0.03),62.43(nan),64.97(0.02),62.79(nan),57.80(nan),66.74(nan),66.54(nan),66.74(nan),64.07(nan),65.66(nan),65.72(nan),65.71(nan),65.68(nan),,,,,,,68.75(0.09),62.91(0.39),65.21(nan),,,,,
airlines,AUPRC,55.52(nan),58.70(nan),58.67(nan),55.03(nan),,,,,,,,,56.44(nan),58.75(nan),58.86(nan),56.71(nan),58.30(nan),,,,,,,,,,,,59.18(nan),,,,,,,,,,,,56.82(nan),56.42(nan),60.65(nan),57.18(0.04),,,50.82(1.74),61.27(nan),57.49(0.02),54.23(nan),51.71(0.00),45.90(nan),57.44(0.06),54.07(nan),57.43(0.05),54.39(nan),50.73(nan),61.26(nan),60.55(nan),61.26(nan),56.48(nan),58.66(nan),58.76(nan),58.76(nan),58.71(nan),,,,,,,64.54(0.13),56.17(0.13),58.47(nan),,,,,
airlines,Bal. Accuracy,59.57(nan),60.66(nan),60.68(nan),59.11(nan),,,,,,,,,59.84(nan),60.62(nan),60.69(nan),60.02(nan),60.34(nan),,,,,,,,,,,,60.34(nan),,,,,,,,,,,,60.57(nan),60.31(nan),61.15(nan),60.03(0.01),,,50.00(0.00),61.11(nan),60.16(0.02),58.85(nan),50.03(0.00),49.97(nan),60.14(0.02),58.76(nan),60.17(0.02),59.12(nan),56.38(nan),61.18(nan),61.18(nan),61.18(nan),59.68(nan),60.63(nan),60.66(nan),60.66(nan),60.62(nan),,,,,,,62.83(0.09),59.80(0.17),60.59(nan),,,,,
airlines,Time,304.55(nan),325.96(nan),356.23(nan),2181.45(nan),,,,,,,,,1799.29(nan),1816.97(nan),834.16(nan),2115.70(nan),2128.99(nan),,,,,,,,,,,,2121.01(nan),,,,,,,,,,,,1898.34(nan),1598.92(nan),1466.14(nan),6537.46(282.54),,,3623.92(982.47),2637.76(nan),2678.94(559.45),3110.28(nan),3138.46(14.70),1387.25(nan),1908.19(4.82),1915.37(nan),13886.61(2370.09),18452.99(nan),713.81(nan),2529.81(nan),2114.56(nan),2135.75(nan),503.95(nan),525.57(nan),883.87(nan),1072.99(nan),1462.43(nan),,,,,,,12794.98(177.81),1586.31(72.54),1645.17(nan),,,,,
australian,Num. Errors,292.00(nan),164.00(nan),174.00(nan),255.00(nan),167.00(nan),165.00(nan),158.00(nan),158.00(nan),161.00(nan),160.00(nan),160.20(6.34),164.20(5.97),303.00(nan),169.00(nan),160.00(nan),305.00(nan),167.00(nan),154.00(nan),154.00(nan),163.40(3.78),163.20(3.11),163.00(3.08),162.40(3.97),162.60(3.05),159.00(3.54),162.40(3.78),161.00(nan),163.80(3.56),161.00(nan),164.00(nan),162.00(nan),161.00(nan),275.20(10.47),160.20(5.07),274.60(11.50),171.00(nan),168.00(nan),160.40(4.34),164.00(nan),161.60(4.04),262.00(nan),267.00(nan),158.00(nan),298.80(7.36),292.20(24.59),164.80(6.10),307.40(2.97),178.00(nan),153.60(1.14),281.00(nan),133.00(0.00),240.00(nan),152.60(1.52),265.00(nan),152.60(3.78),279.00(nan),241.00(nan),153.00(nan),155.00(nan),155.00(nan),287.00(nan),159.00(nan),155.00(nan),157.00(nan),157.00(nan),179.00(nan),163.40(7.96),163.40(7.96),162.20(9.34),159.20(9.20),161.20(7.69),170.20(9.20),293.80(13.26),308.00(nan),359.00(0.00),294.0,396.20(3.27),190.00(2.12),
australian,Accuracy,57.68(nan),76.23(nan),74.78(nan),63.04(nan),75.80(nan),76.09(nan),77.10(nan),77.10(nan),76.67(nan),76.81(nan),76.78(0.92),76.20(0.87),56.09(nan),75.51(nan),76.81(nan),55.80(nan),75.80(nan),77.68(nan),77.68(nan),76.32(0.55),76.35(0.45),76.38(0.45),76.46(0.58),76.43(0.44),76.96(0.51),76.46(0.55),76.67(nan),76.26(0.52),76.67(nan),76.23(nan),76.52(nan),76.67(nan),60.12(1.52),76.78(0.73),60.20(1.67),75.22(nan),75.65(nan),76.75(0.63),76.23(nan),76.58(0.59),62.03(nan),61.30(nan),77.10(nan),56.70(1.07),57.65(3.56),76.12(0.88),55.45(0.43),74.20(nan),77.74(0.17),59.28(nan),80.72(0.00),65.22(nan),77.88(0.22),61.59(nan),77.88(0.55),59.57(nan),65.07(nan),77.83(nan),77.54(nan),77.54(nan),58.41(nan),76.96(nan),77.54(nan),77.25(nan),77.25(nan),74.06(nan),76.32(1.15),76.32(1.15),76.49(1.35),76.93(1.33),76.64(1.12),75.33(1.33),57.42(1.92),55.36(nan),47.97(0.00),57.39,42.50(0.47),72.46(0.31),
australian,AUROC,60.17(nan),83.74(nan),82.11(nan),65.27(nan),83.28(nan),83.27(nan),84.57(nan),84.57(nan),83.23(nan),84.46(nan),83.48(0.74),83.30(0.81),59.65(nan),83.27(nan),83.31(nan),58.04(nan),83.25(nan),84.40(nan),84.40(nan),83.84(0.36),83.90(0.35),83.83(0.38),83.88(0.38),83.91(0.32),83.86(0.36),83.91(0.34),83.11(nan),83.90(0.37),84.32(nan),83.26(nan),83.23(nan),83.10(nan),62.13(0.71),83.31(0.76),61.65(0.95),83.19(nan),83.14(nan),83.38(0.81),83.32(nan),83.35(0.73),64.17(nan),59.03(nan),83.91(nan),58.04(2.15),61.63(6.60),82.21(0.55),51.35(0.35),82.69(nan),85.23(0.08),59.01(nan),87.35(0.00),67.97(nan),85.40(0.09),61.66(nan),85.23(0.11),61.02(nan),67.73(nan),83.68(nan),83.61(nan),83.55(nan),62.62(nan),84.16(nan),84.21(nan),84.23(nan),84.24(nan),82.75(nan),83.40(0.73),83.40(0.73),83.81(0.84),83.87(0.78),83.35(0.82),81.20(1.03),58.14(2.91),55.57(nan),49.29(0.00),58.29,44.96(0.92),79.85(0.19),
australian,AUPRC,59.05(nan),78.15(nan),78.68(nan),64.29(nan),77.57(nan),77.27(nan),78.83(nan),78.83(nan),77.60(nan),78.96(nan),79.53(1.40),79.19(1.59),57.93(nan),77.66(nan),77.83(nan),54.88(nan),77.71(nan),78.69(nan),78.69(nan),80.41(0.35),80.50(0.34),80.40(0.33),80.42(0.38),80.53(0.32),80.46(0.30),80.52(0.33),77.37(nan),80.43(0.37),78.91(nan),77.54(nan),77.53(nan),77.38(nan),60.81(0.62),79.16(1.41),60.38(0.81),77.33(nan),77.10(nan),79.29(1.48),77.86(nan),79.31(1.23),62.38(nan),57.91(nan),80.29(nan),54.55(1.93),54.05(6.77),78.38(0.85),50.24(1.36),77.72(nan),81.46(0.16),57.42(nan),83.84(0.00),66.50(nan),81.54(0.17),58.82(nan),81.48(0.17),58.82(nan),61.71(nan),79.03(nan),79.21(nan),79.13(nan),61.06(nan),80.10(nan),80.66(nan),80.64(nan),80.65(nan),77.52(nan),79.93(0.72),79.93(0.72),80.82(0.70),80.88(0.81),78.97(2.14),76.80(1.26),54.56(2.72),48.93(nan),50.88(0.00),56.92,42.26(0.81),71.40(0.19),
australian,Bal. Accuracy,57.87(nan),75.55(nan),73.18(nan),62.90(nan),75.77(nan),75.97(nan),76.98(nan),76.98(nan),76.53(nan),76.72(nan),76.08(1.32),75.36(1.24),56.37(nan),75.48(nan),76.69(nan),55.79(nan),75.77(nan),77.50(nan),77.50(nan),75.38(1.07),75.42(1.04),75.44(0.99),75.53(1.14),75.52(1.01),76.21(0.78),75.55(1.15),76.49(nan),75.32(1.08),76.72(nan),76.00(nan),76.36(nan),76.49(nan),60.23(1.29),76.00(1.13),60.30(1.50),75.16(nan),75.64(nan),75.96(0.97),76.04(nan),75.81(0.87),61.59(nan),59.97(nan),75.82(nan),55.42(0.61),54.67(5.40),75.31(1.05),50.68(0.38),73.76(nan),77.13(0.20),58.57(nan),80.25(0.00),63.76(nan),77.31(0.24),60.88(nan),77.25(0.58),58.63(nan),63.95(nan),77.31(nan),77.05(nan),77.05(nan),59.14(nan),76.66(nan),76.69(nan),76.40(nan),76.30(nan),73.69(nan),75.67(1.26),75.67(1.26),75.77(1.44),76.38(1.50),75.89(0.97),74.03(1.53),55.80(1.82),52.94(nan),50.61(0.00),56.09,44.11(0.65),71.71(0.34),
australian,Time,0.37(nan),0.40(nan),0.43(nan),2.28(nan),5.01(nan),5.99(nan),6.53(nan),6.13(nan),2.93(nan),7.82(nan),0.70(0.00),3.14(0.15),1.76(nan),1.79(nan),1.01(nan),2.24(nan),2.18(nan),7.39(nan),7.37(nan),1.24(0.03),1.39(0.02),1.29(0.00),2.03(0.03),2.87(0.03),1.03(0.00),1.14(0.00),2.94(nan),0.60(0.03),2.34(nan),3.25(nan),5.32(nan),2.95(nan),3.15(0.10),2.57(0.04),2.65(0.01),5.14(nan),5.58(nan),2.94(0.01),5.08(nan),2.94(0.02),1.73(nan),1.49(nan),1.56(nan),7.59(0.13),7.09(0.02),2.98(0.03),3.26(0.01),3.36(nan),3.10(0.01),5.63(nan),9.28(0.02),2.52(nan),3.23(0.01),3.24(nan),19.66(0.10),10.84(nan),1.54(nan),2.68(nan),2.26(nan),2.23(nan),0.53(nan),0.57(nan),0.88(nan),1.15(nan),1.57(nan),1.61(nan),2.79(0.05),2.79(0.05),4.02(0.18),3.10(0.03),8.21(0.30),17.01(0.27),1.89(0.03),2.09(nan),0.06(0.00),0.07,0.34(0.00),2.91(0.11),
chessweka,Num. Errors,210.00(nan),172.00(nan),185.00(nan),186.00(nan),169.00(nan),159.00(nan),186.00(nan),186.00(nan),,185.00(nan),,,206.00(nan),171.00(nan),180.00(nan),183.00(nan),174.00(nan),183.00(nan),183.00(nan),,,,,,,,,,191.00(nan),,,,,,,,,,,,213.00(nan),208.00(nan),176.00(nan),190.40(7.73),,,292.20(1.10),197.00(nan),165.00(2.74),207.00(nan),157.00(0.00),181.00(nan),164.20(2.39),204.00(nan),166.00(1.58),198.00(nan),158.00(nan),166.00(nan),173.00(nan),164.00(nan),215.00(nan),165.00(nan),162.00(nan),158.00(nan),164.00(nan),,,,,,,210.00(8.80),205.20(18.78),202.00(nan),,,,,
chessweka,Accuracy,58.25(nan),65.81(nan),63.22(nan),63.02(nan),66.40(nan),68.39(nan),63.02(nan),63.02(nan),,63.22(nan),,,59.05(nan),66.00(nan),64.21(nan),63.62(nan),65.41(nan),63.62(nan),63.62(nan),,,,,,,,,,62.03(nan),,,,,,,,,,,,57.65(nan),58.65(nan),65.01(nan),62.15(1.54),,,41.91(0.22),60.83(nan),67.20(0.54),58.85(nan),68.79(0.00),64.02(nan),67.36(0.47),59.44(nan),67.00(0.31),60.64(nan),68.59(nan),67.00(nan),65.61(nan),67.40(nan),57.26(nan),67.20(nan),67.79(nan),68.59(nan),67.40(nan),,,,,,,58.25(1.75),59.20(3.73),59.84(nan),,,,,
chessweka,AUROC,60.82(nan),66.28(nan),66.81(nan),63.89(nan),65.85(nan),66.29(nan),64.53(nan),64.53(nan),,65.16(nan),,,61.29(nan),66.13(nan),66.99(nan),60.94(nan),65.54(nan),64.79(nan),64.79(nan),,,,,,,,,,65.01(nan),,,,,,,,,,,,56.69(nan),58.91(nan),63.79(nan),61.74(2.04),,,51.56(0.16),64.11(nan),70.80(0.69),61.21(nan),71.86(0.00),69.23(nan),71.04(0.66),61.85(nan),70.51(0.71),60.44(nan),72.91(nan),68.07(nan),67.01(nan),68.02(nan),60.00(nan),68.25(nan),67.89(nan),67.98(nan),68.60(nan),,,,,,,53.97(1.53),54.45(2.15),55.89(nan),,,,,
chessweka,AUPRC,74.54(nan),74.21(nan),75.18(nan),75.64(nan),71.86(nan),71.78(nan),71.44(nan),71.44(nan),,72.25(nan),,,75.74(nan),72.95(nan),72.79(nan),70.58(nan),72.33(nan),71.99(nan),71.99(nan),,,,,,,,,,73.98(nan),,,,,,,,,,,,66.69(nan),72.80(nan),70.71(nan),69.60(1.95),,,69.12(0.93),72.37(nan),77.64(0.39),71.20(nan),79.46(0.00),78.13(nan),78.05(0.48),72.75(nan),77.73(0.57),71.82(nan),80.96(nan),74.35(nan),73.66(nan),74.42(nan),72.48(nan),75.05(nan),74.10(nan),74.26(nan),75.09(nan),,,,,,,64.64(1.40),63.99(2.35),64.43(nan),,,,,
chessweka,Bal. Accuracy,54.85(nan),59.40(nan),55.59(nan),59.85(nan),60.16(nan),62.51(nan),55.07(nan),55.07(nan),,54.88(nan),,,55.60(nan),58.59(nan),57.56(nan),57.69(nan),57.83(nan),55.83(nan),55.83(nan),,,,,,,,,,53.63(nan),,,,,,,,,,,,55.96(nan),56.60(nan),58.48(nan),57.36(1.04),,,51.55(0.17),59.02(nan),63.70(0.72),56.23(nan),62.57(0.00),59.52(nan),63.87(0.63),56.37(nan),63.38(0.41),57.62(nan),66.83(nan),62.60(nan),60.39(nan),62.93(nan),54.65(nan),62.59(nan),61.31(nan),62.23(nan),61.51(nan),,,,,,,51.72(1.40),51.90(1.66),49.34(nan),,,,,
chessweka,Time,0.27(nan),0.29(nan),0.31(nan),1.68(nan),3.49(nan),4.13(nan),4.51(nan),4.29(nan),,5.56(nan),,,1.30(nan),1.32(nan),0.61(nan),1.59(nan),1.60(nan),5.11(nan),5.21(nan),,,,,,,,,,1.71(nan),,,,,,,,,,,,1.21(nan),1.07(nan),1.07(nan),5.72(0.02),,,2.38(0.01),2.46(nan),1.87(0.02),3.13(nan),3.11(0.04),1.39(nan),1.88(0.01),1.90(nan),10.74(0.02),11.75(nan),0.72(nan),1.90(nan),1.60(nan),1.57(nan),0.39(nan),0.42(nan),0.65(nan),0.82(nan),1.16(nan),,,,,,,11.85(0.08),1.36(0.03),1.54(nan),,,,,
diabetes_f,Num. Errors,367.00(nan),258.00(nan),270.00(nan),324.00(nan),250.00(nan),257.00(nan),245.00(nan),245.00(nan),246.00(nan),250.00(nan),243.40(9.71),248.00(6.93),349.00(nan),261.00(nan),257.00(nan),348.00(nan),269.00(nan),249.00(nan),249.00(nan),244.60(8.08),245.20(8.35),245.00(8.25),245.00(8.09),245.20(8.29),246.40(7.09),245.40(8.02),250.00(nan),244.00(9.77),255.00(nan),247.00(nan),247.00(nan),249.00(nan),358.20(9.68),244.80(5.93),356.60(9.21),254.00(nan),259.00(nan),245.40(5.73),247.00(nan),244.60(4.93),341.00(nan),370.00(nan),273.00(nan),295.60(10.90),278.40(16.47),254.00(3.39),280.20(10.71),227.00(nan),226.00(2.12),339.00(nan),224.00(0.00),316.00(nan),224.00(3.54),334.00(nan),225.40(2.88),327.00(nan),270.00(nan),248.00(nan),246.00(nan),247.00(nan),349.00(nan),247.00(nan),249.00(nan),248.00(nan),247.00(nan),254.00(nan),241.20(6.22),241.20(6.22),238.20(5.22),239.20(4.82),251.40(4.56),247.20(1.64),311.40(51.58),488.00(nan),278.00(0.00),268.0,315.20(10.33),259.00(0.00),
diabetes_f,Accuracy,52.21(nan),66.41(nan),64.84(nan),57.81(nan),67.45(nan),66.54(nan),68.10(nan),68.10(nan),67.97(nan),67.45(nan),68.31(1.26),67.71(0.90),54.56(nan),66.02(nan),66.54(nan),54.69(nan),64.97(nan),67.58(nan),67.58(nan),68.15(1.05),68.07(1.09),68.10(1.07),68.10(1.05),68.07(1.08),67.92(0.92),68.05(1.04),67.45(nan),68.23(1.27),66.80(nan),67.84(nan),67.84(nan),67.58(nan),53.36(1.26),68.12(0.77),53.57(1.20),66.93(nan),66.28(nan),68.05(0.75),67.84(nan),68.15(0.64),55.60(nan),51.82(nan),64.45(nan),61.51(1.42),63.75(2.14),66.93(0.44),63.52(1.39),70.44(nan),70.57(0.28),55.86(nan),70.83(0.00),58.85(nan),70.83(0.46),56.51(nan),70.65(0.38),57.42(nan),64.84(nan),67.71(nan),67.97(nan),67.84(nan),54.56(nan),67.84(nan),67.58(nan),67.71(nan),67.84(nan),66.93(nan),68.59(0.81),68.59(0.81),68.98(0.68),68.85(0.63),67.27(0.59),67.81(0.21),59.45(6.72),36.46(nan),63.80(0.00),65.1,58.90(1.35),66.28(0.00),
diabetes_f,AUROC,47.02(nan),66.86(nan),63.49(nan),51.09(nan),67.46(nan),67.35(nan),68.86(nan),68.86(nan),68.07(nan),68.80(nan),69.32(1.24),69.12(1.23),47.51(nan),67.03(nan),67.51(nan),51.13(nan),66.85(nan),68.93(nan),68.93(nan),69.62(0.61),69.62(0.62),69.62(0.62),69.61(0.67),69.65(0.60),69.46(0.42),69.63(0.61),67.73(nan),69.65(0.61),67.53(nan),68.02(nan),67.83(nan),67.74(nan),45.56(1.66),69.09(1.34),45.77(1.16),67.20(nan),66.89(nan),69.06(1.34),67.90(nan),69.10(1.33),44.40(nan),41.95(nan),64.22(nan),46.54(0.85),53.94(2.61),67.68(0.57),49.74(0.62),70.31(nan),70.75(0.35),48.22(nan),72.60(0.00),46.45(nan),70.92(0.32),48.38(nan),70.32(0.26),48.52(nan),65.31(nan),68.51(nan),68.46(nan),68.48(nan),45.63(nan),68.72(nan),68.44(nan),68.47(nan),68.35(nan),64.65(nan),70.00(0.76),70.00(0.76),69.99(0.42),70.07(0.50),68.88(0.86),64.80(0.61),50.44(0.65),55.67(nan),48.66(0.00),57.14,50.24(0.81),66.53(0.00),
diabetes_f,AUPRC,35.19(nan),47.62(nan),44.69(nan),36.98(nan),50.59(nan),49.93(nan),52.61(nan),52.61(nan),52.19(nan),52.83(nan),53.68(2.55),53.18(2.39),34.81(nan),48.94(nan),49.57(nan),37.18(nan),48.20(nan),52.49(nan),52.49(nan),53.60(1.24),53.64(1.26),53.56(1.21),53.67(1.32),53.67(1.27),53.41(1.29),53.70(1.28),51.21(nan),53.69(1.22),50.57(nan),51.79(nan),51.46(nan),51.26(nan),33.47(0.89),53.38(2.38),33.70(0.83),50.06(nan),49.50(nan),53.34(2.39),51.99(nan),53.58(2.33),32.34(nan),30.24(nan),46.69(nan),33.89(0.98),37.73(2.32),51.46(0.47),36.24(0.97),54.88(nan),57.63(0.22),35.09(nan),59.77(0.00),34.03(nan),57.88(0.18),34.81(nan),57.63(0.13),34.82(nan),48.68(nan),51.55(nan),51.50(nan),51.55(nan),34.32(nan),53.12(nan),52.27(nan),52.34(nan),52.35(nan),48.67(nan),54.47(2.01),54.47(2.01),54.85(1.59),54.99(1.65),52.22(1.78),51.38(0.55),36.01(1.74),39.33(nan),63.84(0.00),42.17,35.04(0.50),51.28(0.00),
diabetes_f,Bal. Accuracy,47.89(nan),53.86(nan),52.05(nan),52.10(nan),57.25(nan),56.29(nan),58.97(nan),58.97(nan),58.61(nan),57.95(nan),57.97(1.26),57.07(1.09),50.12(nan),55.20(nan),56.12(nan),51.87(nan),54.06(nan),58.31(nan),58.31(nan),57.22(1.60),57.13(1.71),57.17(1.63),57.22(1.63),57.20(1.66),57.11(1.36),57.13(1.68),57.17(nan),57.39(1.91),56.67(nan),58.25(nan),57.99(nan),57.27(nan),48.04(1.28),57.70(0.99),48.26(1.38),56.33(nan),55.06(nan),57.64(0.97),58.33(nan),58.05(1.01),47.11(nan),45.69(nan),52.44(nan),49.72(0.41),49.93(0.35),55.87(0.77),50.13(0.44),61.20(nan),63.39(0.36),50.34(nan),62.10(0.00),48.75(nan),63.66(0.39),50.59(nan),63.26(0.35),50.42(nan),58.72(nan),55.90(nan),56.10(nan),56.00(nan),48.13(nan),56.51(nan),56.06(nan),56.24(nan),56.34(nan),53.82(nan),58.79(1.43),58.79(1.43),59.78(1.25),60.98(1.23),57.13(1.14),55.53(0.37),51.20(0.90),49.99(nan),51.34(0.00),50.09,49.16(1.16),59.82(0.00),
diabetes_f,Time,0.41(nan),0.45(nan),0.48(nan),2.58(nan),5.38(nan),6.43(nan),6.93(nan),6.64(nan),3.10(nan),8.40(nan),0.77(0.01),3.49(0.10),1.97(nan),2.03(nan),1.14(nan),2.51(nan),2.42(nan),7.95(nan),7.97(nan),1.45(0.04),1.54(0.02),1.43(0.01),2.19(0.02),3.21(0.04),1.14(0.01),1.25(0.00),3.10(nan),0.68(0.02),2.62(nan),3.48(nan),5.17(nan),3.12(nan),3.40(0.03),2.72(0.02),2.87(0.02),5.58(nan),6.08(nan),3.22(0.04),5.12(nan),3.25(0.06),1.82(nan),1.60(nan),1.66(nan),8.06(0.08),7.91(0.02),3.50(0.12),3.69(0.02),3.77(nan),2.74(0.05),4.72(nan),7.09(0.01),2.09(nan),2.87(0.01),2.84(nan),16.60(0.09),9.33(nan),1.07(nan),2.91(nan),2.43(nan),2.41(nan),0.58(nan),0.62(nan),0.99(nan),1.27(nan),1.77(nan),1.88(nan),2.95(0.03),2.95(0.03),5.44(0.99),3.32(0.04),8.41(0.05),18.65(0.36),2.10(0.03),2.35(nan),0.04(0.00),0.1,0.24(0.00),1.11(0.02),
elec,Num. Errors,16213.00(nan),12637.00(nan),12054.00(nan),12482.00(nan),10520.00(nan),10880.00(nan),10268.00(nan),10268.00(nan),10752.00(nan),10186.00(nan),12548.60(80.62),11349.00(223.22),15005.00(nan),12150.00(nan),12520.00(nan),14868.00(nan),12031.00(nan),10225.00(nan),10225.00(nan),12266.00(48.56),12223.60(95.73),12287.40(55.61),12124.00(77.96),12027.80(58.63),12089.80(90.41),12131.40(96.14),11556.00(nan),12589.00(37.20),11154.00(nan),11102.00(nan),10900.00(nan),11581.00(nan),14386.00(235.77),10821.80(280.21),14175.60(161.28),10579.00(nan),10728.00(nan),10545.00(172.39),10987.00(nan),10797.00(144.16),11043.00(nan),11390.00(nan),8854.00(nan),17113.00(197.23),11757.60(85.11),9492.00(60.44),14631.20(51.25),10310.00(nan),12875.80(45.50),17565.00(nan),15200.00(0.00),18906.00(nan),12952.60(89.23),17563.00(nan),12573.80(25.84),17636.00(nan),13921.00(nan),9130.00(nan),9484.00(nan),9274.00(nan),16026.00(nan),12536.00(nan),11966.00(nan),11959.00(nan),11975.00(nan),10953.00(nan),10743.80(189.26),10739.60(127.41),11912.20(160.87),11846.60(163.36),12137.00(44.28),12118.20(297.18),18674.20(120.64),13359.00(nan),19484.00(nan),20435.0,24768.40(71.92),15754.00(9.35),9803.60(87.56)
elec,Accuracy,64.22(nan),72.11(nan),73.40(nan),72.45(nan),76.78(nan),75.99(nan),77.34(nan),77.34(nan),76.27(nan),77.52(nan),72.31(0.18),74.95(0.49),66.89(nan),73.19(nan),72.37(nan),67.19(nan),73.45(nan),77.43(nan),77.43(nan),72.93(0.11),73.02(0.21),72.88(0.12),73.24(0.17),73.46(0.13),73.32(0.20),73.23(0.21),74.50(nan),72.22(0.08),75.38(nan),75.50(nan),75.94(nan),74.44(nan),68.25(0.52),76.12(0.62),68.72(0.36),76.65(nan),76.32(nan),76.73(0.38),75.75(nan),76.17(0.32),75.63(nan),74.86(nan),80.46(nan),62.23(0.44),74.05(0.19),79.05(0.13),67.71(0.11),77.25(nan),71.58(0.10),61.24(nan),66.45(0.00),58.28(nan),71.41(0.20),61.24(nan),72.25(0.06),61.08(nan),69.28(nan),79.85(nan),79.07(nan),79.53(nan),64.63(nan),72.33(nan),73.59(nan),73.61(nan),73.57(nan),75.83(nan),76.29(0.42),76.30(0.28),73.71(0.36),73.86(0.36),73.21(0.10),73.26(0.66),58.79(0.27),70.52(nan),57.00(nan),54.9,45.34(0.16),65.23(0.02),78.36(0.19)
elec,AUROC,67.27(nan),79.64(nan),81.32(nan),79.67(nan),85.05(nan),84.54(nan),85.69(nan),85.69(nan),84.61(nan),85.75(nan),80.27(0.13),83.39(0.35),71.64(nan),81.06(nan),80.27(nan),72.23(nan),81.67(nan),85.72(nan),85.72(nan),80.67(0.12),80.95(0.23),80.59(0.16),81.08(0.16),81.38(0.16),81.28(0.18),81.17(0.22),82.93(nan),80.02(0.09),83.77(nan),83.70(nan),84.31(nan),82.98(nan),73.71(0.53),84.54(0.42),74.19(0.49),85.00(nan),84.64(nan),84.92(0.30),84.20(nan),84.50(0.28),82.32(nan),81.40(nan),88.07(nan),64.14(0.61),81.46(0.18),87.37(0.16),72.24(0.17),85.48(nan),79.37(0.13),62.19(nan),73.06(0.00),59.54(nan),79.25(0.15),62.35(nan),79.85(0.17),62.11(nan),75.28(nan),87.62(nan),86.72(nan),87.23(nan),68.03(nan),80.09(nan),81.31(nan),81.52(nan),81.70(nan),83.61(nan),84.69(0.40),84.70(0.17),82.04(0.29),82.09(0.30),81.53(0.15),80.65(0.99),57.55(0.73),75.39(nan),45.69(nan),49.61,47.33(0.07),70.10(0.02),86.19(0.12)
elec,AUPRC,61.92(nan),75.56(nan),77.29(nan),75.56(nan),81.71(nan),81.05(nan),82.50(nan),82.50(nan),81.05(nan),82.56(nan),76.04(0.16),79.47(0.41),66.72(nan),77.03(nan),76.05(nan),67.40(nan),77.67(nan),82.43(nan),82.43(nan),76.53(0.12),76.86(0.20),76.49(0.15),76.97(0.14),77.31(0.17),77.25(0.17),77.11(0.18),78.72(nan),75.94(0.09),80.15(nan),79.92(nan),80.73(nan),78.82(nan),68.65(0.84),80.83(0.58),69.12(0.81),81.30(nan),80.93(nan),81.26(0.37),80.49(nan),80.91(0.40),76.65(nan),76.06(nan),84.99(nan),56.86(0.70),77.59(0.22),84.23(0.20),66.62(0.18),81.86(nan),75.01(0.19),54.91(nan),68.01(0.00),51.07(nan),75.00(0.15),55.00(nan),75.60(0.21),54.50(nan),68.29(nan),84.40(nan),83.52(nan),84.07(nan),62.99(nan),75.95(nan),77.46(nan),77.60(nan),77.68(nan),79.78(nan),80.95(0.45),80.91(0.23),77.92(0.28),78.08(0.35),77.55(0.20),75.45(1.46),49.87(0.80),71.09(nan),59.19(nan),41.15,40.65(0.07),60.93(0.05),82.94(0.16)
elec,Bal. Accuracy,61.31(nan),70.51(nan),72.00(nan),70.89(nan),75.63(nan),74.96(nan),76.43(nan),76.43(nan),75.05(nan),76.60(nan),70.68(0.24),73.66(0.55),64.06(nan),71.67(nan),70.82(nan),64.47(nan),72.34(nan),76.51(nan),76.51(nan),71.44(0.14),71.54(0.24),71.37(0.14),71.83(0.23),72.09(0.17),71.86(0.19),71.80(0.26),73.30(nan),70.55(0.12),74.31(nan),74.34(nan),74.72(nan),73.22(nan),65.74(0.58),74.96(0.65),66.32(0.31),75.64(nan),75.22(nan),75.61(0.38),74.50(nan),74.95(0.32),74.57(nan),73.81(nan),79.62(nan),57.63(0.64),72.31(0.22),78.08(0.17),65.27(0.15),76.36(nan),69.87(0.08),56.99(nan),61.75(0.00),51.80(nan),69.47(0.26),56.87(nan),70.69(0.10),56.79(nan),67.80(nan),78.99(nan),77.91(nan),78.54(nan),61.09(nan),70.75(nan),72.08(nan),72.20(nan),72.21(nan),74.75(nan),75.16(0.44),75.20(0.30),72.36(0.43),72.87(0.35),71.52(0.22),72.12(0.64),52.30(0.58),68.06(nan),54.31(nan),51.02,46.22(0.17),63.11(0.03),77.34(0.18)
elec,Time,24.04(nan),26.43(nan),27.82(nan),174.27(nan),462.18(nan),628.13(nan),576.09(nan),535.82(nan),340.67(nan),652.86(nan),52.16(0.42),212.54(3.80),131.08(nan),130.01(nan),72.62(nan),158.29(nan),161.79(nan),594.55(nan),614.73(nan),91.78(1.37),96.14(1.79),87.85(0.44),134.49(1.27),99.60(3.47),71.47(0.28),90.19(0.78),342.03(nan),43.75(0.40),166.46(nan),574.21(nan),620.24(nan),324.47(nan),381.58(35.46),256.75(6.63),216.26(8.53),345.17(nan),398.63(nan),205.83(6.57),218.91(nan),209.66(9.41),134.53(nan),113.52(nan),100.93(nan),578.13(57.84),467.91(0.62),186.80(6.14),222.66(22.12),220.80(nan),218.98(18.44),240.26(nan),244.42(1.26),106.51(nan),151.25(0.35),151.79(nan),906.61(16.70),742.62(nan),54.13(nan),184.16(nan),152.10(nan),152.66(nan),37.70(nan),39.98(nan),64.54(nan),81.78(nan),112.55(nan),100.04(nan),280.52(7.60),309.77(29.01),339.81(15.27),370.58(11.56),602.29(34.80),1006.10(0.47),149.09(6.70),133.48(nan),1.98(nan),1.66,741.41(186.06),55.07(0.69),218.77(0.41)
german,Num. Errors,322.00(nan),293.00(nan),267.00(nan),311.00(nan),269.00(nan),267.00(nan),270.00(nan),270.00(nan),272.00(nan),277.00(nan),271.60(2.51),269.80(5.02),311.00(nan),270.00(nan),272.00(nan),304.00(nan),273.00(nan),271.00(nan),271.00(nan),274.40(8.11),274.00(7.11),274.40(8.76),274.60(7.50),274.00(7.62),273.60(6.88),273.20(7.09),271.00(nan),274.40(9.45),269.00(nan),270.00(nan),267.00(nan),269.00(nan),312.20(7.40),269.60(2.97),312.80(7.79),267.00(nan),266.00(nan),269.60(2.97),269.00(nan),270.80(2.95),296.00(nan),308.00(nan),287.00(nan),309.60(3.36),303.60(3.36),270.60(1.52),323.00(2.35),271.00(nan),270.00(3.08),320.00(nan),253.00(0.00),294.00(nan),268.60(2.70),315.00(nan),269.40(6.02),306.00(nan),324.00(nan),272.00(nan),275.00(nan),274.00(nan),296.00(nan),272.00(nan),272.00(nan),271.00(nan),273.00(nan),273.00(nan),271.60(6.73),290.00(6.16),288.60(2.30),290.80(4.82),272.40(2.30),312.20(5.22),381.60(54.64),311.00(nan),399.00(0.00),487.0,300.00(0.00),297.20(2.77),
german,Accuracy,66.42(nan),69.45(nan),72.16(nan),67.57(nan),71.95(nan),72.16(nan),71.85(nan),71.85(nan),71.64(nan),71.12(nan),71.68(0.26),71.87(0.52),67.57(nan),71.85(nan),71.64(nan),68.30(nan),71.53(nan),71.74(nan),71.74(nan),71.39(0.85),71.43(0.74),71.39(0.91),71.37(0.78),71.43(0.79),71.47(0.72),71.51(0.74),71.74(nan),71.39(0.99),71.95(nan),71.85(nan),72.16(nan),71.95(nan),67.45(0.77),71.89(0.31),67.38(0.81),72.16(nan),72.26(nan),71.89(0.31),71.95(nan),71.76(0.31),69.13(nan),67.88(nan),70.07(nan),69.04(0.34),69.64(0.34),71.78(0.16),67.70(0.23),71.74(nan),71.85(0.32),66.63(nan),73.62(0.00),69.34(nan),71.99(0.28),67.15(nan),71.91(0.63),68.09(nan),66.21(nan),71.64(nan),71.32(nan),71.43(nan),69.13(nan),71.64(nan),71.64(nan),71.74(nan),71.53(nan),71.53(nan),71.68(0.70),71.00(0.62),71.14(0.23),70.92(0.48),71.60(0.24),68.78(0.52),61.84(5.46),67.57(nan),60.10(0.00),51.3,69.97(0.00),70.28(0.28),
german,AUROC,52.09(nan),63.90(nan),64.01(nan),51.53(nan),64.80(nan),64.79(nan),65.38(nan),65.38(nan),65.40(nan),65.42(nan),65.39(0.98),65.58(1.04),50.29(nan),65.00(nan),65.53(nan),50.70(nan),64.99(nan),65.39(nan),65.39(nan),65.01(0.33),65.03(0.38),65.02(0.34),64.98(0.41),65.03(0.37),64.98(0.31),65.03(0.38),65.38(nan),65.12(0.31),64.54(nan),65.36(nan),65.39(nan),65.42(nan),51.17(0.72),65.65(0.97),51.08(0.68),64.83(nan),64.83(nan),65.66(0.97),65.43(nan),65.62(1.01),50.66(nan),52.22(nan),64.00(nan),49.97(1.70),47.11(1.97),63.85(0.86),52.51(0.81),64.75(nan),67.06(0.48),49.76(nan),69.36(0.00),57.82(nan),67.47(0.46),51.30(nan),66.35(0.57),51.08(nan),54.12(nan),65.56(nan),65.05(nan),64.99(nan),50.74(nan),64.92(nan),65.04(nan),65.10(nan),64.71(nan),66.23(nan),65.57(0.73),67.28(0.38),66.97(0.57),67.38(0.80),65.41(0.57),58.46(0.66),45.76(2.18),52.24(nan),46.26(0.00),49.37,47.76(0.22),63.08(0.46),
german,AUPRC,73.28(nan),81.16(nan),79.59(nan),72.83(nan),79.69(nan),79.78(nan),80.95(nan),80.95(nan),80.09(nan),80.96(nan),80.73(0.69),80.92(0.67),71.35(nan),79.74(nan),80.26(nan),71.39(nan),79.81(nan),81.07(nan),81.07(nan),80.77(0.29),80.76(0.24),80.78(0.29),80.76(0.25),80.74(0.27),80.66(0.28),80.75(0.24),80.31(nan),80.89(0.33),80.31(nan),80.27(nan),80.25(nan),80.35(nan),72.07(0.36),80.87(0.64),72.04(0.25),79.95(nan),79.98(nan),80.86(0.64),80.21(nan),80.76(0.74),72.18(nan),73.51(nan),79.71(nan),70.25(1.85),69.72(1.68),79.66(0.55),71.78(0.42),80.05(nan),81.58(0.46),70.95(nan),83.54(0.00),76.18(nan),81.83(0.46),71.78(nan),81.58(0.41),71.56(nan),72.64(nan),80.80(nan),80.64(nan),80.63(nan),71.17(nan),80.41(nan),80.54(nan),80.52(nan),80.62(nan),81.35(nan),80.59(0.40),81.92(0.25),81.52(0.70),81.74(0.71),80.72(0.48),75.27(0.36),67.55(1.79),72.13(nan),72.17(0.00),69.86,68.25(0.25),77.35(0.33),
german,Bal. Accuracy,49.93(nan),52.27(nan),54.17(nan),49.65(nan),52.29(nan),52.65(nan),55.58(nan),55.58(nan),52.28(nan),54.09(nan),52.08(0.83),52.47(1.26),49.22(nan),52.00(nan),52.18(nan),49.29(nan),51.99(nan),54.97(nan),54.97(nan),52.28(0.64),52.31(0.62),52.31(0.65),52.27(0.59),52.29(0.48),52.86(0.71),52.46(0.62),52.36(nan),52.46(0.77),54.03(nan),52.54(nan),52.65(nan),52.50(nan),50.02(0.62),52.76(0.71),49.89(0.71),52.32(nan),52.51(nan),52.76(0.71),52.50(nan),52.92(0.69),49.23(nan),51.28(nan),51.95(nan),50.13(0.36),49.84(0.12),52.37(0.89),51.40(0.49),52.58(nan),58.37(0.66),49.97(nan),60.09(0.00),51.55(nan),58.23(0.58),50.66(nan),56.58(0.78),50.23(nan),53.48(nan),52.28(nan),51.74(nan),51.81(nan),50.75(nan),51.74(nan),51.74(nan),51.81(nan),51.56(nan),55.15(nan),53.60(1.28),56.35(0.57),56.93(0.57),59.65(0.60),52.21(0.76),50.71(0.40),49.16(1.29),50.63(nan),53.79(0.00),50.74,50.00(0.00),55.99(0.37),
german,Time,0.52(nan),0.56(nan),0.70(nan),3.33(nan),7.31(nan),8.76(nan),9.65(nan),9.20(nan),4.37(nan),11.59(nan),1.02(0.01),4.80(0.09),2.51(nan),2.58(nan),1.52(nan),3.15(nan),3.16(nan),10.80(nan),10.99(nan),1.85(0.03),2.08(0.03),1.83(0.01),2.86(0.03),4.15(0.06),1.46(0.00),1.61(0.01),4.48(nan),0.86(0.03),3.33(nan),5.03(nan),7.75(nan),4.47(nan),4.76(0.12),3.85(0.05),4.14(0.06),7.83(nan),8.57(nan),4.60(0.07),8.15(nan),4.49(0.19),2.48(nan),2.37(nan),2.32(nan),11.40(0.98),10.29(0.02),4.68(0.19),4.80(0.02),4.70(nan),5.94(0.10),10.74(nan),19.44(0.07),4.94(nan),5.95(0.02),5.97(nan),37.96(0.17),20.64(nan),3.12(nan),3.96(nan),3.42(nan),3.41(nan),0.74(nan),0.79(nan),1.28(nan),1.63(nan),2.26(nan),2.91(nan),4.10(0.06),4.38(0.13),7.63(0.24),5.11(0.07),11.52(0.28),24.24(0.40),3.00(0.03),2.93(nan),0.12(0.00),0.06,0.59(0.01),7.84(0.15),
higgs,Num. Errors,,,,,,,,,,,443740.33(187.67),443378.00(50.59),,,,,,,,,,,,,,,,443442.67(366.38),,,,,456716.67(34.65),443548.67(170.44),456847.67(178.26),,,444193.33(466.63),,444360.67(114.21),,,,450175.67(519.30),,448188.00(379.85),449027.00(111.66),,464495.67(339.08),,455437.00(0.00),,463538.33(459.35),,463541.67(345.44),,,,,,,,,,,,,443709.67(434.27),,,,453908.67(2920.03),451869.33(112.27),,469385.00(0.00),477765.0,513147.67(240.61),,443263.00(176.91)
higgs,Accuracy,,,,,,,,,,,55.63(0.02),55.66(0.01),,,,,,,,,,,,,,,,55.66(0.04),,,,,54.33(0.00),55.65(0.02),54.32(0.02),,,55.58(0.05),,55.56(0.01),,,,54.98(0.05),,55.18(0.04),55.10(0.01),,53.55(0.03),,54.46(0.00),,53.65(0.05),,53.65(0.03),,,,,,,,,,,,,55.63(0.04),,,,54.61(0.29),54.81(0.01),,53.06(0.00),52.22,48.69(0.02),,55.67(0.02)
higgs,AUROC,,,,,,,,,,,57.20(0.06),57.17(0.02),,,,,,,,,,,,,,,,57.18(0.05),,,,,54.26(0.04),57.20(0.05),54.18(0.04),,,57.10(0.06),,57.06(0.02),,,,55.66(0.06),,56.38(0.03),56.16(0.03),,53.41(0.04),,55.19(0.00),,53.37(0.02),,53.34(0.04),,,,,,,,,,,,,57.18(0.06),,,,55.41(0.66),55.61(0.12),,48.50(0.00),50.29,49.98(0.01),,57.37(0.03)
higgs,AUPRC,,,,,,,,,,,59.03(0.04),58.95(0.06),,,,,,,,,,,,,,,,58.98(0.04),,,,,56.43(0.07),59.02(0.06),56.34(0.04),,,58.91(0.07),,58.88(0.04),,,,57.74(0.07),,58.33(0.01),58.17(0.04),,55.53(0.03),,57.34(0.00),,55.33(0.01),,55.30(0.04),,,,,,,,,,,,,59.00(0.05),,,,57.69(0.69),57.79(0.12),,56.59(0.00),53.29,52.96(0.01),,59.42(0.04)
higgs,Bal. Accuracy,,,,,,,,,,,54.26(0.04),54.23(0.01),,,,,,,,,,,,,,,,54.32(0.05),,,,,52.40(0.02),54.30(0.01),52.34(0.01),,,54.18(0.09),,54.14(0.01),,,,53.21(0.07),,53.71(0.07),53.72(0.01),,52.02(0.04),,52.84(0.00),,51.78(0.04),,51.81(0.02),,,,,,,,,,,,,54.25(0.04),,,,53.27(0.40),53.10(0.06),,51.50(0.00),51.21,49.82(0.03),,54.51(0.02)
higgs,Time,,,,,,,,,,,1413.24(9.67),5191.82(34.93),,,,,,,,,,,,,,,,1035.16(1.15),,,,,25099.52(378.24),9990.02(290.24),6389.58(169.88),,,6586.76(650.83),,6584.79(167.21),,,,11261.16(403.70),,6669.16(326.55),6123.30(1138.97),,6079.04(199.83),,11230.11(143.09),,5786.65(22.14),,48241.13(11990.95),,,,,,,,,,,,,9966.25(23.55),,,,29455.05(2029.90),3153.21(181.98),,113.33(0.65),54.23,20404.32(231.53),,18733.13(621.65)
ionosphere,Num. Errors,119.00(nan),103.00(nan),94.00(nan),99.00(nan),89.00(nan),87.00(nan),90.00(nan),90.00(nan),82.00(nan),91.00(nan),87.00(7.35),85.40(8.35),102.00(nan),88.00(nan),86.00(nan),101.00(nan),88.00(nan),91.00(nan),91.00(nan),97.00(5.39),95.60(4.93),97.00(5.39),95.80(5.54),95.80(6.06),90.20(8.17),95.40(5.32),85.00(nan),94.60(3.97),87.00(nan),84.00(nan),82.00(nan),86.00(nan),103.20(6.30),85.20(7.63),103.60(5.86),89.00(nan),89.00(nan),84.80(7.69),81.00(nan),83.80(8.41),114.00(nan),108.00(nan),91.00(nan),135.00(17.41),,93.20(9.52),114.80(1.79),71.00(nan),74.40(3.65),98.00(nan),85.00(0.00),114.00(nan),73.80(3.77),95.00(nan),78.00(2.12),93.00(nan),122.00(nan),83.00(nan),86.00(nan),86.00(nan),113.00(nan),96.00(nan),85.00(nan),84.00(nan),83.00(nan),82.00(nan),85.60(11.48),85.60(11.48),,,95.40(8.23),75.00(2.92),115.80(3.96),103.00(nan),,,181.20(5.22),,
ionosphere,Accuracy,66.10(nan),70.66(nan),73.22(nan),71.79(nan),74.64(nan),75.21(nan),74.36(nan),74.36(nan),76.64(nan),74.07(nan),75.21(2.09),75.67(2.38),70.94(nan),74.93(nan),75.50(nan),71.23(nan),74.93(nan),74.07(nan),74.07(nan),72.36(1.53),72.76(1.40),72.36(1.53),72.71(1.58),72.71(1.73),74.30(2.33),72.82(1.52),75.78(nan),73.05(1.13),75.21(nan),76.07(nan),76.64(nan),75.50(nan),70.60(1.80),75.73(2.17),70.48(1.67),74.64(nan),74.64(nan),75.84(2.19),76.92(nan),76.13(2.40),67.52(nan),69.23(nan),74.07(nan),61.54(4.96),,73.45(2.71),67.29(0.51),79.77(nan),78.80(1.04),72.08(nan),75.78(0.00),67.52(nan),78.97(1.07),72.93(nan),77.78(0.60),73.50(nan),65.24(nan),76.35(nan),75.50(nan),75.50(nan),67.81(nan),72.65(nan),75.78(nan),76.07(nan),76.35(nan),76.64(nan),75.61(3.27),75.61(3.27),,,72.82(2.35),78.63(0.83),67.01(1.13),70.66(nan),,,48.23(1.49),,
ionosphere,AUROC,70.18(nan),73.87(nan),75.59(nan),70.44(nan),76.06(nan),76.21(nan),74.04(nan),74.04(nan),76.32(nan),74.43(nan),76.48(2.31),76.44(2.62),71.23(nan),76.24(nan),76.55(nan),71.45(nan),76.57(nan),75.13(nan),75.13(nan),73.57(1.40),74.01(1.35),73.57(1.40),73.78(1.50),74.13(1.36),74.38(1.76),74.11(1.42),76.04(nan),74.80(1.25),72.97(nan),76.56(nan),76.10(nan),75.93(nan),71.89(0.55),76.75(2.42),71.91(0.54),75.41(nan),75.32(nan),76.78(2.42),76.61(nan),77.09(2.14),64.51(nan),68.42(nan),74.81(nan),46.95(4.39),,72.53(2.07),67.21(1.79),83.78(nan),74.75(0.29),71.17(nan),75.42(0.00),71.44(nan),75.00(0.23),71.58(nan),75.21(0.59),70.63(nan),60.35(nan),77.17(nan),77.40(nan),77.41(nan),68.58(nan),73.55(nan),75.01(nan),74.97(nan),73.33(nan),71.78(nan),77.08(3.75),77.08(3.75),,,73.42(2.03),84.28(0.72),64.31(1.47),70.83(nan),,,43.65(0.72),,
ionosphere,AUPRC,79.09(nan),80.86(nan),80.79(nan),77.91(nan),81.37(nan),81.33(nan),80.39(nan),80.39(nan),81.37(nan),81.15(nan),81.65(1.82),81.71(1.91),78.63(nan),81.06(nan),81.44(nan),78.88(nan),81.26(nan),81.33(nan),81.33(nan),80.74(1.28),80.96(1.39),80.74(1.28),80.68(1.41),81.01(1.44),80.79(1.51),81.03(1.41),80.89(nan),81.39(1.42),79.60(nan),81.36(nan),81.15(nan),80.84(nan),79.23(0.59),81.98(1.87),79.23(0.54),80.73(nan),80.64(nan),81.95(1.78),81.54(nan),82.15(1.68),73.86(nan),75.26(nan),78.66(nan),62.49(3.30),,78.92(1.58),73.40(1.02),84.84(nan),76.34(0.79),75.37(nan),80.85(0.00),79.57(nan),76.39(0.74),75.49(nan),77.43(0.60),75.40(nan),66.95(nan),83.46(nan),83.57(nan),83.59(nan),77.18(nan),81.59(nan),81.56(nan),81.46(nan),80.27(nan),74.60(nan),83.22(2.67),83.22(2.67),,,80.13(1.22),88.61(0.36),73.69(1.47),78.05(nan),,,60.88(0.55),,
ionosphere,Bal. Accuracy,55.40(nan),66.63(nan),63.75(nan),61.59(nan),66.60(nan),67.05(nan),66.56(nan),66.56(nan),69.21(nan),66.16(nan),69.04(1.91),69.36(2.46),60.40(nan),66.83(nan),67.62(nan),60.79(nan),66.83(nan),66.16(nan),66.16(nan),64.69(1.45),65.31(1.24),64.69(1.45),65.20(1.38),65.20(1.74),66.48(2.25),65.39(1.34),68.02(nan),66.09(0.88),66.70(nan),68.41(nan),69.21(nan),67.62(nan),61.35(1.55),69.44(2.02),61.19(1.44),66.25(nan),66.25(nan),69.53(2.20),69.60(nan),70.13(1.92),57.03(nan),57.32(nan),65.63(nan),49.29(1.85),,64.97(4.17),55.18(0.87),74.44(nan),73.03(1.09),64.95(nan),67.84(0.00),54.94(nan),73.12(1.13),65.79(nan),71.32(0.86),66.76(nan),62.59(nan),69.51(nan),68.49(nan),68.49(nan),57.25(nan),67.14(nan),67.67(nan),67.89(nan),68.46(nan),69.73(nan),70.33(3.13),70.33(3.13),,,66.47(2.86),74.04(2.19),54.92(1.69),62.62(nan),,,43.51(1.75),,
ionosphere,Time,0.23(nan),0.24(nan),0.27(nan),1.17(nan),2.67(nan),3.13(nan),3.24(nan),3.21(nan),1.51(nan),3.89(nan),0.38(0.00),1.91(0.28),0.93(nan),0.94(nan),0.63(nan),1.19(nan),1.18(nan),3.72(nan),3.72(nan),0.67(0.02),0.75(0.02),0.68(0.00),0.91(0.01),1.44(0.18),0.56(0.01),0.60(0.00),1.52(nan),0.29(0.00),1.21(nan),1.68(nan),1.70(nan),1.55(nan),1.78(0.09),1.36(0.02),1.42(0.02),2.79(nan),3.02(nan),1.60(0.01),1.72(nan),1.60(0.01),0.93(nan),0.84(nan),0.87(nan),3.89(0.09),,1.84(0.15),1.71(0.01),1.74(nan),2.66(0.03),2.54(nan),9.53(0.01),2.34(nan),2.72(0.01),2.73(nan),17.49(0.09),9.40(nan),1.57(nan),1.49(nan),1.27(nan),1.27(nan),0.28(nan),0.31(nan),0.49(nan),0.61(nan),0.84(nan),0.92(nan),1.47(0.03),1.47(0.03),,,4.24(0.16),9.15(0.13),1.11(0.01),1.24(nan),,,0.32(0.04),,
ipd,Num. Errors,242.00(nan),124.00(nan),104.00(nan),233.00(nan),113.00(nan),110.00(nan),120.00(nan),120.00(nan),,121.00(nan),,,239.00(nan),110.00(nan),111.00(nan),236.00(nan),106.00(nan),123.00(nan),123.00(nan),,,,,,,,,,129.00(nan),,,,,,,,,,,,229.00(nan),224.00(nan),111.00(nan),472.80(47.42),,,250.00(2.74),102.00(nan),102.20(4.55),220.00(nan),105.00(0.00),217.00(nan),100.80(4.60),220.00(nan),101.60(3.78),223.00(nan),194.00(nan),105.00(nan),108.00(nan),107.00(nan),237.00(nan),108.00(nan),109.00(nan),110.00(nan),111.00(nan),,,,,,,177.40(5.22),328.20(9.01),135.00(nan),,,,,
ipd,Accuracy,77.92(nan),88.69(nan),90.51(nan),78.74(nan),89.69(nan),89.96(nan),89.05(nan),89.05(nan),,88.96(nan),,,78.19(nan),89.96(nan),89.87(nan),78.47(nan),90.33(nan),88.78(nan),88.78(nan),,,,,,,,,,88.23(nan),,,,,,,,,,,,79.11(nan),79.56(nan),89.87(nan),56.86(4.33),,,77.19(0.25),90.69(nan),90.68(0.42),79.93(nan),90.42(0.00),80.20(nan),90.80(0.42),79.93(nan),90.73(0.35),79.65(nan),82.30(nan),90.42(nan),90.15(nan),90.24(nan),78.38(nan),90.15(nan),90.05(nan),89.96(nan),89.87(nan),,,,,,,83.81(0.48),70.05(0.82),87.68(nan),,,,,
ipd,AUROC,87.49(nan),95.15(nan),95.61(nan),88.57(nan),95.62(nan),95.78(nan),95.62(nan),95.62(nan),,95.38(nan),,,87.49(nan),95.51(nan),95.59(nan),87.76(nan),95.64(nan),95.54(nan),95.54(nan),,,,,,,,,,95.15(nan),,,,,,,,,,,,88.52(nan),87.90(nan),95.35(nan),61.54(6.24),,,86.77(0.46),96.08(nan),95.54(0.05),88.12(nan),95.42(0.00),89.23(nan),95.59(0.05),88.30(nan),95.51(0.06),88.08(nan),87.79(nan),95.56(nan),95.59(nan),95.58(nan),87.80(nan),95.67(nan),95.64(nan),95.61(nan),95.61(nan),,,,,,,90.76(0.85),76.13(1.57),91.73(nan),,,,,
ipd,AUPRC,86.57(nan),93.43(nan),94.43(nan),87.75(nan),94.00(nan),94.25(nan),94.14(nan),94.14(nan),,93.82(nan),,,86.76(nan),93.89(nan),93.95(nan),87.01(nan),94.12(nan),94.04(nan),94.04(nan),,,,,,,,,,93.74(nan),,,,,,,,,,,,87.38(nan),87.29(nan),93.67(nan),59.51(6.73),,,85.92(0.77),95.20(nan),94.02(0.39),87.54(nan),92.71(0.00),88.33(nan),94.04(0.38),87.73(nan),93.98(0.39),87.53(nan),83.17(nan),93.84(nan),93.89(nan),93.88(nan),86.99(nan),94.88(nan),93.86(nan),93.83(nan),93.83(nan),,,,,,,89.51(0.73),75.06(2.46),90.02(nan),,,,,
ipd,Bal. Accuracy,77.92(nan),88.68(nan),90.51(nan),78.75(nan),89.70(nan),89.97(nan),89.06(nan),89.06(nan),,88.97(nan),,,78.20(nan),89.97(nan),89.88(nan),78.47(nan),90.34(nan),88.79(nan),88.79(nan),,,,,,,,,,88.24(nan),,,,,,,,,,,,79.11(nan),79.57(nan),89.88(nan),56.92(4.32),,,77.20(0.25),90.70(nan),90.68(0.41),79.93(nan),90.43(0.00),80.21(nan),90.81(0.42),79.93(nan),90.73(0.34),79.65(nan),82.30(nan),90.42(nan),90.15(nan),90.24(nan),78.38(nan),90.15(nan),90.06(nan),89.97(nan),89.88(nan),,,,,,,83.82(0.48),70.06(0.82),87.68(nan),,,,,
ipd,Time,0.60(nan),0.64(nan),0.80(nan),3.82(nan),9.56(nan),10.71(nan),11.41(nan),10.70(nan),,13.62(nan),,,2.89(nan),2.93(nan),1.36(nan),3.63(nan),3.63(nan),12.70(nan),13.43(nan),,,,,,,,,,3.82(nan),,,,,,,,,,,,2.81(nan),2.60(nan),2.63(nan),11.67(0.61),,,5.36(0.03),5.41(nan),6.88(0.07),12.43(nan),22.32(0.05),5.65(nan),6.82(0.02),6.82(nan),43.93(0.17),23.57(nan),3.52(nan),4.53(nan),3.89(nan),3.87(nan),0.84(nan),0.90(nan),1.45(nan),1.88(nan),2.58(nan),,,,,,,27.72(0.43),2.97(0.02),3.43(nan),,,,,
krvskp,Num. Errors,1219.00(nan),835.00(nan),853.00(nan),1183.00(nan),832.00(nan),844.00(nan),839.00(nan),839.00(nan),815.00(nan),839.00(nan),809.60(7.86),810.40(10.62),1173.00(nan),825.00(nan),800.00(nan),1188.00(nan),821.00(nan),831.00(nan),831.00(nan),816.40(12.05),817.80(10.71),816.40(12.88),817.80(11.28),816.40(11.10),816.60(10.43),818.60(13.99),811.00(nan),819.00(9.27),846.00(nan),815.00(nan),823.00(nan),818.00(nan),1185.00(24.67),811.40(8.26),1178.80(20.03),819.00(nan),828.00(nan),816.00(11.75),827.00(nan),816.80(10.03),1197.00(nan),1220.00(nan),824.00(nan),1323.20(23.47),1313.20(91.60),869.40(12.07),1173.80(17.28),813.00(nan),849.00(7.52),1254.00(nan),790.00(0.00),1215.00(nan),841.40(4.72),1236.00(nan),844.60(4.93),1235.00(nan),886.00(nan),826.00(nan),821.00(nan),827.00(nan),1205.00(nan),829.00(nan),840.00(nan),840.00(nan),856.00(nan),811.00(nan),819.40(14.28),819.40(14.28),819.20(16.69),821.80(18.78),817.00(9.97),1066.00(29.97),1288.60(23.14),984.00(nan),1461.00(nan),1356.0,1831.20(11.32),959.00(0.00),
krvskp,Accuracy,61.86(nan),73.87(nan),73.31(nan),62.98(nan),73.97(nan),73.59(nan),73.75(nan),73.75(nan),74.50(nan),73.75(nan),74.67(0.25),74.64(0.33),63.30(nan),74.19(nan),74.97(nan),62.83(nan),74.31(nan),74.00(nan),74.00(nan),74.46(0.38),74.41(0.34),74.46(0.40),74.41(0.35),74.46(0.35),74.45(0.33),74.39(0.44),74.62(nan),74.37(0.29),73.53(nan),74.50(nan),74.25(nan),74.41(nan),62.92(0.77),74.61(0.26),63.12(0.63),74.37(nan),74.09(nan),74.47(0.37),74.12(nan),74.44(0.31),62.55(nan),61.83(nan),74.22(nan),58.60(0.73),58.91(2.87),72.80(0.38),63.27(0.54),74.56(nan),73.44(0.24),60.76(nan),75.28(0.00),61.98(nan),73.67(0.15),61.33(nan),73.57(0.15),61.36(nan),72.28(nan),74.16(nan),74.31(nan),74.12(nan),62.30(nan),74.06(nan),73.72(nan),73.72(nan),73.22(nan),74.62(nan),74.36(0.45),74.36(0.45),74.37(0.52),74.29(0.59),74.44(0.31),66.65(0.94),59.68(0.72),69.21(nan),54.29(nan),57.57,42.69(0.35),69.99(0.00),
krvskp,AUROC,66.63(nan),82.16(nan),81.62(nan),68.76(nan),82.56(nan),82.54(nan),82.20(nan),82.20(nan),82.62(nan),82.22(nan),82.96(0.19),82.94(0.18),68.23(nan),82.73(nan),82.92(nan),68.20(nan),82.76(nan),82.16(nan),82.16(nan),82.77(0.20),82.77(0.18),82.76(0.24),82.78(0.20),82.77(0.20),82.74(0.14),82.78(0.19),82.84(nan),82.76(0.18),82.13(nan),82.71(nan),82.78(nan),82.85(nan),68.21(0.69),82.95(0.25),68.39(0.54),82.69(nan),82.55(nan),82.91(0.28),82.70(nan),82.88(0.20),66.99(nan),66.06(nan),82.38(nan),60.65(1.31),64.14(3.27),81.02(0.16),68.19(0.20),81.89(nan),81.35(0.13),64.11(nan),82.86(0.00),67.11(nan),81.66(0.12),64.96(nan),81.58(0.09),64.94(nan),79.43(nan),82.88(nan),82.89(nan),82.87(nan),67.15(nan),82.67(nan),82.58(nan),82.59(nan),81.90(nan),82.89(nan),82.91(0.21),82.91(0.21),82.87(0.21),82.86(0.15),82.81(0.23),73.08(1.01),62.95(0.66),75.49(nan),47.18(nan),50.87,44.97(0.07),75.67(0.00),
krvskp,AUPRC,68.61(nan),83.76(nan),83.16(nan),71.09(nan),84.00(nan),84.04(nan),83.99(nan),83.99(nan),84.26(nan),84.08(nan),84.56(0.25),84.56(0.19),70.86(nan),84.12(nan),84.34(nan),70.93(nan),84.12(nan),83.90(nan),83.90(nan),84.31(0.17),84.30(0.16),84.31(0.20),84.32(0.18),84.31(0.17),84.25(0.12),84.31(0.17),84.31(nan),84.32(0.15),83.99(nan),84.30(nan),84.28(nan),84.30(nan),70.73(0.68),84.55(0.27),70.91(0.54),84.18(nan),84.05(nan),84.51(0.30),84.23(nan),84.49(0.23),68.28(nan),68.58(nan),84.08(nan),61.96(1.13),67.11(3.00),82.67(0.10),69.97(0.21),82.91(nan),82.68(0.13),64.03(nan),83.99(0.00),68.67(nan),82.96(0.14),64.92(nan),82.89(0.13),64.89(nan),79.78(nan),84.41(nan),84.41(nan),84.40(nan),69.95(nan),84.12(nan),84.11(nan),84.10(nan),83.38(nan),84.55(nan),84.48(0.20),84.48(0.20),84.36(0.27),84.35(0.18),84.43(0.17),74.19(1.27),63.53(0.59),76.41(nan),51.15(nan),52.65,47.93(0.08),73.90(0.00),
krvskp,Bal. Accuracy,61.64(nan),73.74(nan),73.18(nan),62.85(nan),73.90(nan),73.51(nan),73.70(nan),73.70(nan),74.42(nan),73.71(nan),74.59(0.20),74.57(0.29),62.95(nan),74.10(nan),74.87(nan),62.49(nan),74.22(nan),73.95(nan),73.95(nan),74.42(0.36),74.37(0.32),74.42(0.39),74.38(0.34),74.42(0.33),74.38(0.30),74.35(0.42),74.58(nan),74.34(0.27),73.47(nan),74.45(nan),74.19(nan),74.33(nan),62.65(0.74),74.54(0.24),62.84(0.60),74.29(nan),74.01(nan),74.40(0.34),74.08(nan),74.38(0.27),62.38(nan),61.63(nan),74.17(nan),57.96(0.71),57.83(3.16),72.68(0.40),63.02(0.58),74.44(nan),73.31(0.24),60.62(nan),75.19(0.00),62.02(nan),73.55(0.16),61.18(nan),73.45(0.15),61.20(nan),72.09(nan),74.10(nan),74.25(nan),74.07(nan),62.18(nan),74.03(nan),73.66(nan),73.66(nan),73.16(nan),74.52(nan),74.30(0.42),74.30(0.42),74.29(0.48),74.23(0.54),74.40(0.30),66.44(0.96),59.32(0.73),69.10(nan),52.79(nan),57.44,44.18(0.38),69.75(0.00),
krvskp,Time,2.08(nan),2.25(nan),2.33(nan),11.12(nan),31.40(nan),36.84(nan),39.48(nan),36.13(nan),21.35(nan),45.94(nan),3.62(0.02),16.42(2.20),8.82(nan),8.97(nan),5.75(nan),10.98(nan),11.08(nan),42.52(nan),43.76(nan),6.79(0.13),6.99(0.11),6.28(0.03),9.74(0.07),14.97(0.23),5.08(0.01),5.47(0.02),20.19(nan),3.19(0.03),11.29(nan),27.14(nan),34.82(nan),20.08(nan),24.77(3.13),16.12(0.51),17.06(0.76),26.54(nan),31.17(nan),15.30(0.29),27.34(nan),15.53(0.27),9.93(nan),7.86(nan),8.26(nan),34.28(0.61),32.93(0.07),21.78(2.20),16.92(0.31),15.75(nan),27.64(2.21),47.45(nan),91.25(0.07),22.11(nan),25.66(0.07),25.73(nan),183.43(18.02),97.55(nan),16.11(nan),13.98(nan),12.09(nan),11.75(nan),2.63(nan),2.75(nan),4.41(nan),5.63(nan),7.67(nan),10.94(nan),19.05(0.57),22.75(4.54),29.08(1.14),24.12(1.47),59.22(4.98),90.67(1.66),12.88(1.25),10.98(nan),0.55(nan),0.16,3.00(0.00),38.18(0.66),
magic04,Num. Errors,6137.00(nan),4870.00(nan),4752.00(nan),5719.00(nan),4764.00(nan),4762.00(nan),4803.00(nan),4803.00(nan),4767.00(nan),4802.00(nan),4754.20(17.20),4779.60(18.64),5654.00(nan),4756.00(nan),4765.00(nan),6329.00(nan),4792.00(nan),4834.00(nan),4834.00(nan),4755.80(18.67),4743.00(11.25),4765.20(30.56),4740.60(26.89),4749.20(11.65),4745.00(9.70),4752.00(21.07),4757.00(nan),4788.40(30.67),4745.00(nan),4776.00(nan),4735.00(nan),4759.00(nan),5640.40(60.16),4738.40(19.37),5658.00(35.55),4736.00(nan),4727.00(nan),4736.00(18.49),4754.00(nan),4753.00(10.30),5328.00(nan),5424.00(nan),4865.00(nan),5486.20(13.50),5239.00(107.85),4794.80(15.91),5481.40(37.57),4985.00(nan),5171.20(11.14),6100.00(nan),5196.00(0.00),5612.00(nan),5152.40(11.78),6010.00(nan),5210.80(21.37),5787.00(nan),6080.00(nan),4815.00(nan),4814.00(nan),4802.00(nan),5538.00(nan),4793.00(nan),4709.00(nan),4714.00(nan),4741.00(nan),4815.00(nan),4747.20(24.04),4747.20(24.04),4792.40(21.24),4837.40(15.99),4806.20(13.33),4957.20(89.84),5910.80(44.78),5700.00(nan),7831.00(0.00),7400.0,12355.00(16.61),6064.40(9.53),4816.20(27.45)
magic04,Accuracy,67.73(nan),74.40(nan),75.02(nan),69.93(nan),74.95(nan),74.96(nan),74.75(nan),74.75(nan),74.94(nan),74.75(nan),75.00(0.09),74.87(0.10),70.27(nan),74.99(nan),74.95(nan),66.72(nan),74.81(nan),74.58(nan),74.58(nan),75.00(0.10),75.06(0.06),74.95(0.16),75.08(0.14),75.03(0.06),75.05(0.05),75.02(0.11),74.99(nan),74.82(0.16),75.05(nan),74.89(nan),75.11(nan),74.98(nan),70.34(0.32),75.09(0.10),70.25(0.19),75.10(nan),75.15(nan),75.10(0.10),75.01(nan),75.01(0.05),71.99(nan),71.48(nan),74.42(nan),71.16(0.07),72.46(0.57),74.79(0.08),71.18(0.20),73.79(nan),72.81(0.06),67.93(nan),72.68(0.00),70.49(nan),72.91(0.06),68.40(nan),72.60(0.11),69.57(nan),68.03(nan),74.68(nan),74.69(nan),74.75(nan),70.88(nan),74.80(nan),75.24(nan),75.22(nan),75.07(nan),74.68(nan),75.04(0.13),75.04(0.13),74.80(0.11),74.57(0.08),74.73(0.07),73.94(0.47),68.92(0.24),70.03(nan),58.83(0.00),61.09,35.04(0.09),68.12(0.05),74.68(0.14)
magic04,AUROC,63.50(nan),77.53(nan),77.91(nan),65.12(nan),78.07(nan),78.02(nan),77.66(nan),77.66(nan),78.11(nan),77.77(nan),78.27(0.12),77.85(0.17),65.76(nan),78.27(nan),78.16(nan),55.55(nan),77.95(nan),77.65(nan),77.65(nan),78.08(0.11),78.20(0.10),78.04(0.11),78.14(0.08),78.24(0.11),78.18(0.15),78.23(0.15),78.22(nan),77.79(0.12),77.92(nan),78.18(nan),78.23(nan),78.18(nan),65.53(0.39),78.23(0.13),65.67(0.29),78.27(nan),78.32(nan),78.19(0.12),78.18(nan),78.13(0.10),68.01(nan),66.65(nan),77.24(nan),66.53(0.25),73.69(1.01),77.50(0.16),67.25(0.26),75.47(nan),72.76(0.03),61.52(nan),73.79(0.00),64.43(nan),72.99(0.02),61.90(nan),72.91(0.04),67.29(nan),65.86(nan),77.64(nan),77.53(nan),77.60(nan),66.72(nan),77.78(nan),78.21(nan),78.13(nan),77.95(nan),78.02(nan),78.19(0.08),78.19(0.08),77.86(0.15),77.91(0.13),77.66(0.12),76.35(0.65),62.36(0.74),68.74(nan),42.71(0.00),45.39,47.34(0.06),65.90(0.05),77.22(0.18)
magic04,AUPRC,71.70(nan),85.29(nan),85.55(nan),72.35(nan),85.56(nan),85.52(nan),85.09(nan),85.09(nan),85.55(nan),85.15(nan),85.71(0.09),85.33(0.13),72.98(nan),85.65(nan),85.59(nan),67.40(nan),85.46(nan),85.14(nan),85.14(nan),85.56(0.09),85.68(0.07),85.54(0.08),85.58(0.06),85.71(0.08),85.65(0.10),85.71(0.10),85.68(nan),85.32(0.10),85.32(nan),85.69(nan),85.68(nan),85.64(nan),72.81(0.28),85.66(0.11),72.89(0.24),85.71(nan),85.73(nan),85.63(0.11),85.63(nan),85.58(0.09),74.50(nan),73.33(nan),84.92(nan),74.06(0.21),82.84(0.61),85.08(0.11),74.24(0.28),83.70(nan),80.41(0.02),70.07(nan),81.96(0.00),71.75(nan),80.60(0.02),70.27(nan),80.66(0.07),75.59(nan),75.84(nan),85.19(nan),85.14(nan),85.18(nan),73.62(nan),85.28(nan),85.64(nan),85.56(nan),85.46(nan),85.63(nan),85.63(0.08),85.63(0.08),85.33(0.13),85.38(0.11),85.14(0.12),84.16(0.51),71.20(0.57),78.86(nan),67.54(0.00),60.3,62.27(0.08),76.11(0.04),84.74(0.12)
magic04,Bal. Accuracy,61.43(nan),67.26(nan),67.62(nan),62.59(nan),67.54(nan),67.65(nan),68.55(nan),68.55(nan),67.53(nan),68.75(nan),67.62(0.12),67.39(0.18),62.23(nan),67.62(nan),67.54(nan),54.39(nan),67.46(nan),68.44(nan),68.44(nan),67.66(0.16),67.72(0.10),67.59(0.20),67.86(0.19),67.72(0.10),67.74(0.16),67.68(0.15),67.57(nan),67.47(0.23),68.81(nan),67.43(nan),67.73(nan),67.55(nan),62.26(0.37),67.76(0.20),62.20(0.44),67.67(nan),67.72(nan),67.75(0.15),67.55(nan),67.64(0.16),63.78(nan),62.99(nan),67.00(nan),61.90(0.08),63.05(1.02),67.27(0.13),62.43(0.28),65.42(nan),64.93(0.08),59.71(nan),63.71(0.00),61.75(nan),64.97(0.08),60.01(nan),64.40(0.17),62.26(nan),58.68(nan),67.42(nan),67.33(nan),67.45(nan),62.92(nan),67.59(nan),67.87(nan),67.81(nan),67.76(nan),67.41(nan),67.78(0.22),67.78(0.22),67.58(0.16),68.23(0.09),67.61(0.07),66.99(0.62),59.27(0.45),59.34(nan),57.28(0.00),54.63,48.57(0.08),58.70(0.06),67.65(0.15)
magic04,Time,10.08(nan),11.02(nan),11.71(nan),72.95(nan),199.03(nan),237.65(nan),217.00(nan),203.66(nan),120.61(nan),265.80(nan),20.51(0.11),83.91(0.49),54.53(nan),52.05(nan),30.10(nan),68.01(nan),65.44(nan),248.73(nan),256.73(nan),36.85(0.33),38.73(0.45),36.11(0.15),56.17(0.93),46.01(15.89),29.35(0.08),35.08(1.98),117.05(nan),17.15(0.13),65.93(nan),149.07(nan),220.78(nan),118.63(nan),124.92(2.83),90.25(2.74),71.50(0.60),147.51(nan),175.73(nan),82.83(1.33),88.12(nan),84.09(2.19),46.25(nan),41.65(nan),41.48(nan),209.35(5.90),196.46(0.39),95.92(11.93),93.90(2.75),92.79(nan),74.53(0.94),130.41(nan),145.55(15.49),57.57(nan),76.93(0.10),76.81(nan),472.58(4.27),259.17(nan),33.08(nan),74.66(nan),61.83(nan),61.93(nan),15.70(nan),15.73(nan),25.50(nan),32.74(nan),44.65(nan),54.75(nan),108.79(7.22),108.79(7.22),110.70(3.29),128.27(2.19),333.88(35.99),448.20(1.58),56.93(1.60),58.20(nan),1.17(0.03),1.59,475.39(5.78),31.89(0.20),162.52(8.38)
phishing,Num. Errors,1616.00(nan),1217.00(nan),1308.00(nan),1485.00(nan),1258.00(nan),1257.00(nan),1289.00(nan),1289.00(nan),1269.00(nan),1299.00(nan),1234.80(13.18),1230.20(22.98),1507.00(nan),1229.00(nan),1240.00(nan),1491.00(nan),1262.00(nan),1289.00(nan),1289.00(nan),1233.60(23.45),1233.80(22.70),1230.60(22.35),1231.40(23.66),1233.00(23.18),1230.00(21.55),1233.40(20.32),1254.00(nan),1232.20(25.64),1311.00(nan),1256.00(nan),1270.00(nan),1262.00(nan),1524.20(11.99),1233.80(18.43),1513.00(16.12),1236.00(nan),1255.00(nan),1236.00(16.17),1250.00(nan),1234.80(14.18),1514.00(nan),1628.00(nan),1242.00(nan),2558.80(78.00),1704.00(59.32),1310.00(10.77),1695.40(27.71),1218.00(nan),1291.40(11.78),1651.00(nan),1458.00(0.00),1848.00(nan),1275.40(11.01),1643.00(nan),1274.60(12.40),1658.00(nan),1424.00(nan),1250.00(nan),1237.00(nan),1245.00(nan),1624.00(nan),1255.00(nan),1264.00(nan),1247.00(nan),1260.00(nan),1230.00(nan),1239.60(20.49),1240.00(20.25),1239.20(15.30),1242.20(24.45),1224.80(18.74),1733.80(51.45),3282.20(159.51),2183.00(nan),4721.00(nan),1782.0,5155.80(6.46),1568.00(0.00),
phishing,Accuracy,85.38(nan),88.99(nan),88.17(nan),86.57(nan),88.62(nan),88.63(nan),88.34(nan),88.34(nan),88.52(nan),88.25(nan),88.83(0.12),88.87(0.21),86.37(nan),88.88(nan),88.78(nan),86.51(nan),88.58(nan),88.34(nan),88.34(nan),88.84(0.21),88.84(0.21),88.87(0.20),88.86(0.21),88.85(0.21),88.87(0.19),88.84(0.18),88.66(nan),88.85(0.23),88.14(nan),88.64(nan),88.51(nan),88.58(nan),86.21(0.11),88.84(0.17),86.31(0.15),88.82(nan),88.65(nan),88.82(0.15),88.69(nan),88.83(0.13),86.30(nan),85.27(nan),88.77(nan),76.85(0.71),84.59(0.54),88.15(0.10),84.66(0.25),88.98(nan),88.32(0.11),85.07(nan),86.81(0.00),83.28(nan),88.46(0.10),85.14(nan),88.47(0.11),85.00(nan),87.12(nan),88.69(nan),88.81(nan),88.74(nan),85.31(nan),88.65(nan),88.57(nan),88.72(nan),88.60(nan),88.87(nan),88.79(0.19),88.78(0.18),88.79(0.14),88.76(0.22),88.92(0.17),84.32(0.47),70.31(1.44),80.25(nan),57.30(nan),83.88,53.36(0.06),85.82(0.00),
phishing,AUROC,93.34(nan),95.81(nan),95.27(nan),94.12(nan),95.54(nan),95.56(nan),95.36(nan),95.36(nan),95.48(nan),95.37(nan),95.59(0.06),95.62(0.06),94.02(nan),95.61(nan),95.55(nan),94.03(nan),95.56(nan),95.40(nan),95.40(nan),95.67(0.05),95.67(0.04),95.67(0.03),95.67(0.05),95.67(0.06),95.66(0.04),95.66(0.06),95.54(nan),95.66(0.04),95.32(nan),95.55(nan),95.50(nan),95.57(nan),93.90(0.06),95.60(0.06),93.94(0.07),95.60(nan),95.58(nan),95.60(0.05),95.55(nan),95.59(0.05),93.82(nan),93.23(nan),95.68(nan),87.25(0.71),93.04(0.44),95.06(0.04),92.50(0.10),95.40(nan),94.83(0.02),92.89(nan),93.78(0.00),91.03(nan),94.91(0.01),92.95(nan),94.88(0.01),92.95(nan),94.12(nan),95.65(nan),95.68(nan),95.70(nan),93.19(nan),95.60(nan),95.51(nan),95.53(nan),95.51(nan),95.81(nan),95.59(0.06),95.59(0.06),95.59(0.06),95.60(0.05),95.63(0.07),92.04(0.21),81.47(1.37),90.12(nan),48.11(nan),54.88,43.37(0.09),93.00(0.00),
phishing,AUPRC,94.55(nan),96.52(nan),96.03(nan),95.05(nan),96.24(nan),96.27(nan),96.12(nan),96.12(nan),96.21(nan),96.15(nan),96.29(0.06),96.31(0.06),94.94(nan),96.32(nan),96.28(nan),94.94(nan),96.29(nan),96.17(nan),96.17(nan),96.36(0.04),96.35(0.04),96.36(0.02),96.36(0.04),96.36(0.05),96.35(0.03),96.36(0.06),96.26(nan),96.35(0.04),96.10(nan),96.26(nan),96.22(nan),96.28(nan),94.87(0.05),96.31(0.06),94.89(0.06),96.30(nan),96.30(nan),96.30(0.05),96.24(nan),96.29(0.04),94.69(nan),94.40(nan),96.39(nan),89.63(0.53),94.27(0.35),95.79(0.05),93.75(0.07),96.15(nan),95.50(0.02),93.95(nan),94.49(0.00),92.06(nan),95.57(0.01),94.02(nan),95.55(0.03),94.03(nan),94.96(nan),96.34(nan),96.38(nan),96.39(nan),94.35(nan),96.30(nan),96.21(nan),96.23(nan),96.23(nan),96.53(nan),96.30(0.06),96.30(0.06),96.30(0.06),96.31(0.06),96.31(0.06),93.03(0.19),84.82(1.07),91.34(nan),34.88(nan),57.47,51.16(0.07),93.93(0.00),
phishing,Bal. Accuracy,85.05(nan),88.73(nan),87.84(nan),86.32(nan),88.39(nan),88.43(nan),88.12(nan),88.12(nan),88.26(nan),88.03(nan),88.56(0.13),88.61(0.21),86.07(nan),88.66(nan),88.55(nan),86.20(nan),88.35(nan),88.12(nan),88.12(nan),88.55(0.21),88.55(0.20),88.58(0.21),88.57(0.21),88.56(0.21),88.59(0.19),88.55(0.17),88.43(nan),88.57(0.23),87.92(nan),88.40(nan),88.28(nan),88.37(nan),85.91(0.11),88.57(0.17),86.00(0.16),88.60(nan),88.42(nan),88.55(0.14),88.43(nan),88.55(0.13),85.96(nan),84.96(nan),88.49(nan),75.13(0.86),83.67(0.61),87.85(0.11),84.27(0.26),88.64(nan),88.02(0.11),84.73(nan),86.15(0.00),82.38(nan),88.17(0.10),84.80(nan),88.15(0.12),84.65(nan),86.81(nan),88.45(nan),88.52(nan),88.47(nan),84.98(nan),88.41(nan),88.27(nan),88.46(nan),88.33(nan),88.62(nan),88.50(0.21),88.50(0.20),88.51(0.16),88.51(0.24),88.64(0.18),83.91(0.52),67.30(1.78),78.47(nan),51.88(nan),83.26,47.98(0.06),85.44(0.00),
phishing,Time,7.33(nan),7.81(nan),8.30(nan),39.64(nan),141.71(nan),161.30(nan),159.85(nan),147.66(nan),100.18(nan),180.24(nan),12.75(0.10),57.32(2.28),31.98(nan),31.64(nan),19.38(nan),38.86(nan),39.16(nan),166.99(nan),171.19(nan),23.08(1.45),25.30(1.56),22.37(0.20),34.84(0.39),28.07(0.51),18.36(0.18),23.88(0.46),88.99(nan),10.49(0.23),39.69(nan),194.09(nan),163.21(nan),93.30(nan),125.90(15.95),71.79(6.41),54.05(1.20),100.92(nan),117.70(nan),58.88(3.08),95.35(nan),60.41(2.75),44.18(nan),32.01(nan),27.95(nan),117.51(0.41),116.34(0.36),63.64(8.95),58.44(0.53),55.24(nan),107.37(0.35),196.36(nan),243.34(1.02),93.59(nan),105.32(0.12),106.12(nan),400.15(2.43),981.43(nan),87.00(nan),48.36(nan),41.06(nan),40.56(nan),9.12(nan),9.78(nan),15.74(nan),19.52(nan),27.69(nan),67.13(nan),72.26(3.75),88.66(14.06),133.42(6.55),114.43(3.05),242.79(71.11),324.02(11.01),45.07(2.30),38.37(nan),2.54(nan),0.58,15.58(0.20),189.27(11.40),
spam,Num. Errors,381.00(nan),338.00(nan),475.00(nan),318.00(nan),329.00(nan),320.00(nan),297.00(nan),297.00(nan),357.00(nan),282.00(nan),360.20(6.06),357.00(6.63),360.00(nan),342.00(nan),361.00(nan),341.00(nan),322.00(nan),310.00(nan),310.00(nan),371.60(12.20),370.60(10.92),365.60(7.99),359.80(6.10),362.80(12.11),367.40(18.84),363.20(14.65),355.00(nan),360.20(7.19),289.00(nan),347.00(nan),347.00(nan),356.00(nan),379.20(11.32),358.60(21.38),374.60(18.77),334.00(nan),332.00(nan),354.40(13.45),347.00(nan),355.00(12.06),797.00(nan),350.00(nan),298.00(nan),1377.40(160.91),543.80(78.32),523.40(31.60),455.20(20.97),283.00(nan),398.40(11.44),380.00(nan),1862.00(0.00),1517.00(nan),393.00(10.42),372.00(nan),393.80(10.13),398.00(nan),629.00(nan),298.00(nan),305.00(nan),296.00(nan),386.00(nan),349.00(nan),376.00(nan),357.00(nan),340.00(nan),334.00(nan),359.40(11.74),359.40(11.74),359.40(10.99),348.00(13.78),368.00(16.84),741.40(10.67),1568.40(98.30),935.00(nan),1640.00(0.00),491.0,2609.40(11.91),684.00(0.00),
spam,Accuracy,93.87(nan),94.56(nan),92.35(nan),94.88(nan),94.70(nan),94.85(nan),95.22(nan),95.22(nan),94.25(nan),95.46(nan),94.20(0.10),94.25(0.11),94.21(nan),94.50(nan),94.19(nan),94.51(nan),94.82(nan),95.01(nan),95.01(nan),94.02(0.20),94.04(0.18),94.12(0.13),94.21(0.10),94.16(0.19),94.09(0.30),94.15(0.24),94.29(nan),94.20(0.12),95.35(nan),94.41(nan),94.41(nan),94.27(nan),93.90(0.18),94.23(0.34),93.97(0.30),94.62(nan),94.66(nan),94.30(0.22),94.41(nan),94.29(0.19),87.17(nan),94.37(nan),95.20(nan),77.83(2.59),91.25(1.26),91.58(0.51),92.67(0.34),95.45(nan),93.59(0.18),93.88(nan),70.03(0.00),75.58(nan),93.67(0.17),94.01(nan),93.66(0.16),93.59(nan),89.88(nan),95.20(nan),95.09(nan),95.24(nan),93.79(nan),94.38(nan),93.95(nan),94.25(nan),94.53(nan),94.62(nan),94.22(0.19),94.22(0.19),94.22(0.18),94.40(0.22),94.08(0.27),88.07(0.17),74.76(1.58),84.95(nan),73.60(0.00),92.1,57.99(0.19),88.99(0.00),
spam,AUROC,97.82(nan),98.34(nan),96.94(nan),98.39(nan),98.23(nan),98.30(nan),98.43(nan),98.43(nan),98.08(nan),98.47(nan),98.03(0.07),97.99(0.09),97.86(nan),98.22(nan),98.08(nan),98.06(nan),98.32(nan),98.46(nan),98.46(nan),97.86(0.05),97.98(0.08),97.91(0.09),98.06(0.05),98.03(0.09),97.95(0.12),98.04(0.08),98.09(nan),98.09(0.03),98.42(nan),98.08(nan),98.04(nan),98.07(nan),97.63(0.05),98.07(0.08),97.61(0.10),98.18(nan),98.18(nan),98.06(0.07),98.08(nan),98.04(0.07),93.83(nan),98.11(nan),98.51(nan),84.93(3.34),96.42(0.52),96.27(0.40),97.28(0.12),98.64(nan),97.16(0.05),97.62(nan),90.71(0.00),94.93(nan),97.25(0.04),97.62(nan),97.31(0.15),97.53(nan),94.48(nan),98.54(nan),98.45(nan),98.47(nan),97.65(nan),98.12(nan),97.88(nan),98.08(nan),98.14(nan),98.32(nan),98.16(0.05),98.16(0.05),98.15(0.04),98.16(0.05),97.93(0.06),93.90(0.08),80.16(1.19),91.79(nan),25.68(0.00),34.55,71.37(0.12),93.88(0.00),
spam,AUPRC,95.12(nan),96.25(nan),94.06(nan),96.55(nan),96.16(nan),96.49(nan),96.64(nan),96.64(nan),95.86(nan),96.49(nan),95.76(0.18),95.83(0.17),95.34(nan),96.15(nan),95.86(nan),95.81(nan),96.47(nan),96.61(nan),96.61(nan),95.63(0.13),95.69(0.06),95.67(0.14),95.82(0.07),95.73(0.13),95.52(0.10),95.77(0.12),95.72(nan),95.97(0.05),96.57(nan),95.64(nan),95.62(nan),95.82(nan),94.88(0.12),95.85(0.12),94.81(0.18),95.86(nan),96.01(nan),95.78(0.14),95.86(nan),95.79(0.13),89.16(nan),96.16(nan),96.70(nan),71.05(5.43),92.41(1.06),93.12(0.56),94.03(0.27),97.17(nan),94.21(0.09),95.00(nan),83.71(0.00),89.61(nan),94.13(0.19),95.02(nan),94.77(0.23),95.18(nan),88.39(nan),96.82(nan),96.65(nan),96.69(nan),94.97(nan),95.96(nan),95.61(nan),95.88(nan),95.91(nan),96.24(nan),95.90(0.08),95.90(0.08),95.81(0.06),95.87(0.06),95.69(0.13),88.51(0.18),62.37(1.95),82.03(nan),31.57(0.00),25.15,63.68(0.07),89.63(0.00),
spam,Bal. Accuracy,92.97(nan),93.84(nan),90.95(nan),94.26(nan),94.09(nan),94.29(nan),94.65(nan),94.65(nan),93.78(nan),94.90(nan),93.58(0.20),93.64(0.13),93.53(nan),93.80(nan),93.68(nan),93.84(nan),94.29(nan),94.52(nan),94.52(nan),93.36(0.19),93.37(0.30),93.48(0.14),93.57(0.14),93.52(0.31),93.37(0.37),93.46(0.42),93.85(nan),93.65(0.20),94.72(nan),93.91(nan),93.89(nan),93.67(nan),93.22(0.28),93.58(0.40),93.33(0.35),94.01(nan),94.14(nan),93.72(0.29),93.79(nan),93.68(0.22),84.01(nan),93.55(nan),94.48(nan),78.11(3.69),91.93(1.03),90.20(0.45),91.23(0.43),94.94(nan),92.54(0.22),92.70(nan),76.64(0.00),81.25(nan),92.71(0.22),93.02(nan),92.56(0.24),92.52(nan),89.65(nan),94.63(nan),94.47(nan),94.57(nan),93.21(nan),94.01(nan),92.84(nan),93.25(nan),93.80(nan),93.93(nan),93.55(0.30),93.55(0.30),93.58(0.20),93.73(0.28),93.49(0.20),85.81(0.18),74.70(1.47),86.66(nan),74.33(0.00),90.55,62.76(0.14),87.91(0.00),
spam,Time,7.14(nan),6.49(nan),9.48(nan),38.60(nan),246.19(nan),381.79(nan),289.55(nan),267.50(nan),152.13(nan),275.17(nan),13.93(0.24),99.49(0.42),33.16(nan),27.77(nan),27.40(nan),37.12(nan),34.33(nan),252.19(nan),262.23(nan),36.52(1.17),25.35(0.38),21.93(0.27),33.53(0.47),35.08(1.35),20.07(0.32),24.79(0.76),170.93(nan),7.99(0.10),34.27(nan),297.80(nan),364.37(nan),196.18(nan),494.05(34.99),176.99(2.46),108.75(0.84),126.05(nan),147.21(nan),84.37(1.35),126.82(nan),77.96(1.41),195.14(nan),72.42(nan),27.89(nan),79.42(0.24),79.16(0.19),77.57(3.77),53.08(1.42),33.47(nan),761.97(131.34),867.43(nan),1385.13(1.12),514.75(nan),530.91(3.22),530.94(nan),2380.87(366.99),2018.77(nan),994.69(nan),42.63(nan),38.19(nan),38.30(nan),8.44(nan),7.52(nan),15.67(nan),18.61(nan),23.19(nan),244.76(nan),169.51(10.36),169.51(10.36),480.65(16.72),235.63(7.82),227.27(4.14),168.54(0.31),39.58(0.12),43.13(nan),14.54(0.01),1.89,104.55(1.90),1032.70(3.92),
spambase,Num. Errors,1057.00(nan),629.00(nan),713.00(nan),943.00(nan),634.00(nan),648.00(nan),640.00(nan),640.00(nan),652.00(nan),654.00(nan),651.40(2.07),652.20(12.97),1104.00(nan),643.00(nan),654.00(nan),1148.00(nan),654.00(nan),642.00(nan),642.00(nan),644.20(8.90),646.20(12.11),644.80(8.56),642.00(8.22),642.40(4.98),646.00(7.52),646.00(8.49),650.00(nan),643.60(8.02),659.00(nan),644.00(nan),647.00(nan),656.00(nan),1098.00(25.86),650.20(3.96),1092.60(37.96),634.00(nan),635.00(nan),651.60(2.61),640.00(nan),645.40(7.23),1146.00(nan),1268.00(nan),645.00(nan),1564.20(18.70),1721.00(161.20),729.60(4.51),1765.80(126.29),841.00(nan),700.00(8.28),1422.00(nan),789.00(0.00),2142.00(nan),697.20(9.58),1328.00(nan),711.00(9.19),1348.00(nan),1371.00(nan),637.00(nan),635.00(nan),635.00(nan),1103.00(nan),630.00(nan),653.00(nan),653.00(nan),652.00(nan),635.00(nan),656.60(6.77),655.60(7.16),646.00(14.65),641.00(8.54),647.80(10.80),864.00(29.16),1617.80(101.45),1857.00(nan),2361.00(nan),1547.0,1834.00(5.79),1408.40(8.56),
spambase,Accuracy,77.03(nan),86.33(nan),84.50(nan),79.50(nan),86.22(nan),85.92(nan),86.09(nan),86.09(nan),85.83(nan),85.79(nan),85.84(0.05),85.82(0.28),76.01(nan),86.02(nan),85.79(nan),75.05(nan),85.79(nan),86.05(nan),86.05(nan),86.00(0.19),85.96(0.26),85.99(0.19),86.05(0.18),86.04(0.11),85.96(0.16),85.96(0.18),85.87(nan),86.01(0.17),85.68(nan),86.00(nan),85.94(nan),85.74(nan),76.14(0.56),85.87(0.09),76.25(0.82),86.22(nan),86.20(nan),85.84(0.06),86.09(nan),85.97(0.16),75.09(nan),72.44(nan),85.98(nan),66.00(0.41),62.60(3.50),84.14(0.10),61.62(2.74),81.72(nan),84.79(0.18),69.09(nan),82.85(0.00),53.44(nan),84.85(0.21),71.14(nan),84.55(0.20),70.70(nan),70.20(nan),86.16(nan),86.20(nan),86.20(nan),76.03(nan),86.31(nan),85.81(nan),85.81(nan),85.83(nan),86.20(nan),85.73(0.15),85.75(0.16),85.96(0.32),86.07(0.19),85.92(0.23),81.22(0.63),64.84(2.20),59.64(nan),48.69(nan),66.38,60.13(0.13),69.39(0.19),
spambase,AUROC,80.23(nan),92.28(nan),91.23(nan),84.84(nan),92.39(nan),92.27(nan),92.36(nan),92.36(nan),92.37(nan),92.29(nan),92.23(0.16),92.30(0.13),81.08(nan),92.25(nan),92.25(nan),83.48(nan),92.17(nan),92.31(nan),92.31(nan),92.33(0.07),92.33(0.08),92.33(0.06),92.34(0.07),92.33(0.07),92.30(0.07),92.32(0.07),92.44(nan),92.32(0.07),92.13(nan),92.47(nan),92.40(nan),92.45(nan),81.90(0.43),92.34(0.13),81.81(0.74),92.47(nan),92.44(nan),92.32(0.12),92.44(nan),92.35(0.12),81.35(nan),79.53(nan),92.33(nan),61.39(0.62),64.61(6.99),90.68(0.11),53.92(8.92),86.14(nan),91.38(0.07),72.66(nan),89.91(0.00),56.67(nan),91.49(0.07),72.32(nan),91.43(0.07),72.58(nan),74.48(nan),92.40(nan),92.37(nan),92.43(nan),82.57(nan),92.38(nan),92.08(nan),92.14(nan),92.27(nan),92.47(nan),92.14(0.10),92.14(0.10),92.39(0.14),92.42(0.15),92.17(0.12),87.62(0.55),63.40(0.43),59.30(nan),45.48(nan),58.07,46.64(0.27),74.46(0.09),
spambase,AUPRC,70.03(nan),88.23(nan),86.97(nan),76.01(nan),88.54(nan),88.49(nan),88.58(nan),88.58(nan),88.42(nan),88.30(nan),88.25(0.31),88.33(0.20),70.11(nan),88.33(nan),88.11(nan),73.63(nan),88.21(nan),88.46(nan),88.46(nan),88.40(0.29),88.41(0.32),88.40(0.29),88.43(0.30),88.43(0.31),88.44(0.31),88.43(0.32),88.48(nan),88.40(0.27),88.17(nan),88.43(nan),88.45(nan),88.49(nan),71.71(0.94),88.48(0.27),71.67(1.49),88.60(nan),88.60(nan),88.42(0.24),88.63(nan),88.52(0.25),72.18(nan),70.07(nan),88.51(nan),55.74(0.73),51.63(9.76),86.32(0.25),42.80(8.63),80.11(nan),86.77(0.08),63.10(nan),84.92(0.00),46.17(nan),86.92(0.07),63.56(nan),86.86(0.12),64.28(nan),64.16(nan),88.48(nan),88.42(nan),88.48(nan),72.77(nan),88.41(nan),87.99(nan),88.06(nan),88.31(nan),88.54(nan),87.90(0.15),87.89(0.16),88.45(0.30),88.49(0.33),88.02(0.20),84.45(0.68),57.16(1.05),44.61(nan),42.07(nan),49.49,37.05(0.16),64.12(0.10),
spambase,Bal. Accuracy,75.27(nan),84.79(nan),82.89(nan),77.97(nan),84.81(nan),84.49(nan),84.90(nan),84.90(nan),84.36(nan),84.56(nan),84.48(0.09),84.41(0.34),74.02(nan),84.58(nan),84.39(nan),72.48(nan),84.34(nan),84.83(nan),84.83(nan),84.63(0.23),84.59(0.32),84.61(0.23),84.67(0.23),84.67(0.18),84.61(0.17),84.58(0.24),84.41(nan),84.65(0.20),84.38(nan),84.65(nan),84.55(nan),84.34(nan),73.94(1.09),84.47(0.10),74.23(1.15),84.83(nan),84.78(nan),84.44(0.11),84.71(nan),84.61(0.20),71.39(nan),67.76(nan),84.58(nan),58.55(0.55),53.17(4.68),82.63(0.19),52.41(5.24),79.62(nan),83.12(0.20),64.43(nan),80.38(0.00),54.93(nan),83.16(0.24),68.04(nan),82.64(0.24),66.64(nan),67.92(nan),84.69(nan),84.73(nan),84.73(nan),73.65(nan),85.00(nan),84.30(nan),84.29(nan),84.34(nan),84.94(nan),84.53(0.16),84.56(0.16),84.80(0.33),85.13(0.22),84.51(0.32),79.02(0.70),60.80(0.76),51.29(nan),53.85(nan),61.54,49.73(0.11),67.18(0.18),
spambase,Time,3.02(nan),3.26(nan),3.44(nan),16.84(nan),50.65(nan),60.37(nan),62.12(nan),57.51(nan),33.41(nan),69.20(nan),5.27(0.02),32.26(0.49),12.99(nan),12.78(nan),8.41(nan),16.02(nan),16.28(nan),64.28(nan),65.44(nan),10.08(0.04),10.34(0.10),9.26(0.06),14.16(0.17),21.44(0.41),7.43(0.03),8.32(0.23),30.11(nan),4.39(0.06),16.64(nan),58.68(nan),65.04(nan),31.88(nan),48.10(2.49),25.91(0.29),21.58(1.06),38.70(nan),44.48(nan),22.49(0.21),33.76(nan),22.48(0.20),14.72(nan),12.59(nan),11.73(nan),49.26(0.55),47.74(0.08),25.89(2.10),24.72(0.31),22.97(nan),74.67(21.15),98.00(nan),200.63(0.13),46.76(nan),51.94(0.01),52.23(nan),351.16(1.18),186.08(nan),51.51(nan),19.88(nan),17.23(nan),16.84(nan),3.83(nan),3.95(nan),6.43(nan),8.23(nan),11.18(nan),17.10(nan),43.14(1.37),37.66(1.55),60.64(4.99),40.99(2.21),74.52(9.10),119.02(0.15),18.44(1.54),16.57(nan),1.24(nan),0.25,13.29(0.09),49.71(1.13),
susy,Num. Errors,,,,,,,,,,,298816.67(74.81),304414.67(361.89),,,,,,,,,,,,,,,,304737.00(10.15),,,,,302542.00(233.64),298586.67(126.16),302411.33(195.00),,,298599.67(70.00),,298781.33(101.89),,,,301977.00(611.47),,298592.33(50.06),297780.33(268.79),,319179.67(87.90),,344739.00(0.00),,,,316927.00(415.75),,,,,,,,,,,,,,,,,298130.67(565.06),301113.33(1434.50),,472973.00(0.00),484183.0,509109.00(305.08),,297569.67(120.67)
susy,Accuracy,,,,,,,,,,,70.12(0.01),69.56(0.04),,,,,,,,,,,,,,,,69.53(0.00),,,,,69.75(0.02),70.14(0.01),69.76(0.02),,,70.14(0.01),,70.12(0.01),,,,69.80(0.06),,70.14(0.01),70.22(0.03),,68.08(0.01),,65.53(0.00),,,,68.31(0.04),,,,,,,,,,,,,,,,,70.19(0.06),69.89(0.14),,52.70(0.00),51.58,49.09(0.03),,70.24(0.01)
susy,AUROC,,,,,,,,,,,76.82(0.01),76.24(0.00),,,,,,,,,,,,,,,,76.24(0.02),,,,,76.19(0.02),76.80(0.02),76.19(0.02),,,76.79(0.01),,76.74(0.00),,,,76.38(0.06),,76.69(0.02),76.99(0.02),,74.33(0.00),,71.52(0.00),,,,74.60(0.04),,,,,,,,,,,,,,,,,77.02(0.07),76.44(0.16),,46.41(0.00),61.91,49.14(0.02),,76.89(0.02)
susy,AUPRC,,,,,,,,,,,76.29(0.00),75.75(0.01),,,,,,,,,,,,,,,,75.75(0.01),,,,,75.67(0.03),76.27(0.02),75.69(0.02),,,76.26(0.01),,76.20(0.01),,,,75.90(0.07),,76.15(0.02),76.47(0.02),,73.40(0.00),,70.09(0.00),,,,73.68(0.03),,,,,,,,,,,,,,,,,76.45(0.09),75.35(0.16),,53.28(0.00),62.68,44.94(0.01),,76.32(0.02)
susy,Bal. Accuracy,,,,,,,,,,,69.13(0.01),68.49(0.04),,,,,,,,,,,,,,,,68.39(0.01),,,,,68.69(0.03),69.14(0.01),68.70(0.03),,,69.14(0.02),,69.08(0.02),,,,68.71(0.08),,69.08(0.01),69.17(0.02),,66.85(0.01),,63.86(0.00),,,,67.42(0.02),,,,,,,,,,,,,,,,,69.26(0.05),68.78(0.15),,53.59(0.00),53.21,48.48(0.03),,69.28(0.02)
susy,Time,,,,,,,,,,,1317.53(10.31),4753.52(12.87),,,,,,,,,,,,,,,,1014.61(2.75),,,,,15598.79(199.89),7943.75(121.84),4208.14(258.88),,,4737.79(36.34),,4964.84(23.37),,,,11773.33(442.54),,4253.75(121.98),7296.02(6.90),,3635.74(8.99),,7998.24(962.30),,,,13944.10(205.60),,,,,,,,,,,,,,,,,26519.37(2631.41),3401.53(52.13),,52.71(0.16),40.4,11533.87(35.13),,7258.34(37.12)
svmguide3,Num. Errors,296.00(nan),291.00(nan),292.00(nan),296.00(nan),281.00(nan),287.00(nan),277.00(nan),277.00(nan),276.00(nan),281.00(nan),279.80(2.49),279.40(5.03),298.00(nan),276.00(nan),276.00(nan),297.00(nan),280.00(nan),280.00(nan),280.00(nan),281.20(1.92),281.80(2.59),281.20(1.92),285.20(2.49),284.60(3.85),285.60(3.78),284.80(2.68),276.00(nan),279.80(2.49),273.00(nan),275.00(nan),277.00(nan),276.00(nan),293.00(2.92),276.80(3.42),292.40(1.67),283.00(nan),283.00(nan),277.40(3.85),274.00(nan),277.20(3.42),305.00(nan),295.00(nan),273.00(nan),309.80(18.98),309.00(16.96),286.20(0.84),297.20(1.92),281.00(nan),276.60(4.10),293.00(nan),278.00(0.00),296.00(nan),276.80(2.59),296.00(nan),283.80(4.15),300.00(nan),344.00(nan),281.00(nan),279.00(nan),280.00(nan),298.00(nan),282.00(nan),283.00(nan),284.00(nan),283.00(nan),279.00(nan),283.00(2.55),283.00(2.55),282.60(5.73),278.40(1.67),284.40(4.72),302.00(1.73),321.00(22.84),327.00(nan),354.00(0.00),335.0,307.60(4.39),294.40(1.52),
svmguide3,Accuracy,76.19(nan),76.59(nan),76.51(nan),76.19(nan),77.39(nan),76.91(nan),77.72(nan),77.72(nan),77.80(nan),77.39(nan),77.49(0.20),77.52(0.40),76.03(nan),77.80(nan),77.80(nan),76.11(nan),77.47(nan),77.47(nan),77.47(nan),77.38(0.15),77.33(0.21),77.38(0.15),77.06(0.20),77.10(0.31),77.02(0.30),77.09(0.22),77.80(nan),77.49(0.20),78.04(nan),77.88(nan),77.72(nan),77.80(nan),76.43(0.23),77.73(0.28),76.48(0.13),77.23(nan),77.23(nan),77.68(0.31),77.96(nan),77.70(0.28),75.46(nan),76.27(nan),78.04(nan),75.08(1.53),75.14(1.36),76.98(0.07),76.09(0.15),77.39(nan),77.75(0.33),76.43(nan),77.63(0.00),76.19(nan),77.73(0.21),76.19(nan),77.17(0.33),75.86(nan),72.33(nan),77.39(nan),77.55(nan),77.47(nan),76.03(nan),77.31(nan),77.23(nan),77.15(nan),77.23(nan),77.55(nan),77.23(0.21),77.23(0.21),77.26(0.46),77.60(0.13),77.12(0.38),75.70(0.14),74.18(1.84),73.69(nan),71.52(0.00),73.05,75.23(0.35),76.32(0.12),
svmguide3,AUROC,57.04(nan),64.68(nan),62.74(nan),61.16(nan),66.40(nan),65.93(nan),66.89(nan),66.89(nan),66.77(nan),66.43(nan),65.79(0.78),65.67(1.03),57.80(nan),65.62(nan),65.83(nan),57.69(nan),65.50(nan),66.83(nan),66.83(nan),65.87(1.53),65.73(1.63),65.89(1.52),65.35(1.70),65.60(1.61),65.47(1.59),65.57(1.65),66.56(nan),66.14(1.42),65.80(nan),66.99(nan),66.68(nan),66.62(nan),57.27(0.65),65.89(0.84),57.27(0.66),66.26(nan),65.78(nan),65.97(0.83),66.80(nan),65.99(0.90),54.48(nan),55.67(nan),65.40(nan),47.88(0.48),48.42(1.98),64.22(0.77),55.72(0.46),65.75(nan),64.87(0.34),55.53(nan),66.89(0.00),52.19(nan),65.43(0.31),55.65(nan),65.21(0.21),54.91(nan),55.32(nan),65.81(nan),65.89(nan),65.83(nan),57.80(nan),66.98(nan),66.70(nan),66.74(nan),66.43(nan),65.90(nan),65.78(0.90),65.78(0.90),65.75(1.26),66.23(1.39),65.19(1.52),61.58(0.74),48.84(0.74),48.64(nan),47.77(0.00),50.28,46.16(0.24),60.58(0.54),
svmguide3,AUPRC,80.05(nan),83.28(nan),83.31(nan),81.93(nan),84.50(nan),84.34(nan),84.73(nan),84.73(nan),84.59(nan),84.60(nan),83.98(0.59),83.93(0.63),79.89(nan),84.09(nan),84.12(nan),79.77(nan),84.09(nan),84.70(nan),84.70(nan),83.92(0.87),83.84(0.97),83.93(0.85),83.59(1.06),83.72(1.03),83.50(1.07),83.72(1.00),84.55(nan),84.14(0.85),84.27(nan),84.77(nan),84.55(nan),84.62(nan),79.27(0.44),84.02(0.63),79.29(0.48),84.49(nan),84.25(nan),84.07(0.59),84.62(nan),83.96(0.65),78.45(nan),78.90(nan),83.73(nan),74.28(0.46),74.96(1.64),82.71(0.36),78.23(0.29),83.07(nan),82.61(0.08),78.12(nan),85.67(0.00),77.18(nan),82.88(0.07),78.19(nan),82.97(0.12),77.78(nan),77.17(nan),83.73(nan),83.82(nan),83.82(nan),80.05(nan),84.60(nan),84.41(nan),84.40(nan),84.25(nan),84.17(nan),83.93(0.46),83.93(0.46),83.92(0.57),84.06(0.67),83.58(0.84),81.48(0.67),75.09(0.77),74.66(nan),74.15(0.00),75.74,74.69(0.27),81.93(0.52),
svmguide3,Bal. Accuracy,50.12(nan),52.12(nan),52.88(nan),52.90(nan),56.83(nan),55.58(nan),58.55(nan),58.55(nan),57.09(nan),57.64(nan),55.15(0.72),55.22(0.97),51.29(nan),56.17(nan),56.40(nan),51.57(nan),55.84(nan),57.58(nan),57.58(nan),54.85(0.64),54.88(0.77),54.89(0.69),54.45(0.70),54.57(0.81),54.80(0.71),54.59(0.59),56.75(nan),55.04(0.73),57.60(nan),57.15(nan),57.16(nan),56.75(nan),51.23(0.36),55.82(1.01),51.33(0.54),56.14(nan),55.56(nan),55.74(1.10),57.43(nan),55.89(1.23),49.87(nan),50.29(nan),55.86(nan),50.32(0.44),50.13(0.25),54.12(0.17),50.12(0.20),55.44(nan),57.34(0.52),52.02(nan),54.43(0.00),50.00(nan),57.01(0.30),51.51(nan),55.87(0.34),50.95(nan),54.08(nan),54.62(nan),54.85(nan),54.68(nan),50.94(nan),55.62(nan),55.22(nan),55.05(nan),55.10(nan),54.96(nan),55.15(0.50),55.15(0.50),55.03(1.05),57.66(0.90),55.00(1.20),51.08(0.66),50.61(0.45),49.76(nan),52.28(0.00),53.51,49.71(0.24),51.15(0.12),
svmguide3,Time,0.68(nan),0.73(nan),0.90(nan),4.30(nan),10.09(nan),11.93(nan),13.62(nan),12.00(nan),6.27(nan),15.26(nan),1.33(0.01),5.87(0.15),3.32(nan),3.31(nan),1.97(nan),4.13(nan),4.21(nan),14.05(nan),14.30(nan),2.36(0.05),2.56(0.05),2.35(0.01),3.58(0.07),5.19(0.06),1.88(0.01),2.05(0.02),5.95(nan),1.09(0.02),4.28(nan),7.05(nan),10.79(nan),5.95(nan),6.37(0.11),5.12(0.04),5.43(0.29),9.53(nan),11.35(nan),5.66(0.25),11.10(nan),5.56(0.24),3.16(nan),3.01(nan),2.94(nan),14.01(0.50),12.79(0.05),6.45(0.18),6.11(0.16),6.10(nan),8.58(1.98),12.82(nan),22.78(0.03),5.84(nan),7.20(0.04),7.29(nan),46.61(0.28),24.88(nan),3.55(nan),5.10(nan),4.40(nan),4.36(nan),0.97(nan),1.02(nan),1.64(nan),2.13(nan),2.91(nan),3.74(nan),5.57(0.09),5.57(0.09),9.13(1.39),6.54(0.17),15.24(0.65),31.40(0.37),3.36(0.08),3.77(nan),0.14(0.00),0.12,3.21(0.03),4.60(0.08),
wbc,Num. Errors,147.00(nan),71.00(nan),66.00(nan),105.00(nan),48.00(nan),48.00(nan),50.00(nan),50.00(nan),47.00(nan),48.00(nan),44.80(2.49),44.00(3.54),113.00(nan),46.00(nan),48.00(nan),111.00(nan),48.00(nan),51.00(nan),51.00(nan),47.00(4.00),46.20(3.49),47.20(4.09),45.80(3.03),45.80(3.56),47.00(2.92),45.60(3.36),47.00(nan),46.80(2.86),53.00(nan),48.00(nan),48.00(nan),47.00(nan),100.60(19.24),43.80(2.17),100.60(19.24),48.00(nan),48.00(nan),43.80(1.79),49.00(nan),44.20(2.77),79.00(nan),93.00(nan),45.00(nan),149.20(47.86),186.80(33.18),54.80(3.42),60.00(2.83),50.00(nan),47.80(1.48),118.00(nan),59.00(0.00),106.00(nan),47.20(2.17),117.00(nan),46.60(0.89),83.00(nan),60.00(nan),46.00(nan),46.00(nan),46.00(nan),112.00(nan),43.00(nan),47.00(nan),47.00(nan),45.00(nan),54.00(nan),41.60(2.97),41.60(2.97),42.80(1.30),41.00(3.81),45.20(1.30),54.40(3.78),104.80(5.67),81.00(nan),299.00(0.00),301.0,517.80(13.46),85.00(0.00),
wbc,Accuracy,78.97(nan),89.84(nan),90.56(nan),84.98(nan),93.13(nan),93.13(nan),92.85(nan),92.85(nan),93.28(nan),93.13(nan),93.59(0.36),93.71(0.51),83.83(nan),93.42(nan),93.13(nan),84.12(nan),93.13(nan),92.70(nan),92.70(nan),93.28(0.57),93.39(0.50),93.25(0.58),93.45(0.43),93.45(0.51),93.28(0.42),93.48(0.48),93.28(nan),93.30(0.41),92.42(nan),93.13(nan),93.13(nan),93.28(nan),85.61(2.75),93.73(0.31),85.61(2.75),93.13(nan),93.13(nan),93.73(0.26),92.99(nan),93.68(0.40),88.70(nan),86.70(nan),93.56(nan),78.66(6.85),73.28(4.75),92.16(0.49),91.42(0.40),92.85(nan),93.16(0.21),83.12(nan),91.56(0.00),84.84(nan),93.25(0.31),83.26(nan),93.33(0.13),88.13(nan),91.42(nan),93.42(nan),93.42(nan),93.42(nan),83.98(nan),93.85(nan),93.28(nan),93.28(nan),93.56(nan),92.27(nan),94.05(0.42),94.05(0.42),93.88(0.19),94.13(0.54),93.53(0.19),92.22(0.54),85.01(0.81),88.41(nan),57.22(0.00),56.94,25.82(1.93),87.84(0.00),
wbc,AUROC,85.62(nan),96.06(nan),96.84(nan),92.26(nan),97.66(nan),97.67(nan),97.49(nan),97.49(nan),97.71(nan),97.46(nan),97.51(0.17),97.64(0.12),90.58(nan),97.42(nan),97.44(nan),90.80(nan),97.45(nan),97.44(nan),97.44(nan),97.43(0.14),97.44(0.13),97.42(0.14),97.46(0.14),97.46(0.12),97.51(0.11),97.46(0.12),97.60(nan),97.45(0.14),97.11(nan),97.65(nan),97.69(nan),97.60(nan),90.74(0.98),97.60(0.16),90.77(1.00),97.61(nan),97.59(nan),97.60(0.15),97.72(nan),97.68(0.17),94.47(nan),91.92(nan),97.55(nan),77.28(10.61),76.90(9.99),97.01(0.23),95.76(0.26),97.72(nan),97.81(0.11),85.09(nan),97.42(0.00),85.98(nan),97.86(0.10),85.35(nan),97.77(0.05),91.22(nan),97.16(nan),97.36(nan),97.43(nan),97.43(nan),89.00(nan),97.48(nan),97.50(nan),97.50(nan),97.51(nan),96.67(nan),97.83(0.07),97.83(0.07),97.79(0.07),97.81(0.07),97.54(0.15),97.39(0.08),89.31(1.53),94.41(nan),49.32(0.00),76.7,38.69(1.95),93.80(0.00),
wbc,AUPRC,84.32(nan),93.56(nan),94.80(nan),89.54(nan),95.82(nan),95.84(nan),95.63(nan),95.63(nan),95.86(nan),95.56(nan),95.36(0.31),95.63(0.27),88.47(nan),95.36(nan),95.35(nan),88.55(nan),95.45(nan),95.59(nan),95.59(nan),95.34(0.21),95.39(0.17),95.31(0.19),95.42(0.19),95.42(0.16),95.51(0.15),95.41(0.15),95.65(nan),95.40(0.20),95.02(nan),95.76(nan),95.86(nan),95.67(nan),88.92(1.17),95.55(0.34),88.92(1.17),95.73(nan),95.72(nan),95.58(0.30),95.89(nan),95.67(0.33),92.09(nan),89.43(nan),95.30(nan),75.27(10.95),65.06(15.94),94.86(0.27),93.84(0.28),96.10(nan),95.56(0.18),84.18(nan),95.64(0.00),84.86(nan),95.62(0.18),84.49(nan),95.41(0.14),88.56(nan),95.51(nan),95.11(nan),95.29(nan),95.30(nan),86.76(nan),95.56(nan),95.37(nan),95.38(nan),95.40(nan),94.63(nan),95.80(0.27),95.80(0.27),95.77(0.31),95.81(0.32),95.47(0.32),95.06(0.14),85.96(1.74),91.25(nan),57.37(0.00),69.87,27.93(0.82),90.58(0.00),
wbc,Bal. Accuracy,79.33(nan),88.02(nan),87.29(nan),84.11(nan),92.60(nan),92.60(nan),92.18(nan),92.18(nan),92.71(nan),92.60(nan),92.51(0.51),92.72(0.40),83.44(nan),93.11(nan),92.79(nan),83.85(nan),92.79(nan),92.07(nan),92.07(nan),91.94(0.74),92.14(0.62),91.90(0.79),92.21(0.53),92.21(0.67),91.80(0.60),92.27(0.58),92.90(nan),92.08(0.43),91.76(nan),92.70(nan),92.70(nan),92.90(nan),84.57(2.23),92.72(0.44),84.55(2.24),92.70(nan),92.60(nan),92.72(0.50),92.49(nan),92.64(0.34),86.95(nan),84.44(nan),92.14(nan),75.61(4.17),63.29(7.23),90.38(0.44),89.69(0.59),91.10(nan),91.66(0.33),80.63(nan),88.94(0.00),81.45(nan),91.78(0.44),80.74(nan),91.87(0.19),85.63(nan),89.62(nan),91.83(nan),91.93(nan),91.93(nan),82.76(nan),92.46(nan),91.92(nan),91.92(nan),92.33(nan),89.98(nan),93.18(0.41),93.18(0.41),92.93(0.15),93.38(0.49),92.67(0.32),90.37(0.79),82.27(1.69),84.28(nan),50.65(0.00),55.05,31.82(2.22),86.20(0.00),
wbc,Time,0.38(nan),0.41(nan),0.43(nan),2.30(nan),5.06(nan),5.95(nan),6.54(nan),6.21(nan),2.92(nan),7.91(nan),0.71(0.01),3.05(0.03),1.79(nan),1.84(nan),1.04(nan),2.25(nan),2.21(nan),7.46(nan),7.47(nan),1.32(0.04),1.40(0.01),1.31(0.01),1.98(0.04),2.93(0.02),1.04(0.00),1.14(0.01),2.88(nan),0.60(0.01),2.39(nan),3.13(nan),5.31(nan),2.89(nan),3.06(0.06),2.49(0.04),2.59(0.01),5.13(nan),5.58(nan),2.91(0.01),4.96(nan),2.94(0.03),1.66(nan),1.47(nan),1.52(nan),8.01(0.19),7.21(0.03),2.92(0.02),3.36(0.02),3.46(nan),2.60(0.01),4.53(nan),6.93(0.02),2.00(nan),2.72(0.01),2.71(nan),15.88(0.10),8.84(nan),1.04(nan),2.66(nan),2.24(nan),2.20(nan),0.54(nan),0.57(nan),0.89(nan),1.16(nan),1.61(nan),1.82(nan),3.71(0.15),3.71(0.15),4.15(0.25),3.12(0.03),8.64(1.12),16.85(0.13),1.89(0.01),2.11(nan),0.04(0.00),0.05,0.15(0.00),2.60(0.06),
wdbc,Num. Errors,255.00(nan),64.00(nan),70.00(nan),196.00(nan),71.00(nan),85.00(nan),71.00(nan),71.00(nan),71.00(nan),76.00(nan),61.80(8.14),64.00(10.30),233.00(nan),69.00(nan),66.00(nan),215.00(nan),80.00(nan),77.00(nan),77.00(nan),65.60(7.13),66.40(7.64),66.00(6.67),65.60(8.32),66.20(7.36),68.60(8.29),66.20(7.73),73.00(nan),63.80(8.93),73.00(nan),70.00(nan),73.00(nan),72.00(nan),240.60(12.84),63.20(10.45),245.40(16.94),74.00(nan),78.00(nan),63.80(9.88),69.00(nan),62.40(8.79),205.00(nan),256.00(nan),70.00(nan),209.20(9.58),201.60(7.27),71.00(2.92),214.60(1.95),54.00(nan),42.00(2.35),241.00(nan),44.00(0.00),226.00(nan),41.40(2.41),238.00(nan),42.60(1.14),189.00(nan),93.00(nan),68.00(nan),65.00(nan),65.00(nan),248.00(nan),59.00(nan),64.00(nan),66.00(nan),68.00(nan),64.00(nan),70.20(7.89),70.20(7.89),66.60(10.38),66.00(10.05),62.00(9.75),88.60(4.56),215.40(9.34),212.00(nan),229.00(nan),222.0,312.80(6.06),87.20(3.27),
wdbc,Accuracy,55.18(nan),88.75(nan),87.70(nan),65.55(nan),87.52(nan),85.06(nan),87.52(nan),87.52(nan),87.52(nan),86.64(nan),89.14(1.43),88.75(1.81),59.05(nan),87.87(nan),88.40(nan),62.21(nan),85.94(nan),86.47(nan),86.47(nan),88.47(1.25),88.33(1.34),88.40(1.17),88.47(1.46),88.37(1.29),87.94(1.46),88.37(1.36),87.17(nan),88.79(1.57),87.17(nan),87.70(nan),87.17(nan),87.35(nan),57.72(2.26),88.89(1.84),56.87(2.98),86.99(nan),86.29(nan),88.79(1.74),87.87(nan),89.03(1.55),63.97(nan),55.01(nan),87.70(nan),63.23(1.68),64.57(1.28),87.52(0.51),62.28(0.34),90.51(nan),92.62(0.41),57.64(nan),92.27(0.00),60.28(nan),92.72(0.42),58.17(nan),92.51(0.20),66.78(nan),83.66(nan),88.05(nan),88.58(nan),88.58(nan),56.41(nan),89.63(nan),88.75(nan),88.40(nan),88.05(nan),88.75(nan),87.66(1.39),87.66(1.39),88.30(1.82),88.40(1.77),89.10(1.71),84.43(0.80),62.14(1.64),62.74(nan),59.75(nan),60.98,44.93(1.07),84.67(0.57),
wdbc,AUROC,57.76(nan),94.23(nan),93.92(nan),68.13(nan),94.95(nan),94.30(nan),94.60(nan),94.60(nan),95.12(nan),94.29(nan),95.10(0.56),95.02(0.90),60.31(nan),95.05(nan),95.21(nan),63.27(nan),93.83(nan),94.10(nan),94.10(nan),94.49(1.36),94.51(1.38),94.48(1.35),94.63(1.33),94.52(1.38),94.38(1.25),94.51(1.37),95.04(nan),94.66(1.31),94.68(nan),95.26(nan),95.40(nan),95.06(nan),59.21(3.09),95.11(0.78),59.24(3.12),94.93(nan),94.82(nan),95.10(0.77),95.41(nan),95.28(0.75),65.89(nan),58.66(nan),94.98(nan),55.74(4.40),67.77(5.30),94.27(0.48),50.54(0.65),94.70(nan),97.63(0.11),56.83(nan),97.33(0.00),72.30(nan),97.66(0.11),56.54(nan),97.57(0.10),61.65(nan),92.06(nan),93.50(nan),93.52(nan),93.39(nan),60.21(nan),94.78(nan),94.59(nan),94.65(nan),94.40(nan),95.59(nan),94.59(0.67),94.59(0.67),94.55(0.63),94.70(0.60),94.62(0.66),92.68(0.40),49.30(2.05),50.34(nan),48.49(nan),68.86,37.63(1.13),92.68(0.18),
wdbc,AUPRC,55.21(nan),92.31(nan),91.52(nan),63.39(nan),93.37(nan),92.69(nan),92.84(nan),92.84(nan),93.43(nan),92.61(nan),93.36(0.60),93.54(0.70),57.10(nan),93.36(nan),93.50(nan),53.95(nan),91.89(nan),92.29(nan),92.29(nan),92.81(1.38),92.87(1.37),92.79(1.37),92.94(1.38),92.87(1.34),92.68(1.23),92.87(1.36),93.21(nan),93.00(1.34),92.95(nan),93.52(nan),93.68(nan),93.26(nan),56.73(2.92),93.60(0.53),56.85(2.58),93.23(nan),93.09(nan),93.59(0.54),93.69(nan),93.82(0.50),61.07(nan),53.87(nan),93.45(nan),47.19(3.01),56.03(5.22),92.61(0.43),41.68(4.64),91.30(nan),96.82(0.11),49.64(nan),96.27(0.00),70.50(nan),96.86(0.11),50.93(nan),96.72(0.10),54.09(nan),88.31(nan),91.52(nan),91.54(nan),91.43(nan),57.14(nan),92.71(nan),92.67(nan),92.74(nan),92.45(nan),93.76(nan),92.79(0.60),92.79(0.60),92.60(0.54),92.84(0.57),93.12(0.70),89.50(0.53),37.47(1.94),36.72(nan),62.14(nan),61.23,31.52(0.57),86.70(0.42),
wdbc,Bal. Accuracy,55.09(nan),88.16(nan),85.50(nan),64.69(nan),87.95(nan),85.60(nan),87.18(nan),87.18(nan),87.95(nan),86.48(nan),88.43(0.85),87.91(1.42),59.42(nan),87.94(nan),88.46(nan),62.22(nan),86.11(nan),86.05(nan),86.05(nan),86.25(1.59),86.01(1.68),86.18(1.51),86.21(1.88),86.03(1.60),85.35(1.99),86.03(1.69),87.67(nan),86.64(2.04),86.52(nan),88.09(nan),87.57(nan),87.81(nan),57.95(2.47),88.01(1.29),57.28(3.09),87.24(nan),86.68(nan),87.88(1.26),88.23(nan),88.14(1.08),63.05(nan),54.37(nan),86.46(nan),59.55(1.41),58.10(2.29),85.88(0.89),50.21(0.56),89.37(nan),92.13(0.44),56.95(nan),91.54(0.00),63.27(nan),92.21(0.48),57.47(nan),91.95(0.19),64.43(nan),81.90(nan),86.64(nan),87.35(nan),87.26(nan),56.26(nan),87.71(nan),86.92(nan),86.35(nan),85.97(nan),87.11(nan),86.74(0.79),86.74(0.79),87.43(1.43),87.75(1.24),88.63(1.37),80.98(1.28),50.41(1.66),50.10(nan),51.55(nan),53.48,41.32(1.21),83.30(0.75),
wdbc,Time,0.32(nan),0.34(nan),0.42(nan),1.87(nan),4.32(nan),5.06(nan),5.48(nan),5.21(nan),2.61(nan),6.79(nan),0.61(0.00),2.67(0.04),1.49(nan),1.52(nan),0.93(nan),1.86(nan),1.87(nan),6.16(nan),6.23(nan),1.03(0.01),1.26(0.02),1.10(0.01),1.72(0.04),2.44(0.03),0.87(0.00),0.96(0.01),2.53(nan),0.45(0.00),1.96(nan),3.21(nan),4.29(nan),2.58(nan),2.88(0.06),2.22(0.04),2.33(0.03),4.44(nan),4.80(nan),2.55(0.01),4.46(nan),2.57(0.03),1.53(nan),1.37(nan),1.40(nan),6.02(0.02),5.83(0.03),2.72(0.18),2.97(0.02),2.84(nan),3.94(0.00),6.88(nan),13.88(0.03),3.45(nan),4.04(0.01),4.09(nan),25.89(0.05),14.03(nan),2.29(nan),2.39(nan),2.03(nan),2.06(nan),0.44(nan),0.47(nan),0.76(nan),0.96(nan),1.34(nan),1.48(nan),2.43(0.07),2.58(0.04),4.09(0.49),2.71(0.02),7.09(0.23),15.65(0.02),2.53(0.13),1.96(nan),0.09(nan),0.02,0.86(0.03),2.28(0.11),
weather,Num. Errors,6412.00(nan),5023.00(nan),5003.00(nan),6071.00(nan),5057.00(nan),5048.00(nan),5166.00(nan),5166.00(nan),5071.00(nan),5173.00(nan),5032.60(30.79),5034.40(28.11),5923.00(nan),5030.00(nan),5076.00(nan),5762.00(nan),4976.00(nan),5129.00(nan),5129.00(nan),5028.00(18.61),5032.20(28.08),5034.00(15.49),5038.00(13.53),5020.20(14.31),5015.00(33.15),5028.40(31.49),5052.00(nan),5041.60(18.17),5115.00(nan),5074.00(nan),5095.00(nan),5055.00(nan),5853.00(11.09),5020.60(30.93),5863.40(32.33),5063.00(nan),5038.00(nan),5021.60(46.80),5086.00(nan),5025.80(43.29),5795.00(nan),5935.00(nan),4972.00(nan),5705.40(14.83),5227.40(24.09),4969.40(14.01),5704.40(3.85),5057.00(nan),5282.80(12.70),6061.00(nan),6243.00(0.00),5862.00(nan),5313.40(19.42),6023.00(nan),5287.20(25.20),6003.00(nan),5588.00(nan),4985.00(nan),4949.00(nan),4986.00(nan),5844.00(nan),5062.00(nan),4975.00(nan),4953.00(nan),4970.00(nan),5030.00(nan),5023.80(28.34),5023.80(28.34),5040.60(14.40),5120.20(28.04),5051.20(16.15),5186.20(62.40),5708.40(12.95),5391.00(nan),6156.00(0.00),6762.0,5710.60(2.30),5537.00(50.34),4892.00(18.12)
weather,Accuracy,64.69(nan),72.34(nan),72.45(nan),66.57(nan),72.15(nan),72.20(nan),71.55(nan),71.55(nan),72.07(nan),71.51(nan),72.29(0.17),72.28(0.15),67.38(nan),72.30(nan),72.05(nan),68.27(nan),72.60(nan),71.76(nan),71.76(nan),72.31(0.10),72.29(0.15),72.28(0.09),72.26(0.07),72.35(0.08),72.38(0.18),72.31(0.17),72.18(nan),72.24(0.10),71.83(nan),72.06(nan),71.94(nan),72.16(nan),67.77(0.06),72.35(0.17),67.71(0.18),72.12(nan),72.26(nan),72.35(0.26),71.99(nan),72.32(0.24),68.09(nan),67.32(nan),72.62(nan),68.58(0.08),71.21(0.13),72.63(0.08),68.59(0.02),72.15(nan),70.91(0.07),66.62(nan),65.62(0.00),67.72(nan),70.74(0.11),66.83(nan),70.88(0.14),66.94(nan),69.23(nan),72.55(nan),72.75(nan),72.54(nan),67.82(nan),72.12(nan),72.60(nan),72.72(nan),72.63(nan),72.30(nan),72.33(0.16),72.33(0.16),72.24(0.08),71.80(0.15),72.18(0.09),71.44(0.34),68.56(0.07),70.31(nan),66.10(0.00),62.76,68.55(0.01),69.51(0.28),73.06(0.10)
weather,AUROC,57.23(nan),74.27(nan),74.66(nan),57.30(nan),74.31(nan),74.24(nan),73.98(nan),73.98(nan),74.14(nan),73.76(nan),74.38(0.10),74.25(0.08),56.19(nan),74.39(nan),74.28(nan),54.28(nan),74.50(nan),73.99(nan),73.99(nan),74.27(0.07),74.35(0.12),74.23(0.08),74.26(0.04),74.46(0.13),74.45(0.13),74.38(0.14),74.32(nan),74.14(0.09),74.04(nan),74.16(nan),74.21(nan),74.30(nan),55.65(0.30),74.43(0.06),55.55(0.62),74.50(nan),74.43(nan),74.44(0.08),74.17(nan),74.37(0.12),60.71(nan),58.28(nan),74.79(nan),55.28(0.91),71.83(0.57),74.83(0.15),50.00(0.01),74.14(nan),71.98(0.04),56.85(nan),61.21(0.00),57.96(nan),71.83(0.04),58.17(nan),71.99(0.09),60.10(nan),65.29(nan),74.83(nan),74.77(nan),74.79(nan),56.22(nan),74.17(nan),74.81(nan),74.90(nan),74.70(nan),74.47(nan),74.45(0.10),74.45(0.10),74.13(0.06),74.10(0.11),74.13(0.07),72.34(0.70),47.07(0.12),68.91(nan),45.70(0.00),46.84,46.22(0.10),66.25(0.55),75.53(0.12)
weather,AUPRC,37.01(nan),55.17(nan),55.92(nan),37.20(nan),54.95(nan),55.07(nan),54.93(nan),54.93(nan),54.66(nan),54.43(nan),55.25(0.20),55.02(0.25),35.75(nan),55.10(nan),55.00(nan),33.89(nan),55.50(nan),54.73(nan),54.73(nan),55.16(0.20),55.23(0.32),55.08(0.22),54.95(0.17),55.36(0.24),55.37(0.24),55.32(0.27),54.95(nan),54.86(0.17),55.05(nan),54.83(nan),54.75(nan),54.80(nan),35.46(0.17),55.39(0.30),35.39(0.57),55.23(nan),55.17(nan),55.39(0.33),54.76(nan),55.30(0.35),39.28(nan),37.66(nan),56.29(nan),35.36(0.85),52.36(0.50),56.17(0.25),32.00(2.29),55.07(nan),51.34(0.11),36.62(nan),38.21(0.00),37.14(nan),50.94(0.06),37.55(nan),51.57(0.21),38.95(nan),44.75(nan),56.19(nan),56.06(nan),56.10(nan),35.99(nan),54.68(nan),55.97(nan),56.13(nan),56.10(nan),55.62(nan),55.44(0.16),55.44(0.16),55.00(0.18),54.89(0.19),54.81(0.11),53.18(0.81),29.09(0.25),48.83(nan),56.82(0.00),29.09,28.21(0.05),46.45(0.71),57.23(0.23)
weather,Bal. Accuracy,54.46(nan),61.34(nan),61.62(nan),53.07(nan),61.80(nan),61.84(nan),62.66(nan),62.66(nan),61.36(nan),62.45(nan),61.40(0.27),61.41(0.40),51.15(nan),61.68(nan),61.26(nan),50.42(nan),62.41(nan),62.89(nan),62.89(nan),61.70(0.34),61.60(0.24),61.68(0.26),61.53(0.19),61.72(0.22),61.74(0.32),61.62(0.31),61.40(nan),61.44(0.22),62.80(nan),61.38(nan),61.23(nan),61.41(nan),51.17(0.16),61.53(0.18),51.08(0.25),61.43(nan),61.65(nan),61.52(0.35),61.20(nan),61.46(0.23),52.29(nan),51.96(nan),62.03(nan),50.10(0.07),57.08(0.43),62.10(0.08),50.00(0.01),61.07(nan),58.93(0.12),51.99(nan),53.09(0.00),50.77(nan),58.80(0.17),52.16(nan),59.37(0.20),53.33(nan),56.24(nan),61.98(nan),62.10(nan),61.86(nan),51.09(nan),61.31(nan),62.02(nan),62.15(nan),62.10(nan),61.37(nan),61.45(0.40),61.45(0.40),61.36(0.26),63.91(0.18),61.41(0.33),60.36(0.85),50.00(0.02),55.09(nan),54.30(0.00),56.19,49.98(0.01),56.53(0.16),63.47(0.27)
weather,Time,9.59(nan),10.47(nan),11.04(nan),67.25(nan),179.62(nan),218.12(nan),221.61(nan),207.75(nan),118.42(nan),258.36(nan),20.13(0.23),83.01(4.05),50.60(nan),50.75(nan),28.24(nan),63.39(nan),63.59(nan),239.95(nan),245.41(nan),36.55(0.40),38.43(1.81),34.64(0.22),53.85(0.45),41.31(0.57),27.99(0.19),35.34(0.42),126.18(nan),16.85(0.24),64.14(nan),226.19(nan),219.45(nan),122.78(nan),129.80(4.83),91.96(1.96),73.61(1.94),145.91(nan),161.06(nan),80.84(1.75),94.75(nan),81.27(2.26),48.07(nan),38.88(nan),39.79(nan),190.31(0.30),187.36(0.24),83.60(3.55),142.59(4.06),88.67(nan),100.56(8.50),111.50(nan),115.18(0.93),49.61(nan),67.64(0.53),67.74(nan),425.25(11.58),231.70(nan),25.70(nan),71.22(nan),59.71(nan),59.48(nan),14.84(nan),15.72(nan),24.64(nan),31.60(nan),43.76(nan),42.55(nan),98.65(2.03),98.65(2.03),112.82(1.00),130.86(4.00),379.74(121.92),421.77(4.50),48.61(0.60),53.34(nan),0.97(0.04),1.66,130.91(1.54),26.29(0.11),126.62(7.44)
wpbc,Num. Errors,61.00(nan),53.00(nan),49.00(nan),66.00(nan),,,,,,,,,65.00(nan),48.00(nan),49.00(nan),72.00(nan),48.00(nan),,,,,,,,,,,,47.00(nan),,,,,,,,,,,,66.00(nan),71.00(nan),51.00(nan),62.80(3.03),,,52.20(2.17),62.00(nan),54.40(1.14),70.00(nan),58.00(0.00),67.00(nan),53.60(1.52),75.00(nan),52.80(0.84),71.00(nan),57.00(nan),55.00(nan),56.00(nan),56.00(nan),63.00(nan),52.00(nan),49.00(nan),49.00(nan),49.00(nan),,,,,,,47.20(0.45),52.60(3.78),56.00(nan),,,,,
wpbc,Accuracy,69.19(nan),73.23(nan),75.25(nan),66.67(nan),,,,,,,,,67.17(nan),75.76(nan),75.25(nan),63.64(nan),75.76(nan),,,,,,,,,,,,76.26(nan),,,,,,,,,,,,66.67(nan),64.14(nan),74.24(nan),68.28(1.53),,,73.64(1.09),68.69(nan),72.53(0.58),64.65(nan),70.71(0.00),66.16(nan),72.93(0.77),62.12(nan),73.33(0.42),64.14(nan),71.21(nan),72.22(nan),71.72(nan),71.72(nan),68.18(nan),73.74(nan),75.25(nan),75.25(nan),75.25(nan),,,,,,,76.16(0.23),73.43(1.91),71.72(nan),,,,,
wpbc,AUROC,57.39(nan),52.54(nan),58.35(nan),54.31(nan),,,,,,,,,55.97(nan),55.93(nan),56.42(nan),57.32(nan),53.45(nan),,,,,,,,,,,,56.16(nan),,,,,,,,,,,,56.70(nan),58.55(nan),46.34(nan),46.79(4.42),,,50.01(0.81),58.57(nan),55.88(1.55),53.88(nan),54.95(0.00),60.77(nan),56.02(1.39),52.63(nan),57.85(0.98),54.30(nan),46.67(nan),48.63(nan),48.37(nan),48.77(nan),52.63(nan),51.08(nan),54.36(nan),54.15(nan),56.93(nan),,,,,,,50.35(0.51),48.97(3.11),49.84(nan),,,,,
wpbc,AUPRC,31.07(nan),26.35(nan),32.71(nan),31.70(nan),,,,,,,,,32.76(nan),29.16(nan),29.08(nan),36.44(nan),27.69(nan),,,,,,,,,,,,29.16(nan),,,,,,,,,,,,29.02(nan),28.08(nan),21.75(nan),23.87(3.03),,,25.39(3.21),30.78(nan),28.29(1.32),28.59(nan),26.33(0.00),34.18(nan),28.38(1.00),27.62(nan),28.81(0.86),28.83(nan),22.85(nan),23.62(nan),23.56(nan),23.70(nan),25.74(nan),25.70(nan),29.80(nan),29.43(nan),31.04(nan),,,,,,,23.84(0.75),24.17(1.62),23.76(nan),,,,,
wpbc,Bal. Accuracy,57.82(nan),50.94(nan),51.54(nan),53.23(nan),,,,,,,,,54.30(nan),53.33(nan),51.54(nan),53.45(nan),54.07(nan),,,,,,,,,,,,54.40(nan),,,,,,,,,,,,56.16(nan),53.04(nan),50.14(nan),51.51(1.37),,,49.74(0.72),53.83(nan),53.26(0.77),50.44(nan),51.49(0.00),60.23(nan),53.82(1.15),49.52(nan),50.28(0.93),52.31(nan),51.08(nan),51.01(nan),49.95(nan),49.95(nan),52.76(nan),52.74(nan),50.80(nan),50.80(nan),51.54(nan),,,,,,,49.93(0.15),50.78(2.39),49.22(nan),,,,,
wpbc,Time,0.14(nan),0.15(nan),0.16(nan),0.67(nan),,,,,,,,,0.54(nan),0.54(nan),0.25(nan),0.67(nan),0.67(nan),,,,,,,,,,,,0.70(nan),,,,,,,,,,,,0.53(nan),0.49(nan),0.49(nan),2.11(0.11),,,0.99(0.03),1.01(nan),1.47(0.01),1.42(nan),5.23(0.02),1.30(nan),1.51(0.02),1.53(nan),9.57(0.03),5.31(nan),0.79(nan),0.84(nan),0.72(nan),0.72(nan),0.17(nan),0.18(nan),0.28(nan),0.35(nan),0.48(nan),,,,,,,5.20(0.11),0.64(0.02),0.78(nan),,,,,
